-3.236080602436118,-0.6820853297088891,-1.542165974607612,1.7076763865924123,-0.7404490727686712
0.7830976021253043,2.9683293070560532,1.0390882238838512,1.5238717828495958,0.8160445968004343
-1.0740402536486622,-0.6213063014244044,-0.16748212357037787,1.0247618376153156,-0.7293564186042146
-0.7920855254511494,-1.9045811672528778,0.9137157232151714,-0.8763561803855574,0.40677765892650536
3.9682124693590435,-1.462930759858144,-0.9935400093902901,-0.4370792487483741,0.5293452608955851
-2.9596232527168063,2.113094030570825,-0.8238775705212336,-0.6109433638723486,0.101205167552217
-0.7765089408794977,1.245207853097522,1.209807500564333,-0.24933316812087422,-0.3683812435415229
-2.422240558087318,-2.843130125195458,-0.9370597720363698,-0.060462751891394925,0.25211369606554523
-2.887937489290393,-1.6785417523978556,0.6404654936837965,0.6564606262253819,-1.4414861018813823
3.7875980883890414,-1.7664003464183915,0.875665476209856,-1.3152557615027234,-0.5577972967823183
4.722607668147176,-0.9099670907462708,0.3730146570442031,-1.1371253802299317,-0.9299993096084415
1.0896887063710405,1.5065194678379186,0.5622005495163653,0.630927430845292,0.1452960945360606
1.329900926553867,1.3660155458531202,0.41065686857550876,0.9436802961050448,-0.17583095420721373
1.5710928474707109,1.4009301103081258,0.4105504440492246,0.9729581185821219,-0.1851411944029251
-3.2537020557031657,-0.7249770829376605,0.27024492183671883,0.15678318311135833,-0.2316632562822306
-1.1039346718601049,-0.38281659222851777,1.19060853165894,0.10402093062824634,-0.7619483485543787
-1.2378081276963795,-0.8981378386757148,1.5129512003023011,-0.7160536635901207,0.09644933320696757
-1.3986214000268655,2.1005143325374998,0.6276368941159884,0.4220903099472233,0.36750546757000846
6.385577449001961,-2.2531712780818567,-4.418164506772775,1.3629893338502284,-0.5824967185073495
-2.001299823067763,-0.6895203756638569,1.3515783382149384,-0.47928368384205516,-0.18888774500343547
6.93325435497575,-2.9443086902633526,-5.5017850844175475,1.1822103571814153,0.2965707279304132
-2.1193316639507587,-1.3262971867180902,-0.020305565191050166,0.4649005976988991,-0.6610268199493089
2.1887466575918175,-1.6936424701813038,0.3243999232538221,-0.6499288883316746,-0.45640849530569605
1.9779225851597737,-0.9650568834412938,1.1018542054363172,-0.27207846780419576,-1.1194425235255074
-2.247736765805723,-1.1010052488016049,1.1278355896188617,-1.1178319404064325,1.4373201184151907
-2.690829978030352,-0.8353607715145038,-0.5764382387624402,0.16292503761038118,1.2559346519388435
1.2490554998637793,1.4281700081901172,0.9091385725327409,0.5217702843893589,0.10261530175780291
2.3559169606073715,5.2092497131151205,2.235542125112561,3.0134939277687907,2.3447787827935223
3.98483753877787,-0.7781736830264523,-0.1099951342428155,-0.3089868769685628,-0.7055542239203558
-2.27639230757316,-0.3642960740142421,-0.22746238477684114,0.7345036316352901,-0.14746720300044538
-0.590075261783366,-0.9149889438011186,0.9918177358321535,0.5195096929846215,-1.4695672367153927
-3.327548754465916,-0.7491919273990896,-1.5479355847208787,1.666313948009668,-0.49092443746588865
1.7354256848949154,-1.5662019356004093,0.42861798848543375,-1.5696728553926125,0.7929371309820409
5.4486192915778675,-0.848286030687567,-2.9194267561696194,0.9483270973755292,0.8101967432401166
-1.6750421112433642,3.398101369534283,-1.113092225698578,-4.30343097386671,-2.0835024877755672
4.344990131201519,0.7259952456524,-1.4522070711433692,0.7021925609349605,1.1923860245657774
3.342170740522201,-1.0854806593054447,0.30783029107961085,-0.28721842549640225,-0.6878667817238586
-2.0513335119881284,1.5058261604443919,-0.21720222207131248,0.3046224306785038,0.09202947473141196
-3.636261522237831,-2.015701978524983,-0.4337705926099897,-0.9523595288845166,2.592246556059822
-2.305264718270576,-1.0852037326876984,0.7567061640290235,-0.7586784740408195,1.1365722062847003
-2.111259727901365,-0.9244609260168937,0.3043134498914479,0.16632817649944076,-0.11870446410942809
-2.489726008874275,-1.707306806014286,-0.9369955327404899,0.9558950026580773,-0.46167821349092786
-0.1559373908787895,-1.4802961294765988,0.648249687578496,-0.07946209071164194,-0.7636028231983365
0.5381116688392472,-1.653433706618245,1.6464858983764732,-0.4407976653425169,-1.469083468360627
-3.1767242121793506,-1.4740678367924427,-1.416767124288189,1.6703032295187863,-1.0259951927580053
4.0090236714109055,-1.978324254960496,-0.4496895173492267,-0.48676114489188527,-0.7245342432119157
2.8999300749970107,3.801890152984875,1.543452315780132,2.2014543260666852,1.6829321107778783
0.7236209598988896,0.07715065871574489,1.5143944840948944,-0.86804770462976,0.5585807504221719
1.0638593842618045,1.8086219422628602,0.680185576448594,0.723330948527649,0.14571786906983322
4.590139093649353,-0.15577269844864972,-0.6827662651612568,-0.4245717993118904,0.9619233352982839
-0.9234677986418873,-1.078554513880506,-0.4442556800322995,1.1541419325549949,-0.8699946878881519
-2.937710533407724,-1.2104776674827695,-1.360690575024066,1.6209426843425707,-1.0816561842819021
1.0455419503020806,-1.6469709512299764,1.0177818197395998,-1.5373592540898326,0.26285933258811073
5.846361706181329,-0.9986529745844783,-1.5545982566369108,-0.17058308589217716,-0.016222654673306823
-0.07862926960993365,1.7497355153633598,0.4904366050950899,1.0982413226509513,-0.018020924315849604
-3.8377932596195263,0.12389369965564653,-2.922092888698471,1.04227076644567,-0.8017837816422806
5.452806810021382,-0.28020779168019744,-2.189411628713382,-1.9893466825961907,-0.20105642842026722
-4.413235351997747,-0.8120644199483985,-1.208226399658916,-1.2254983058094602,3.7525740770733567
2.4600910215077687,4.387186457390478,2.0824501560836746,2.1289362124731173,1.414658550964621
-2.4987711840858466,-0.03796459487961957,-0.22901042166295119,1.19716602681944,-0.7163865432069939
-3.6024018520069574,-1.2279071113871258,-1.8242275986058345,1.4041543370127398,0.12022459944738426
-3.799568531263536,1.263181767129425,-1.7149263955412675,-0.5972580259558786,-0.6366740739828406
-1.8687052598486598,-0.05014100163991699,0.18103884864816022,0.11315458604699946,0.9869553284913789
1.6109994355207709,2.4857186159146694,0.8628160435460078,1.8020304307036588,0.42827404211153064
0.14761989022916594,-1.0900137878197231,1.1065853154708125,-0.48400339083274363,-0.36839249693639575
-2.250342067033542,1.0215158861370264,0.4832587881317059,-0.22447032966489028,-0.08552738242512323
0.9866611122886112,1.685771013886478,0.6077704842281086,0.8344555892470157,0.08245224471832222
-1.844253458626333,-0.5994359796609517,0.632068850497733,0.1743200445605096,-0.295220972837269
-2.472662616320599,-0.012148358553338956,-0.3224870911622832,1.3834797323920927,-0.8847032954149028
4.156161055092467,-1.3330322916195916,-0.05306752036636926,-0.7732749899973889,-0.7912389419684288
-2.942185729918237,1.3041616361650121,0.6120600422572126,-0.5831226064321556,0.6850220395627579
-2.2234992828325666,2.208535334833036,0.4729440797521038,0.376846321941159,0.43641119250911964
5.739787085726638,-0.4769443906117687,-0.5603392343685228,-0.730506613789378,-0.06108801482782674
0.6296537979046821,1.3663541923873221,0.44093812161495466,0.9379330205766713,-0.1750679695224279
-2.6800121049587795,-1.1091578600403778,-0.45752500888757586,0.6716732283387101,-0.25476843794457077
0.7268026628060239,1.727956235760261,0.6104203746280767,1.0130887825600703,-0.09223078653751485
-3.0060119457519106,-1.8455386679558183,-2.230531066397433,1.6268066000466064,-0.19667196341655518
2.7400587016932336,3.1217050757031517,-2.214730389686913,-1.0879420845940067,0.9536891416372614
-2.3298270860428203,-0.5092317689736487,0.2087863774802822,0.49076540216664705,-0.4575050387945095
-1.6080242083474665,6.523323496733789,-2.9772694304195517,-4.814207107210179,-4.3818051879117945
-0.7345520327383501,2.287993908470884,0.7603962606748588,1.5037442560169993,0.42696976183286456
-1.3598840785129673,-0.49474147145412817,1.3943186727706158,-0.2635738767523546,-0.27245112210998773
0.25417438732662245,0.8947689258743748,1.1846040717664466,-0.2534259982331733,-0.07575925189846557
-0.5616938836416429,-0.8480116546166279,0.9869564571678826,0.7395534851680409,-1.706444629969377
-3.479460603906005,-0.8510594559585785,-1.1615114921989842,1.1191991746689427,-0.44673522874586963
4.078711613133774,1.4329296534010834,-1.4799918202734237,0.5766955111349223,2.00637687961714
-0.6237297568243982,0.9328200347677776,1.8782962622208008,-1.054809238877332,-0.5052897146058164
-1.168602210881217,1.733778030141762,0.1991428053766776,0.5327739695113956,0.0888047348983492
-0.8902728628652274,1.5376779978994661,0.13259457181677176,0.47284922660087747,-0.1246328367898638
-2.338685707181447,-0.4710966791992582,0.6905680696050227,-0.7508583856322785,1.7931282555144834
-1.4512460330861885,1.9671195520266653,0.8906772386944992,-0.40411627400991224,-0.4316967158762794
-0.8634859127655946,0.6737354514159629,1.4501381111689404,-0.573241290286513,0.17570841902432546
3.7403817875738867,0.7604043595966434,-0.9595369201598273,1.3271389371727986,0.18963825082584437
-2.6049002870732956,-0.6125488689691219,0.10959908614216725,0.49755266426484085,-0.3244988627453935
-4.186985178111328,-1.094863824246835,-2.6628735151695975,2.862006547589415,-1.2102399766727894
0.9546577666964269,1.7150436818766026,0.8679003114120332,0.6811858378969488,-0.1402146275808416
1.1932848794687267,4.894546259135899,2.0058642128168342,2.531630250145029,0.8757879605187879
-2.8647086683149214,-0.22033119425109776,-0.755738401686215,1.4726758078276474,-0.7823699842058823
2.446683612527931,-0.45475039771719805,-0.5401155283271349,-0.16114757132233945,-0.9542864389920307
1.1687057152647842,1.8738068700515291,0.25755554691730154,-0.05259350607575999,0.30672448290281384
-2.0692886409670264,-0.6640841487079308,0.755032262657894,0.06033905211561672,-0.26910701001802534
1.4220423796393988,3.0649530508463334,0.8672910112923317,1.1050200772250485,0.874082090452091
0.2964020545084831,1.8857163449372656,0.7436628731228585,0.7605700137380582,0.0754457035321845
0.775837579683276,-0.8713612856400308,0.26813488062916435,1.2404919572277526,-1.8458410484982704
-2.5510112618278558,-0.8691513423330276,-0.7372315790436104,0.9789047580497267,-0.7123412000065938
-2.2840645889835605,1.555526377228871,0.9451431824671048,-0.06550984444546548,0.9573549381149973
-3.2546720308770642,-0.35712489095887173,-1.2062778344417753,1.4570147045022686,-0.3122193191222769
2.490254623082406,-0.9945677419677517,1.5288648425760099,-1.0547639910210425,-1.034995123878615
6.011893190861778,-0.686095341124439,-2.3669971799200233,0.3789444505383675,0.3511203360540968
-2.6085976230626193,-0.5863943607507929,0.5524276491251678,0.1196868824908354,-0.04282594089072357
-2.019498553375378,0.7688023478383298,-0.08046240414717508,-0.24304490941065598,0.48058012748041123
-2.6036482246984916,-1.1524969951359978,0.21161556758668731,-0.2991420991051466,0.8372551450900959
0.23712557753565416,-1.146928526479636,1.5428306865830637,-1.4414837753740792,1.094639457537315
4.396082322264325,-1.5625036140030995,-1.3574131622514465,0.22254851591013716,-0.8364952884120496
-3.9348167845614053,-0.6901720154260937,-2.483533568336785,1.8630171772027475,0.11375353009991986
4.4791148057024275,-1.7914903780669218,-1.9437975479254728,0.2783356526209674,-0.2283522112679654
-3.5495313852901402,-1.1877558039137224,-1.2231018518479095,-1.5807051802933734,3.276448483425942
-1.0761421560303646,1.879686936413592,1.0503460103839048,0.23318181548130248,-0.05360865599091636
-2.8722468928088425,-1.8084707873706387,-0.27585440462620564,0.4050496170252458,-0.9672413239876223
-0.7202395462075809,2.3392823237044307,1.0106945112701935,1.9882970470782912,0.02065060816452413
0.938049551457386,3.66522044980746,2.0710960159700855,2.019805214706081,1.2126317871261816
-1.126617931556586,3.405930647011682,-0.240773118451635,-1.9405522418410532,-1.4946708317374073
-2.7374723497606435,-1.3386843729951505,-0.11864021525247527,0.5799891630620456,-0.7761283077669101
0.7569626844642805,-1.3337709971318015,0.5632772022174082,-0.12403346852587555,-0.916510722125044
5.116101318261747,0.28144246270928686,-1.9331314774550281,0.5649201186363599,1.461382298040093
1.2798167830658598,1.3651407563015674,0.5359785453649815,0.6303343370962232,0.09632026435336143
-2.671911075862558,-0.6162191672179688,-0.5271091797738718,0.49957938156581466,0.7535075010637728
-3.429632847893355,-1.0168081502894328,-0.6482174180921083,0.7399379882595724,-0.26126423466245463
3.4429387384445587,1.1036700457608302,-1.062991518944144,1.191002387912199,0.8133624516127863
2.8648282759584935,1.5095794798872975,0.5024772415607024,0.27864305379898874,0.3251789560200008
1.435167483082331,-0.43832005687003023,1.593476157816599,-0.6407978873301649,-0.8139358729596687
-2.7710352985932807,-0.848071541453319,-0.5316484061374963,0.4316358552387004,0.6149036655076554
1.6114418027210702,-1.0560982055738923,1.0128248635591623,-0.7138175879797175,-0.5137169563398202
-4.092211803986836,5.534186571724493,-5.3292395874859055,-6.2342044775822485,-3.4868721596881747
-2.4339145294141384,-0.1402682164632972,1.1246703446126967,-0.22842533117983096,0.4192366922239839
-2.9590676277293317,-1.741050583956234,-1.1649655590411059,2.5753483421909857,-2.0998328681765073
5.668110619263217,-1.2654867397205314,-3.032496712928619,0.8866572854487769,0.3605134936574608
2.320480570752481,-1.429608128213152,0.3010192559858547,-1.5192611537834526,0.956601219738975
-2.778661293367574,0.6753735371918335,0.5658002501039381,-0.44615570737734844,-0.12435003380123798
4.227483027559345,-0.6041344091973696,-0.10391184037365364,-0.7328432609455408,-0.0828824235924223
-4.452625332509226,-0.8005078998070406,-3.6483216540021584,2.4883725508823855,0.2723714364489325
0.9835682681856821,-1.4768618269736962,1.7182421666858303,-1.1942718696416015,-0.7501262706702724
-3.3150140560160417,-1.4998935765420716,-0.7820051974715407,0.8812828275564291,-0.48419883260547825
-1.9057066128148088,1.4920023238958644,0.478803194913739,-0.25571383161654765,1.1066645506018145
-2.496928965779102,-0.44181324729985466,-0.457099208409645,1.231419226003044,-0.7523918752608635
-2.918936969605782,1.5662254033893217,-0.4538783074563088,-0.19189213782386963,0.21783249478391672
5.430785937193182,-1.5693225308369785,-2.5390326663833855,0.45623635989732,0.34782794784678744
1.2204904219477242,-0.553546244297285,1.799863144273808,-0.6645256865115433,-0.9195332076753291
-3.781190256715478,-0.42683927791518633,-0.39742728913950026,0.1499481246477419,0.5384635268837126
0.6409199521291241,-1.8424088170919515,1.7222117176725606,-1.359896172886392,-0.7873572764277027
0.3182957951383088,-0.7473430947697708,-0.11343645627808355,1.315147141770965,-1.54275466547305
-1.5088261100812574,4.0728024103297376,0.36281514314067426,-0.8895472748848839,-0.8862608816670386
-3.307675632690643,-1.6035507550896164,-0.7549138332091179,0.45014349484641086,-0.7801453847387947
-0.512635683586831,-0.8398775453958587,1.2056834057898858,0.2769590472629899,-1.2923837945008931
-0.2333699327696469,0.16053395654077746,0.35519688561215257,1.4174262020642945,-1.09629625509273
-1.3108285648177733,1.4553208853971324,0.1528804833463859,0.42615829303072605,-0.15108366943658477
-2.620712518634865,1.5036949034142115,-0.5111516052795098,0.29084738804308996,0.10783349440292758
2.927889841920042,-1.4671881654817802,-0.5596723219110762,0.8239918161403671,-1.7976458503634498
0.5542539874344087,2.829442074379276,0.9257182614262282,1.1192809124151695,0.44716465850405523
-0.7693405124175374,-0.3438562701054513,2.001789372158272,-0.4419418030982043,-0.6998320520843734
-2.4725765212119235,0.2547105169351419,-0.620092538662753,0.036334771224044764,0.07057491914197503
3.3824812872507826,0.9294989899814994,-0.7551949628552653,1.3089235278709104,0.41561655255576196
-3.872248831015242,-1.2846395904064891,-1.9837090029869935,1.9452073785764534,-0.8894948299358746
-2.9984560121481687,-0.7615867746275996,-0.07520225165738235,0.17836417162798668,0.3690260360598144
-2.268749828982386,-0.46877961593265105,-0.4156384298472198,1.0206729844133813,-0.21754370320395938
-1.833855779600021,-0.44380561831608817,0.11551730680734489,0.31467173146602395,0.023290349854468196
2.826063911803576,0.535805701985464,-0.053732404286402295,0.2552023323639252,0.07664867609424827
-4.209013755415156,-1.2218174251744867,-2.7286615230226245,2.7782550783386286,-1.1876839311224174
2.4456513067837014,1.5386235150402434,-0.02222865583950532,0.7049956940302468,0.3862964922643863
1.1667467862010281,-1.2080006705903494,0.9704509068341366,-1.7018904424557817,1.120451931199913
0.5715977380732605,0.2534670884415158,1.5431385475597514,0.06187937707132501,-0.8434224851204246
-0.7442050670887038,-0.832835102943451,2.0146660602288478,-1.562832092325629,0.45241380462056713
0.4736631736976666,0.864759795742074,0.42895365472888386,-3.369697178406973,-1.9356791951110461
-4.613329365905463,-0.9992139977002779,-3.586049369706624,1.9666523519044965,0.6219104928235216
-0.2448862833592987,1.2839180445047822,0.4516989780026412,-0.04869851911133863,-0.907629023575628
-1.9132297977049022,-0.21795096336924535,-0.24218771265524455,1.0299350362546538,-0.5352256660738377
-2.456422310887234,-0.6177554419928287,0.5402014577229552,-0.809860145834941,1.994317789022937
-3.3326689466721158,-0.22010034600204767,0.3028382153765949,-0.463651192188869,0.27674715401582906
1.3794553314980222,-0.38971174678336,1.3867826800281429,-1.1800380512702584,1.2214607752401938
-2.1367185637969164,0.19099637799323865,1.7545692766982184,-0.36147435883592405,-0.3401999034232221
-2.7047631350353583,0.5671955034357609,1.3985404829981676,0.2142048665524419,-0.18938494760904007
-3.6248932775720166,-0.8916384690036029,-2.3628258112838343,2.1487828145880936,-0.6806000655106856
-0.6170613879423433,-1.9273327558360223,0.9993324293942079,-2.359031925977256,3.2007409353661855
-0.33004228981582595,1.8246421552651162,0.6498750784016157,0.6794762497032318,0.08625624151554237
-2.3812028746341913,-0.045987509642777924,-0.2773516773615117,1.169906040929289,-0.5688277004953536
-3.57012256132709,-0.3413122420206611,-2.277132564684451,2.2249537744289647,-0.36042615392010097
-4.1775531619724475,-0.4777141746606058,-0.42122660785127675,-3.103558268555999,8.046244678471522
-4.238240214063745,-0.2670404891598023,-1.8030514178015582,-2.4972366497827636,3.8413144988816676
1.2300670923434103,2.160184138943944,0.7505164528158653,1.276944356962974,0.08817498004196449
1.3471602893987829,-1.317169740557653,1.3378871885622778,-0.7096678021592957,-1.0942561152554473
-0.9447978740754831,0.15579894952491807,1.3776902303300507,-0.7932765262962843,1.058301152486663
3.59303929038651,-1.5723167829697198,-0.7475606185625628,0.11956133815949868,-1.0274381671034367
-2.6720525050394914,-1.9178046133121351,0.37176246804370355,-0.778768692893338,0.8831843513505061
-0.5950063532555733,1.8545891437477204,0.04283815010020939,1.4863472238306985,-0.3337461134936847
3.0152890269000676,1.400907955596957,-0.27865230667803603,1.5244223480029473,0.17063949891160726
4.8641050803244035,0.6404591303686948,-1.1028648186867793,-0.00023387744852662842,0.4679320363024309
0.17929710094440063,2.6967508872654147,1.1061709325846536,2.7453380021918004,0.040708312716456294
-0.286203982603025,3.3537039984151646,1.2156590118498793,1.9663746316614905,0.5649255164300667
-2.3933361610507813,-0.7956013586100812,0.5146573497888958,-2.8682587556349532,6.351669890179092
3.84184174144949,-1.6147102794909676,0.3601157331925262,-0.7663749817829031,-0.8450867798154448
-2.4452842919972575,-0.09395846946176946,-0.694739157117136,1.306335093823069,-0.6254069224045288
-1.1717677818803323,4.054669091659738,-1.105295599433475,-2.7839310165036983,-2.500895119978325
-2.7871437038457954,-0.36757648799998843,-0.29175007910466183,0.6368578889869084,0.39657049974038205
-4.148858346438236,-0.9842670283267595,-2.914186820801055,2.652392004773863,-0.6564585338366762
4.558284327581088,-2.0837723070387386,0.29754674899336386,-1.177820440326792,-0.5499024613908503
-3.399430949462216,-1.2529992646179988,-0.597627377363155,-0.30654149066303377,1.684834354548606
-3.2946814028221354,-0.16441930774510494,-1.5639700957352085,2.082082958704948,-0.8697207535357453
-0.5895434474418666,2.6576684514234814,1.1864548390788514,1.7463735243280982,0.021392794971048304
-2.2100884011178565,-1.3642349706499508,0.4424078997242549,0.015943925737833126,-0.36882224214959747
2.69641833566601,1.4798756636825539,-0.5178056175425552,0.47101301555768943,1.6123223864870146
1.7651816210457938,-1.213440153382944,1.2409288378315817,-1.2061997863578122,-0.512044843437119
-2.559494281799767,1.8064012531104494,-0.9172119825498773,-0.1379901091620564,-0.20968236843763513
4.8070366290066335,-0.15520146830147374,-0.6850884043340739,-0.703204749593325,-0.23637279466227018
-4.000148365602324,-0.553352354546611,-2.483808434316165,2.22888648431822,-0.5544314734225457
-3.256096755359108,-1.2224195121415726,-0.8848357069604754,0.9547009643535955,-0.44132480290451903
1.0105442819274684,2.1237847458518506,0.5164188080925278,1.2009563740327462,0.5013349192774522
2.0456475631544353,0.6630891442592303,0.8385988638840373,-0.1511140454024664,-0.013574599821742432
-1.8447390961453156,-1.4134305180612017,0.3065241264984303,-0.2004896543155685,0.22537932796812857
3.2719677779769083,-1.4924075821057778,0.14402567451341325,-0.3809600664019965,-1.0721456873364952
2.1791465416691045,1.6858130030496101,-0.2722818248857142,0.9279614415102788,1.410350923810445
-2.49626805806138,-1.3302915154233736,-0.5342226975209721,-0.42840367525494444,0.6499115582333023
4.0288692572913805,0.9577083777515367,-0.4250538354257825,0.4091876528814899,0.5399962372135044
-2.2868708866303367,-0.8172973823720073,-0.20720503330620962,0.7541795573760915,-0.5913447171088121
-2.0242613864624945,-1.8167988560360289,-0.21164763444847465,0.12189296112249114,-0.03124492366016306
6.552171777682766,-0.70720584469618,-2.878064589222225,0.014787020669835203,1.780947009388583
0.21416906615839063,-1.7359248193238441,0.38327380481757806,-0.10044804848882255,-0.625916402804074
4.663115372996655,0.03057148246618283,-1.5432709268521094,0.33720129849964203,1.329727890040042
-2.835075847069814,-0.14563455490133195,0.7718768902112693,-0.12472908071580063,0.1778334470715799
-0.5569474537329224,1.828018216406924,0.42548774452032617,1.5255051044967114,-1.3872672519446592
-0.2164081469003588,-0.627830013273749,0.28596117187373715,1.2625672533230445,-1.2545390768557134
-3.57716200028397,-0.9108926944776358,-1.4739384702652698,1.47749717735311,-0.47943159419723164
-3.111899485124652,-1.1170522883718386,-1.0247122262989663,1.0171538537054488,-0.22427908925790874
1.2707769785396543,-0.9591623610519247,-0.06779543697315797,1.0505217263518933,-1.5994644778088951
-0.5616161111047474,-0.8585304157897229,1.7423476353653917,0.04275481579327125,-1.4466042862828197
4.769886707326088,-2.1885291497370196,1.6166148391324118,-2.9560848823830046,-1.537643686316552
3.7644565445886995,-0.0836606232848748,-1.7991928731654814,0.2847940759795604,1.9154076533308977
0.8720052270453668,3.6064044041743943,1.582774990926884,1.925312948679779,0.9025967091125396
-0.8372362847769674,1.5347939550510237,0.271823739211758,0.676287071431089,-0.008981632866197587
-3.113852840747534,-0.1332647158681007,-1.0828019961403157,1.3645616112516306,-0.32784883102058837
-0.47401307323011543,1.308285651498975,0.42718803784380344,0.5487856180870766,-0.4817434348126853
2.661656792258956,-1.5042658960968007,1.6771057526600488,-1.4629099555082068,-0.962312443904317
-1.6518022175156397,4.6952524396692406,-2.1254861166728656,-4.46181892136371,-2.3116100893061833
-2.048939309062856,-0.6918956161984257,1.7192516220778375,-0.4799398180750824,-0.7205268881749489
-3.358426623150292,-0.545115057441403,0.3108762023147555,-0.04216138801604148,0.3094782064842031
-1.316270156741478,0.37822676157459406,0.35673266473883963,-0.7331242430476393,-0.9803773757268123
-2.4303215868859365,-0.4084389445688886,-0.2901207455830435,1.2620064720942,-1.0393048718401316
-2.700442229602702,0.10210917363517588,-0.9220142740289056,-1.8772229318594487,-0.07852318990387051
3.4391401738593923,-1.1424009980678698,-0.7192447597927,0.40358002719162384,-1.0488435868397266
-0.3334446079180363,-1.3647820477863037,1.1820232717696162,0.45116102592434,-1.909088019279944
0.15845067983415512,-0.7386893808909977,1.191462757498626,0.05972278369240614,-1.3420022441216766
0.092185776374172,-1.2516435762234839,1.297642235511777,0.43885685347916836,-1.9486946414646908
-1.449168025786343,1.4631820114426832,-0.23750981860291398,0.49631255756418646,-0.4380332977993381
-2.593504064185085,-0.33335470131766887,0.14393225526794454,0.6974703806780301,-0.611042500838657
-1.1785592083776792,-0.8151995931989066,0.5195089421167316,0.5091458469599812,-1.0825504043550507
-2.0092817849885516,-2.4203079818593776,-1.3368885953527458,0.5319570430539274,0.2672681450281765
-0.22313674753018733,1.7983428227709535,0.6498376045997216,0.702741773781022,0.06238353710065114
-2.404407403361879,-0.8562129743581859,0.036023143510571565,-0.801977109417667,2.67307954213632
-0.9965802070004719,1.9475535885195232,0.37270999917294956,-0.051602969810010835,-0.017180045415802425
4.045525891241244,1.4000608713049054,-1.224044005846471,0.768177445931119,2.4795708499820743
-0.8526738739770591,2.0055251123017146,0.3977394516421107,2.405803617841445,-0.2827331520460091
-0.41563354854861795,1.8918376325526762,0.4723741127568881,0.8222614968632395,0.017685108480547298
-3.4728365986821017,-0.4501535231083474,-1.4360619728038868,1.5045538929878686,-0.7511878757221864
3.1808172813856768,7.029255063151388,2.5583188772521415,5.0811639491181175,4.432962306306063
-2.1763462281903188,0.6100486059138465,1.9320743185745888,-1.0733957485470456,-0.4088489251302398
-2.166387946262343,-0.20058523071813866,-0.12708073801004233,0.7084184512468715,-0.280428179773366
-3.381270076219652,-0.7671582501984092,-1.2240533945107954,0.9023342083876124,0.5104158603551403
0.8252268994833628,3.8760989745402092,-0.47722856289454957,-1.929882548062206,-0.7712027902089958
3.1776685755443457,-1.5111697731428053,1.3949924179748494,-1.6375572992123164,-0.7663674107954833
-2.342962609118881,-1.186134561436881,1.2798898910808727,-1.9740872079839764,3.1865826267880006
1.6758377022189315,1.4363887851945027,0.2951751936055965,0.6037291251545823,0.18396952317780202
-2.219961157185369,1.8978347249557703,0.18586512505689487,0.38804065086124934,0.3171965699957613
2.082331265152204,-1.4443071239267133,0.965342032849026,-0.8726139515740876,-0.9974720216924087
6.117783772061841,-1.3419122004013313,-1.955347144348558,-0.14144695020829154,-0.005187708619349084
-4.3638161944050236,-1.1634888715349285,-2.3182372996882523,1.3727384293861111,0.5880142518514387
3.692610511060042,-1.713180072873938,-0.6282006757371907,0.1038270600086824,-0.9950129817694001
-3.582533132987671,-0.5275957322709427,-1.0906492086480808,1.4388565601495398,-0.739120117902028
2.153541117376867,-1.1000559762941506,1.0382089918866764,-1.1401125140472361,-0.35992358296926363
0.9794949325175378,-0.4784436038131582,-0.08425334385739099,1.0988464786805232,-1.2471214634505021
3.9358038888691627,-0.9171454642649097,-0.3856889853929451,-0.36470891408081835,-0.48764012981734606
-1.1328440696689845,4.061261869336373,-0.1587336730395444,-2.6843258191216104,-1.538666216634684
3.012609670727125,-1.3762498223450987,0.4174463255435271,-1.012571329927427,-0.2527503868035838
-2.382641936677001,2.077767447308113,0.1515219200462663,0.30288559665892867,0.31577840436213167
-2.249717729194079,2.9429142403210364,-2.367899278576079,-2.2286584972548207,-1.4759879076877622
0.029489419697099725,2.1726260008037186,0.920382891372483,0.9016896725991308,0.23561210755498602
-0.3488534306261638,-1.152668224989012,0.8989428670029725,0.3925277158327875,-1.3088884134759329
1.0885041208389872,1.781542292462419,0.6001453885145799,1.0906437626207783,-0.06111022662890618
2.548486329478879,-2.1025245723557338,1.596091802148147,-1.987305399145891,-0.8932425667460326
0.22931420992939336,-0.11119150283243781,1.4298626549419795,-1.0154749536935554,-0.7139815273210537
3.10250115092647,-1.4918919135339588,1.1832223842022949,-1.1819283553212097,-1.1025383921482563
-0.6027617318460261,-0.7192980999922445,0.2616385882562061,-0.18901971430357592,0.1786564854315946
-0.761375431359464,1.8560303929009525,0.42919358638286925,0.778038334446678,0.5580189007642379
-1.4920974046661868,-1.796990317640374,1.0293780356253726,-2.324592483053496,3.386865398487028
5.23265726929785,-0.4118747396307563,-3.448756639284307,-0.07853282503827341,2.9751044479202453
1.750554314854181,0.8347299039493014,1.3013848102169896,-0.3054502098167413,0.30100680430626
-4.446264945383752,1.9844508565251184,-3.8248826600470776,-3.9275267404141596,1.8074523395465558
-2.1656306812122463,-0.613918328555193,0.23774433727822486,0.796437264792928,-1.0644429080713957
-2.6112798341851873,-0.6053430449850189,-0.0097449724221457,1.2766643139183114,-1.3386620410837222
1.8950066566013823,4.157754870573225,2.1093094241874484,2.7071919670621822,2.2956833955458085
1.013086005287936,2.971940858952113,2.0598918650656186,1.9026502079607932,0.6082503059520847
2.2727591666428215,-0.6618289653205134,-0.3271581940297366,-1.1700617086584186,2.7474296515768972
-2.0093387156455873,1.0216125946093622,-0.38420538481314337,-0.3455703512592007,0.10099168896644796
-1.6941383431031773,-0.1718678950256446,1.6239850916429044,-0.13249386087164555,-0.6198242551165108
-3.1031289511783298,-1.5124631546825882,0.34290212025966127,-0.4936909055462403,0.9072402707667971
1.4096824537735544,1.5185564285319442,0.3881312502029129,0.6008693388241685,0.13705773004158234
-3.5478287297639066,-0.3245414627016866,-2.0911874734582327,2.3742260672237543,-0.8884604031106291
-1.8415047796727158,0.18385064363955766,2.13989881872412,-0.7111540854638798,-0.6006342501006308
0.03678154015955291,-0.3589729169248456,1.6644841965552388,-0.3563122791352084,-0.36725483727810015
-0.6720601429532049,-0.6832404469248238,2.0218101946317995,-0.6015602533507679,-0.6778456542494332
1.3377396143270266,-0.6224168544275271,1.287918356372122,-1.0121974460983927,-0.27439595859452537
-0.7113935713965415,1.344088845715348,0.17690200144485863,0.3528287595131961,-0.11637630333565938
2.9645798215032166,5.370096016210915,2.7517738993852863,3.9334029203914076,2.1648723111537653
-2.8572703996341495,-0.8428821824474451,-0.09534763477346751,0.050614026840188744,0.4150847815663387
-2.720058968678581,1.9085311847969666,-1.6059073940955917,-0.539982196342191,-1.4250627393642938
-1.0194588141624692,0.7937719112393348,0.7723496955085598,0.02048455181135704,-0.17692830611989452
0.18893761135937315,-0.6367607989008494,1.0165452086632074,0.0430265760215679,-1.109273489092109
-3.8707106618194014,-0.5419176306505424,-2.3934915492749065,1.477977783262775,0.06028413715612273
-0.02975080434126566,-1.0726951673066303,1.3910018927076035,-1.0082094190146333,0.13909492490080186
-2.5220185358644995,-0.3069104207689184,0.15368435160451652,0.3000296034499656,0.38585931499183923
0.2173006228537228,1.9038992810371254,0.7744573635639269,0.7311785025609155,0.1027798898904153
-0.1561893734109633,1.6437013336027433,0.585619933565256,1.543477076856759,-0.2938408229280926
-2.423882259216707,-1.4400137101327313,0.25380637996836625,-0.32979148545215453,0.3092081418663748
1.3460444638037303,2.1570272267437223,0.8082214972456804,1.4314739023809118,0.21817021826593408
-2.813171624041812,-0.8859773556201341,-0.1558224291234987,0.6034296082792988,-0.3699835285583628
3.712358049604462,-1.020820499188674,-1.1893207846535134,0.6290069489597413,-0.890617141835283
0.42965154320547566,-1.1513319066653722,1.1768952286847767,-0.21289876433028526,-0.9516376416575131
5.56917502398259,-1.100593191980466,-0.5693510774287482,-1.451216064528313,0.28286665239166475
5.3155529983143115,0.17190269854021428,-3.1677959727420815,0.4190667205317309,3.3510772552454227
-4.144217814409084,-1.1741069404520539,-0.21858436377418405,-2.2824371534752275,5.5760663111683755
0.06868652186080866,-0.7838707755455389,2.2124385429562348,-0.7213956827165425,-0.7690312113580869
-0.965541729284799,-0.35117510686257336,0.0457903960946206,0.1308604867963813,-0.07253457335780607
-0.763652192101091,-0.7969630344960206,1.6814715938666456,-0.6752840870222904,-0.313719670973924
0.6915005220937382,-2.3752781554306224,1.9936999976835892,-1.6920637612107747,-0.9492789133366474
3.8936382363438087,1.4996406639795727,-0.9293144592564673,-0.1455440945907807,1.4969553901228774
-2.0575652001712754,-0.41432022517327266,-0.11606282056675446,0.9734973134852258,-0.4921155628512682
-3.2299285594406757,-0.2604817461783416,-0.23988778176825726,0.7182374434080107,-0.3879370614287544
-0.07580034354641325,-1.7039974635844375,-0.3910925849816458,1.091034988599009,-1.358055228326826
2.259968515477064,2.4321956502363706,0.7272903434712371,1.8420861299295646,0.4023085338939341
4.9213473908105465,-0.7056676747205608,-1.7067816876419384,0.14926749385392726,0.3497466492409991
-2.722429160759172,-1.663538510225843,-1.670186981744443,1.251478604635044,-0.1414269618630673
-0.47464894159237486,0.23636776821543928,1.877610619535898,-0.6202342874404995,-0.6457363986175347
3.986355650538282,-1.5228528686588612,0.931756688645379,-2.076337413199772,0.09693101900628143
0.9062372520074938,-1.240488692061375,1.9299356967083139,-0.8227369497574968,-1.2124048214838266
4.1875259570836745,0.6513442026379591,-0.9313620093760777,0.8398222732548639,0.42347605422832274
0.635932779779475,1.382978977361091,0.4596092661273261,0.9066602523423094,-0.22843289670527045
2.493608608955353,2.3387879301193144,-0.24849236293735819,1.2474101289349027,2.0739445672032013
-2.3704762178391054,0.655686161088505,0.37476508882573223,-1.2229340802085005,0.20853333858099032
-1.0084629774287046,-1.4525327484959865,1.8906389018187033,-0.7762560849179466,-0.966330712351627
-1.5352155927117346,-0.7634732206241892,0.5136737552534314,0.31572403912489416,-0.72595671594406
2.7882363168316706,-1.2024252758199663,1.6691429324889049,-1.9561427114295715,-1.092165409545603
4.649983615919739,-1.9355852659667225,-1.7939244546606654,0.2169235059435613,-0.7792138549440444
-0.4013135082381722,-1.2693344362917764,1.5326183352190796,-1.5471084433830493,1.4732246397261128
-1.93599656307329,-0.08195533938828697,0.4122045191061704,0.8158639541356316,-0.8914557866992797
1.2686264973218813,1.1772609147975157,0.3769303156232479,0.623593231872916,0.0021155461008059563
1.750920226105143,-2.676629332050023,2.148950285347416,-2.2578342400646414,-0.8932156488087201
0.03601789510670377,1.8117362241778368,0.6381823848825688,0.8243406961147555,0.0029767000832171694
3.0645742116253043,2.0000786176542364,1.165195888630255,0.23886078417397374,0.8379248221320194
0.6306865674524706,-0.2845878191781281,1.8280935504042355,-0.5103104145844601,-0.821695584316569
3.3037198331042434,-1.5305542905804113,1.2967943694038404,-1.7806193470608835,-0.7937687257294465
-3.141365459254514,-1.3163023812502608,-0.5399649680613536,0.10229738853071003,0.5971053447472333
0.002008232968061294,1.3025044562106305,0.4055265229579495,1.992019005515439,-0.5726732904085379
-2.750660922351438,-0.7377902601101346,-0.018777203210512693,-0.20794946331938985,1.467670995016751
6.41725026546946,-2.5597369915462647,-4.12906954811199,0.8893890477717826,-0.655786052553244
3.343498602124581,1.4015482057432067,-0.5008207314305196,1.8085164416799653,0.08633697355944832
3.375337382704048,0.9177330166476759,-1.0085217276582563,1.1803456017545622,0.49235977102436085
2.3061233691359164,1.2772965102397893,0.34677044118218353,0.597746985188754,0.2502621848000078
-1.4635699943349114,2.245527078367351,0.7621190351468791,0.3460823306045839,0.39749738963150055
2.5982185707797125,-0.4018735655175371,0.7129790750588848,-0.7151883448684316,-0.509319199663765
1.1238598626668197,1.4942471535061954,0.5528395049977846,0.6946990358475046,-0.016174476478516414
-0.47331307360979274,1.5281905431007186,0.8905555856761955,-0.1308078205581781,-0.14225179941545077
-3.1826072614688394,-0.3515866806451944,-1.0914692547039946,1.2006463363930155,-0.37655400021415536
2.2894437548869515,0.3599274054210464,0.6610979855160227,-0.27564004181515095,-0.011387248629272661
-3.472743826049402,-0.837997857375789,-0.11496972208268925,-1.2474634081210845,1.7794846397548434
5.835831920138181,-1.9236456397845425,0.19161048236900494,-2.6534477415981637,-0.5937265808771112
3.1190312300377965,0.7723282489525819,-0.0771950689932116,0.11363132226186345,-0.14092525046842877
-2.1697489892036126,0.8017148109880571,-0.5211998710098984,1.0919626725762372,-0.724178275936922
-1.2748229985096176,-1.1108980728014866,1.1378025654541508,-0.9081972832627796,1.0639341051199442
5.279895281699421,-1.4049729759643614,-2.56107554551462,0.8942782092139239,-0.33300004391411014
2.699083767142072,-0.7093026075549538,-1.0155127059751623,0.578536486554578,-0.04843515914847591
-3.5417225775007792,-1.6466528083146716,-2.2460438460790484,2.0518155903694772,-0.8320852460763568
-2.050947682082956,-1.0207881958521885,-1.2216883760740167,1.792915906947056,-0.8311274452948526
-2.194849371510291,-1.2326024214506615,0.3492547376697139,-1.6186124820050818,3.6303192259260086
-2.0994749009971767,-0.24759735657417717,-0.07174972688929934,0.39084880995172155,0.7692223523127117
-3.365186633979289,-0.6199566119750908,-1.3407989045228275,0.7754628450941516,-0.8898882737065031
-1.6381597183151195,2.5211555215628954,1.0426541617956393,0.5443109923146238,0.4488917414206073
-1.8511288493113573,-0.4102196826912891,0.2952189673658977,0.45039866287130703,-0.32801900943695
1.3080272844939123,0.544930575399147,0.8983713566589703,0.47081072670947205,-0.2784729424788968
-2.4123913885650152,-1.1774906714736848,-0.061029860164299336,-0.4452002107489063,1.5291429821209643
2.40521743845103,-1.0089600279111617,0.28492446803994675,-1.3897120127923317,0.8225400905325428
2.5642247537843263,-0.041797022253561904,0.8991235288336469,-0.106393591229075,-0.7593452389304294
1.1808019664983638,2.4718475990116873,2.0154662708287843,1.4808889888222023,0.13386698976783032
-2.468492316066753,-1.2716955302893418,0.4679261241983446,0.24881981723272148,-0.8802602043637183
-0.082375233652844,1.9010016711923696,0.6222398826370666,1.8838876066381702,0.23231018126662065
2.546306751922523,-3.153953457387784,0.2715686941112013,-2.314688264121392,0.42915648189450195
3.151235424631018,1.7349079894209127,-3.3630998154632135,-0.9478083027183027,4.067517940745102
-1.6621532487970638,0.7125346495360285,-0.8583941845192272,-2.0078240887998655,3.823465975068188
3.675079653278374,-1.910941110632027,1.0090825136103867,-2.568144338142557,0.10559010703012427
-2.185772970703763,0.9227800062606136,0.26812046735038275,-1.372917385951008,0.5743206406544767
5.285523368066059,-1.393135488009289,-2.83569532159947,0.816060023674803,-0.051392824967296295
-1.6749962311264732,-0.3526712885926381,0.2096955255000788,0.8000450978817877,-0.8272626125064296
-2.8615686412289585,-2.5871029329191684,0.013120615287640684,-0.8362342941083992,1.2603335705470684
0.1919925369817446,-1.5464509511590703,2.06165664836136,-1.2382958324770676,-0.964815481702932
3.9943587022635283,3.5404606030838583,1.3192235005405564,1.8429240672520113,1.6352079731407698
5.002467096015017,0.8366435561172039,-0.3802661958386572,0.3513004326904458,0.8369092384140598
0.13588373754660626,1.1697985539604063,0.1655047238596228,-1.5873537756313327,-1.1533211235313268
-2.336929020592509,-1.2142083109396473,0.22081586947710086,0.37409974733290174,-0.486456990022221
5.4312010746970545,-1.151965934426362,-1.3276610924242622,-0.3363854824190147,-0.20652316027588874
-3.416023654037456,-1.280890809616281,-0.6565959143343659,0.3267885348771183,-0.5165787396264626
5.485975197758679,-1.9245213489989519,-1.912022858262071,0.4550929513536128,-1.1352175463221958
3.260787112682993,-1.1336909658086798,0.42774547672671964,-0.6750168588218569,-0.24207778064419536
-3.7197868598967414,-1.1399086809865775,-2.4106401899283956,2.197967111949571,-0.6203147621906007
3.686455678118793,-0.7895208495014957,-0.17176439999477175,-0.010371830138344392,-0.9803509507314204
1.6511285357295684,-1.544526676712011,1.520580029433596,-1.4761008997587568,-0.5865680312366677
-3.605206584283966,-0.3687356301861667,-1.64941011622168,1.7169052750187601,-0.5405726860086258
-0.25665379962144413,-0.2871210406822924,2.236934726945718,-0.5153389267476042,-0.869544894279175
1.4140364171652164,5.216759078794674,3.08383900917525,3.1038510516462807,1.3342805407603715
-3.1688842849052334,-1.4273593637521158,0.8418957870879312,-1.0816185975619415,0.9802108925848112
-2.691645874292559,2.1579874018767926,-0.6960945730657717,-0.5412497312228864,-0.23267604774715797
4.520484336542723,-1.6598806542377404,-0.02835408030948081,-1.7839573224535192,0.3010455074791366
1.3245319794050685,-0.5519863476862636,1.9264044961736762,-0.7308566876718104,-0.7192389462299154
-2.3216086764438058,4.164172851727734,-0.7754985616922301,-3.2415039972269732,-1.8284033921773883
2.9152408651458552,1.0121339199519537,-0.029956869753749435,1.3295033258914304,-0.49727217902619664
2.013642283198228,1.7020127821440356,0.7749763264448026,0.6679873025675365,0.22571044731501497
-2.7586069051438753,-1.7961341561535018,-1.7324149410584666,1.270514023263873,-0.07124882268098809
0.4378631957861947,-0.17746084104547452,1.597118645447912,-0.26642069019042686,-0.724291239212559
-3.9586273108309156,-1.460593511214263,-0.34173253320205704,-2.195006540806827,5.520833474299404
1.647973598598662,-1.0358982572101498,0.6120632366519032,-0.09855275177144304,-0.8567326999458339
-2.762553046400798,-0.7822075534073832,0.1469741962566043,0.44319742998395373,-0.39548629173541416
2.031981307859466,-1.5517069448879144,1.4302666727789124,-1.5495084311688767,-0.26447988276686785
-3.0677128465346266,-1.6813749372036335,0.4825386529340337,-0.6469678777580294,0.5778609755642791
-2.2476649701596494,-0.03744839245457984,0.7650490257547851,0.34951972546541094,-0.5264753058809913
-1.9153258338884906,0.08758089321295612,1.8005285589192883,-0.2635321374869992,-0.38275041275487465
-2.3722026281824595,-1.91242643816661,0.08830191443205612,-0.8616978617584882,1.708437266976211
2.155906967779776,-0.9706228262090008,0.6670392149286735,-0.4297855918185679,-0.292130775269249
-1.6835289145206822,-0.5502032333840604,1.1027279995180246,-0.27760468829144497,0.13614961314226537
0.1646833505683463,-1.374711625803031,0.5635794900066047,0.19773978568820402,-0.9434890440465048
-4.666161566245459,7.5443264447813885,-8.741854217935144,-9.598669619961816,-3.83887966085394
1.583917361980011,1.7877238397191888,-0.09236384998548315,0.4776715831679878,0.6678396559909823
-1.8489449563138474,-0.23346267024239717,1.2530084433268205,-0.2780457137588134,0.13016263446804727
-3.5855254212624508,-1.5724420463668265,0.2967827521499897,-1.6467068827500426,2.8126148458316167
2.3194347723775253,2.6871333608498773,1.6342083313910387,1.8457708518879505,0.750537132613067
-1.0215538302172569,-0.5926851019264427,-0.09088619994821492,0.8095220568548819,-0.7019054065618171
2.811443035847968,1.7776589451091274,0.002057678428400259,-0.027462832616939943,0.5202730565495716
0.3259566477321505,-1.31515113866118,0.8937961470235897,-0.617773995475171,0.44786229400159755
-2.792410929750993,-1.1212000526985777,-0.09440065759301422,0.24271503252868024,0.091213234503188
0.9930222055382095,1.788310070171867,0.16568167798058867,0.6237182661614556,0.37274198889399374
-0.5571358874585195,-0.7573714467736549,1.6516687063061974,-0.31730733775726416,-0.7536121389040256
4.736136101528752,0.517903986678433,-0.8170680824565469,0.17008950231605044,0.46162454024805716
3.2579145797870233,1.243185781729964,-0.5840176187115464,1.5646203161102854,0.11143199262551111
3.656609347715493,-0.9267748707095728,-1.0766234998602207,0.3265088754431629,-0.13031847124323603
3.2572183994560597,-1.0369181672989867,1.1974221246901864,-0.9209297838588172,-0.6433324884622341
1.0434013675416574,-1.071749617911976,1.8483832162597784,-1.2064532561584922,-0.8514491034590034
-3.4573363946358757,-0.7377617358538668,-1.1486792014887963,0.9926861815803428,0.33751155808982847
1.8390368342342778,-0.6531219692152684,2.051921662648068,-1.3147608516353504,-0.2634183930919777
2.593339517376917,1.7371933262378076,0.7313562441163382,0.5358493659203895,0.7750000164134965
0.7689984988234714,-0.3541284018389147,1.6346942423469522,-0.415849129534949,-0.9323627361152388
-4.273157999725932,-1.3361226877371895,-2.3153033849058224,0.965221986824271,1.4869590830136477
-1.5351803025783157,-0.38811466738646727,0.7641499102093138,0.42961582539494453,-0.7763838706877539
3.7993809101246407,-1.0684595157132426,0.09294449205736265,-0.3902226708688109,-1.0845157848360625
-2.238209888098421,-0.508853997297684,-0.14993083966179988,0.12846623386634637,0.8679382433536952
-2.763781809771275,-0.24904679626561255,-0.7211114092211652,1.3737470794423996,-0.678152423910685
-2.6674241613729968,-1.0351570891192794,0.4628940802603592,-0.08895343361475827,-0.013888830315842194
3.6774317528072817,-0.9022629649187887,-0.11337225190241236,-1.383891752799598,0.9238121814527143
0.30429756637427824,-0.8788521496012865,1.5444333963026322,-0.19028875458179537,-1.3547144857146762
1.774326185109969,1.5931006121677826,0.46235116021346456,0.47231472713756795,0.3146638690576553
-1.879805309854213,2.0988260764305045,0.44755839246357315,0.4733692185866989,0.32947209926819987
-0.13645305930122506,-0.8700039573836084,-0.8256820107807988,1.3811605163095195,-2.9160573033269994
4.72728551003974,-0.8757079386171583,-1.234784987014154,0.7724226909087554,-0.6656137050625749
-2.5652982023607307,-0.9037396113548524,-0.3807693814320489,0.8439999490958087,-0.5958038335386167
3.516849334481104,0.5456334827296538,-0.8907341249035456,0.48539873833347685,1.1322474032132765
-2.942037258012321,-0.7605105869217115,-0.297298397861359,0.7166387774555673,-0.43065612439178164
-1.4297390387698532,-1.4358434003301814,0.8821330215043662,-0.5943056025866972,-0.06528150728008622
-1.781236521613656,2.154536516056204,0.5477502241912268,0.3804130091798152,0.32345973690634955
-3.1070412372698257,5.41768003945002,-4.718009793833687,-5.5832524890342325,-4.338229461402307
-2.721483473538044,-0.915112536931495,-1.107425862101683,1.126234395636663,-0.2347898926866533
3.481934823933757,-2.398397649278222,1.6201973431760375,-2.028666862412166,-1.0228740575614512
-0.01504731435240471,-0.8320712811700677,0.22837139733344397,1.066147142768272,-0.9995699303673176
1.0797391879655547,-1.5481903158838466,2.174141431698383,-1.394149774200536,-0.8691434044534795
-1.5618432483884328,-0.29486858438048763,1.6499902989250825,-0.23341713815853243,-0.6016077930227295
0.5009760470369286,1.8411252369046225,0.5144434080230017,0.7529078889600683,0.1864733703495677
-1.4238882790522498,-0.7968280555010637,-0.10102879687564757,0.6598782901516952,-0.33739986513666625
1.3615788422980422,-1.008798137018615,0.22051642463394447,0.524134669020578,-1.2691925864278595
-2.376350565323051,-0.3058311379536638,1.0389623442829108,-0.5211803753092373,1.034000428648026
-3.4889350517073248,-2.0301819567588573,-1.2876974638405567,0.8951103904114447,-0.21636929886043085
-2.1930957011435117,-1.1795328224464283,0.4613025688740927,0.6595344877982289,-1.2057191490960057
4.152743422196797,-1.153303440130205,-1.1514741261989427,0.35290044441230395,-0.912212570466381
1.0331263974828506,2.113866750093198,-0.13755824518579396,0.01540896599079323,-0.7401531521040495
-3.390886305273723,-1.8752848400683129,-0.6163568732359491,-0.1674623536895395,1.3287955736738606
-2.532781171503357,1.4269932251785298,-1.7969861983804751,-1.619076732146742,-0.7408768064034703
-4.033879587501678,-0.967349517907607,-1.910306949474546,1.509196258978681,-0.02083223766158114
5.689728076845896,-0.6351067713514201,-2.116446471865321,0.11034050282745536,0.2032678029175807
4.294085276558092,0.9543809036624199,-2.008431340512219,-0.17925959812184297,0.5432677216644375
-1.2701391282781427,-0.7947505834468022,0.188989046954151,0.5793801829842314,-0.6118443627303398
3.43032753872353,-0.6995788024770816,0.1493733528579007,-0.7570891678895013,-0.12267509377629768
-1.1994083107206959,-0.31244507576533626,-0.44152762997822254,1.4734110975755217,-0.8632671741808532
-1.881914778434877,-0.4696059057092557,0.5170831508803037,0.0385477472858342,0.22170495867169826
-2.7685595168082817,-1.8776703756442312,-1.3153057324524375,0.954411529612283,-0.10474789773574048
-2.5103262615232813,-0.8425521095647948,0.2294986789097862,0.43917637780488955,-0.5699782214132652
2.888706249981804,-0.9072331296851718,0.658568720281498,-0.5681770042550319,-0.918557110292272
-0.02778729771400669,-0.5391734687010326,1.6660209246177762,-1.4629432736780432,-0.6988036934915277
-2.857388247472158,-1.422161245858287,0.3008130433276225,0.20590239968530802,-0.4823883690024551
4.144927096329901,-1.3540319474404756,0.7150321715933088,-1.4140154648077916,-1.3972789957093887
-2.2385185710727833,2.148694940455024,0.43237066463079493,0.3540720035810648,0.41001371410986737
1.0749627104460586,1.6674190391828363,0.48083486737895753,1.0714621347262927,0.014094542381417345
-2.996272843279943,-1.2377639011676613,-1.2858782053689828,0.9621350909788238,-0.4019566606920758
-2.0971138992397265,1.0029596247929737,1.3037506659413907,-0.7987163280671603,-0.5325200304472286
0.4419881841974588,-0.8482891310522045,1.9578181948149667,-0.8098351112196271,-0.5332834744153082
-3.029521131170991,-0.6556885538289967,0.01829518743620555,1.7471423123399032,-1.8405887816649171
-2.0315901876215112,-0.9677477773693668,0.8725362464420191,-0.07709048546732816,-0.20688856589788804
2.3526169337225347,-2.2208198776838066,1.2485696574050706,-1.6247097771464871,-0.7530395930611308
1.5566036438371251,1.821945138786381,-0.8442772972159298,0.05391024826759138,1.1751074706951303
0.6288479416212465,-1.2967239014771839,-0.14699339780655907,1.098120657448219,-1.6127716397442424
-1.0540683788642624,-1.1248111651197976,0.9599401001837173,-0.556660406656742,-0.4009430182772477
-0.3902495467000131,0.8863946870733586,0.621224216110138,2.0452285312413223,-0.6948870764367644
-1.7373043874314724,-1.5139649167044242,0.5333195376081492,-0.8544840232843087,1.1136246628587627
-0.22541167798024683,-0.1070941238746989,2.042387612895072,-0.6825884832819669,-0.6066204606994025
1.9870966676510327,2.9801676344562225,1.1812547916479714,2.098921705580463,0.6479772501984533
-4.028183793886044,-0.5754019750188069,-3.1766375472397135,2.9704116738066024,-0.9704340177202664
3.868944282544799,-2.44382481994856,-0.009159511651401015,-1.8801222691561408,-0.29854441375732627
0.8518342570286119,1.7546677492688283,0.8666713900021475,0.7218131805484196,0.15369591615404318
-1.8341785470677232,-1.6558369049234876,-1.776793217766989,2.007008152041957,-0.7911319327707422
-2.919584897882212,-0.8240393128116374,-0.0069604134444512565,0.27351594781248856,-0.02035703745652437
1.926658714557567,0.17608458336980565,1.1481670956129206,-0.33530695171360636,-0.39427604898625007
-2.152304627922444,-1.3690425358332023,0.008083664833914535,1.7144381193494973,-2.274054166732954
-2.8020643632705964,-1.3488056368382315,0.19918446888955235,-0.044877817097987806,0.06546977899997032
3.331370747077149,-1.436569398899683,-0.5421411058148579,-0.2891805309545588,-0.6058881726652539
0.09819357700073338,1.169570468454942,1.2009951141104303,0.09327159568896431,-0.3109273624067813
-2.3143629211723638,-0.7856089622098097,1.0880660665844122,-1.0068295945097947,1.6024433769800581
-1.6107436137968265,-0.5515178770674927,0.11455052287726222,0.7451612202542452,-0.5043986888064561
-1.2364061350418725,-1.5946389749517162,0.7055265907411488,-2.4271478089632397,4.4455351841287385
-0.9235655634378663,0.5125083670919565,-0.18691646651550242,-0.45514501154424986,1.0713170461646055
-4.98372217678514,-1.971920690211835,-4.281000298077535,3.6088413578188976,-1.2107161122399552
0.21144105168176947,-1.1023698647591966,1.888714836982608,-0.9163915845580477,-0.6871186345805499
-0.8079984080071695,-1.221024479670413,1.593519480588103,-2.12526205401542,2.8494025293024974
6.435540670230538,-1.7521210672951724,0.2562315070015197,-2.2760290373761265,-1.1682388436449214
-2.974507503950341,0.06005492381911254,-0.641624207110137,0.47145605151300163,-0.09649184262200051
2.3630725289241443,-0.8847520053554475,1.0539566247298426,-0.6333182008012865,-0.39298542308870404
-4.1213850142226205,-1.72454857240694,-0.8409542583450355,0.146817103105955,-0.14555704973493788
5.377109568735864,-1.400044409292489,-2.2151920838518864,0.1831289551725378,0.6137736414895957
0.13515961017787426,-1.0868477691837388,2.083573465839806,-1.4007635553339934,-0.8029063944403377
3.8470061498510404,0.8936766428275977,-1.2785034438620224,0.3373137759932141,1.8014494268338548
-0.8109985730742875,-1.1068654255143224,1.3970456144892327,-0.9066635390104163,0.6059833750804013
-0.2172375202054197,-0.42780302765616773,0.14440409409912736,1.7438781755963602,-1.7426787688167578
1.3734784242809013,1.6067982937219552,-0.09748168760857925,0.6663942185293141,0.2573247411146292
3.3197136764545516,-0.775009464476532,0.04175692888044496,-0.37782116285703676,0.09050087767804146
0.1985119739800685,-1.0614832440980058,0.25753358601159493,0.8764698886678373,-1.385461561385498
1.4668610719524828,-1.4061549176480255,0.7438102384777174,-0.273562807239113,-1.1338242508334753
-1.5368656702301577,-0.025424181155922675,-0.5671640004156515,0.9387061621580284,-0.3507930771586696
6.1036160925621985,-1.1765497293098848,-2.797199610810593,0.24391457999350677,1.4328888672988345
-2.247101364932459,1.5874219003771204,-0.04076974849181892,-0.10677302586233707,0.2995363307324299
0.7298162997419902,0.8459595229100908,-0.0672755821759475,-2.4647990622203784,-1.9078349938218893
7.461551700874357,-3.2130001477728953,-5.814061299800448,1.5570103855716586,-0.6095406847573963
-1.9857191403069503,1.6510422507901779,-0.2187346823440091,0.3717550328863737,0.014129612976677112
2.375818364122951,4.756725127773819,2.013015912408718,3.284981849637608,1.4762961822122143
1.5899660425050668,4.310524140538982,1.9685665140569495,2.2420957021878984,1.702534510421973
-1.6185089066534086,2.0176484051490946,0.5242938992095965,0.2826515414359203,0.20924124699919763
-2.498269476463836,3.675081638286357,-2.7621092395310245,-2.7379042248677,-2.898492072346354
-1.3503854906568722,-0.9667539012219811,1.1304405751833446,-0.501111585716011,-0.30343394004339236
2.9410574850558304,-1.3256808809393177,0.6282519599679878,-1.0096928175379751,-1.4028940023170107
1.256594497712868,-0.31928212669282996,1.8389379873472151,-0.658309136805116,-0.7405191628977654
-2.727625039366826,3.0503771351654194,-3.124082819822447,-2.3910424693145913,-2.6935693446606805
4.402612406812697,-1.401888715659845,0.006492078864921383,-0.8027034856099953,-0.782947850512063
-2.869714153059123,-0.11244411206459606,-0.8731756606805152,1.6258905836085744,-0.941265906328363
-1.6103538261987727,-0.9762446651407635,-0.5822779937067911,2.2796561201733194,-1.9994745370020195
2.512720198451308,-1.5433110144277615,1.0014239234402955,-0.8041953379099414,-0.9513999878162075
-3.1938364261488608,-0.5911016669692923,-0.5274439717871554,0.20808227387797262,0.7249610102119106
5.727223324776806,-1.0556924926830251,-2.287429611252618,0.6053485233743373,0.1510048660073448
2.582483544546057,2.0172197157573017,0.36493615900145804,1.7471817198620998,0.09315739871684488
-3.5994037800514516,-1.7241846782187134,-1.0088388125069407,0.5743751607844669,0.2682695638797956
-4.465823579530875,-1.4305845603664746,-3.16373738199766,2.716700242884386,-0.8147154980712733
-1.6194626490902393,-0.13374242926075408,0.26433950095766623,0.47205367219807376,-0.4577062157198802
-2.8758167657308116,-1.0517643098517355,0.13846247616945095,0.04426441786721846,0.24826582946786024
2.908445927755278,1.8883342555817793,-1.4406302402888906,-0.08111011591581695,1.2876310404015576
-0.31250018756300063,1.618268411186184,0.3491714261364545,0.8518268200723405,-0.12658880809425743
-2.9369819526116085,-1.6632769905494054,0.11344350413515168,-0.29487165429797507,0.34498614611564943
-2.9640890932790884,-1.6719879733994822,-1.6891592781771878,1.4143357895468258,-0.3135834853627386
-2.6577615751762473,-1.0985751419024092,0.3960643670944199,-1.2209966475275837,2.8705889344936617
-2.4165477952200813,2.4077872911314593,0.6831916433507425,0.718466021116127,0.390466848997561
-1.4255961958048589,2.730394381474369,-1.156167884889387,-0.5420457289138818,-1.7800286001436598
3.7146011107481787,-1.333591990270476,0.358266723658406,-1.0796260037800238,-0.632656730015494
1.6133840601357583,0.8201790578449596,0.9500350027901416,0.22411706443359664,-0.16807813100713864
1.72701500408273,-0.8808578230734999,1.3536162926765622,-1.0334417576142347,-0.2884908319931056
0.9315934825699029,-1.4877492559078516,-0.40832613563583053,1.3856027433268452,-2.0067387785173243
-4.324490554434929,-1.9185723344256351,-3.086507295541425,1.9123176254798158,0.25483362946581334
4.740649647777583,-1.18973259812122,-1.5716777026857076,0.4185359262152595,-0.7628380997905052
-4.042816132594457,-0.7004949932664689,-0.8192017451761027,-2.2867331271597955,6.4212594654744475
-1.588483476849075,-0.9702337452810249,0.8345987209476582,-0.2378614961161019,-0.22726473416562268
1.9165140976952142,1.703735220917851,0.5001071227650856,0.961287027248189,0.3131847113484817
1.767685418692964,4.906347397307185,2.4935219978128456,1.899782891813894,2.037779438305556
-0.3445157116817778,0.4300591861472545,-0.2205646992960001,0.020746863048247,-1.1434479057998883
5.011491017112607,0.06877074618953886,-2.3078454544711886,0.7673316195249043,1.4475174532034645
-3.7105634347032734,-0.42326490615494694,-1.4050037781027744,1.7468980063957855,-0.9271926408409358
2.75535787621399,-1.2441463262671921,-0.5000489877676302,-0.12778170478425283,-0.32738771565146246
-2.635973700731833,2.784687816518567,-1.3078413175746897,-4.5302251906919455,-0.14415846020981665
-1.5025281621994135,-0.013921583400639637,1.6115972264640166,-0.15667119820835843,-0.5257706779420659
-3.4753825134929266,1.8198509969670515,-3.9324398419326103,-1.9330141006109278,-0.4684294463739098
1.8463451635863295,-1.49377647542702,0.47403375599089936,-1.3127965585401387,1.1570915476457928
3.2839476495933395,-1.5786378492296558,0.7195158587503766,-1.8068946398437653,-0.29297186335994246
-2.8677129957882355,-0.5842649829972122,-1.1887287932328565,1.6286462501839822,-0.776242354863264
3.2975195397682984,0.3748232628083249,-1.056010188326365,0.5634464963247477,0.31307815186967647
-1.0568552243028688,-1.2634390948003624,1.655577674220263,-0.7872801091362612,-0.3190841176054746