-0.7819054058179032,-0.8103222936765017,-0.7736012417021964,0.12017659872954338
1.8021874933097568,0.40882001008555036,-0.9584126291576379,-0.6399983528342836
-0.15572339647027159,0.6427115150526649,0.24929824633848924,-0.21056660624386458
1.4099600242662387,1.0751525339959833,0.7234190076474257,-0.7890463539443714
-0.7667658114466125,1.95501615019417,2.30774058813222,1.5899819920918068
-2.077790546947182,0.18242532100546408,0.7003856527839796,-1.4744062316259907
1.3929787536554117,1.8945406563015852,0.03839068446225417,0.6716297351707033
-2.3376095560645616,0.2179460715246535,0.06315835894791025,-1.1109703691349886
-1.9010193594424385,0.025120060219031345,-1.5849794192320252,-0.3391660326182103
-0.42092552048466964,0.5857369734553802,-0.2810183113550008,-0.01574850907691755
1.4890125972737456,1.0701408878025285,1.1094002953234248,-1.0500283686748118
1.4349299541385823,0.5650951472471367,0.45478108700400294,-1.3520657079538103
-1.723531637372365,1.2407085753865108,0.4154836848245606,0.2133083005659529
-0.4607837860770562,-1.421031761783541,1.330593118747325,2.1143180020545373
-0.42651537427219155,-0.19231336457780002,0.01640550492635744,0.42618796194732267
0.49895391878991563,-0.8797670573242502,0.8062164929517318,1.1021613112025725
-1.5067958347206352,-3.1119184752376423,1.685086221507275,-2.915811574212169
-0.8989448312816163,-0.13249562598414616,0.37057413061581207,0.8225475605745853
-1.200388304753259,-0.8114999392395603,0.7139667267576797,1.1981384058246165
-1.4080034011572482,0.6252717805549081,-0.714686569516578,0.05854757458980092
-0.032276980703710205,-0.6030456618030491,-0.254434233225367,1.2824121510726652
2.932274418623863,2.636915606997761,0.46806568083310185,0.6112057233056495
-0.0012088519219529245,-0.9333538013728341,1.6467245819003442,0.18339872789707543
-1.0319757786827652,0.2013128778330631,-0.14979010162212678,0.49996101010948135
1.5481023311668312,0.03360065645464956,0.6828801113906152,-2.1418253923422363
2.038489437535155,1.0627522836507344,1.3070306390505748,-1.0480324494289646
0.3665486405182371,0.512321833780165,-0.42498384945329204,0.07800049707951968
1.7393081503648427,0.5326677459029828,-1.8739590021384402,0.026580301127863838
-0.09244770692319167,0.4443364705979886,0.0876155651082849,-0.35674313666769186
-0.8065700848203764,0.7396388947709677,0.023651399581888888,-0.06724280412897149
1.497116230688275,0.2849244895094923,0.8351262975274626,-1.8893886004719882
2.2934460558337455,0.9277573065040271,-1.554707892776797,0.4547260643259927
1.3420848905404608,-0.9475272379990745,0.25111829078935927,1.182624939303734
1.9696394099201895,-1.4341258641073868,-1.375492116625258,0.7451643033430448
-0.8912774334658657,-1.859044816509371,1.2411398358080274,-1.4095405003236494
-2.3424656315172254,0.3791716479732603,-1.8502569849961383,0.157813876470291
-1.6632491482441705,-1.3051939763499314,-0.7608286021735838,-0.4378506578989938
0.20019759477960547,-1.6113014311789158,0.3527362093614187,0.3507445893912368
0.8929548225918739,-0.9006888797215684,-2.550895363654866,-0.028859657859145203
0.6122530575828716,0.8554425226237087,0.19516320847401966,0.259567794613767
0.7259742552102442,-0.989051415771202,1.062845400593048,-0.7561856198576709
-0.5599267821406986,0.6268844065986927,-0.03668481215812496,-0.12593354713367585
-1.7132122871352229,0.30647276671224,-0.3593059814050929,-0.6149585213660548
0.5267196388126973,0.6050618980642949,-0.5714071370982822,0.31301231737383756
-3.361524840127781,-0.9606574884359297,-0.8497780148429311,-2.3642687340083266
-1.1675258542308276,0.09882331226286961,0.3411778227733755,-0.11786361433661169
1.7869944603952683,1.7165369796447525,1.220153317054335,-0.18891363515559875
0.03972652175116708,-0.8847156589214115,0.19160010065367306,0.3273755999823833
1.4004468477365997,-0.23655901996563528,1.429186179842065,0.49114229588809394
0.1741505611470935,-1.5393542692834798,0.6696770171876589,0.2832526916470656
0.7181168464074864,1.19381653961978,0.636277321573185,-0.723533123491773
1.6848012888801844,0.334379377198046,-2.1478781663875135,-0.0984027028913014
1.36759605159768,0.29469830600894065,-0.7694391466736142,0.17496610172672442
1.9888878016678073,0.6399599010039152,0.04602864978627207,-0.8683451156003712
-2.1146867786215995,-0.3357105012116091,-1.0537131063205953,-1.2401686295136927
2.3010135473909856,-0.3062133893135521,-0.15478127059354457,1.6367691466379584
2.4219994932969575,0.7507514564355486,0.758735661415239,-1.0507340560691718
0.10603740071631367,-1.6753884944444823,-1.599595785033414,0.4988636060715964
-1.9177528808206228,1.507338370944726,0.48202936581724,0.43233905947000884
-1.527722905228703,-0.31602755649296577,0.29412134430672204,0.5084112641013051
1.5518346811226968,1.5046389679931982,-0.3056747834186274,0.378734670822984
-2.419537397655828,-1.1096797756534695,-1.6869137113945643,-0.7939547284975522
0.4340785515416891,-1.25204497251303,0.5107488445888525,0.8187074700454786
-0.5868769400184243,0.30667585700726885,-0.8213219343736458,-0.15179675880948265
-0.2704726650814126,-0.5865875714864356,-0.6939860068604297,1.2177034956882986
-0.05787378727902692,-0.10360852846946048,-0.9068180266263678,-0.5372318304809933
-0.27757500118532746,-0.5241751794240442,-0.45656659654370296,1.0589229353616876
0.9616764516619594,1.3499155950305535,0.14046664929226407,-0.19503560846151397
2.067738327519979,-0.2305193107742005,-2.264925284033696,-0.7325152553212081
-0.5919383047364363,-0.058997915477782374,0.1980039826426598,0.23682091942572714
2.3372700083998423,0.6054242411628561,0.13164549145520735,-0.8648496171090218
1.9246818921151003,1.4514076683353214,1.135626021578083,-0.448845553467817
0.9191589614718044,-0.6309455193738173,1.4657337092050926,0.8449104880352114
-2.732850044430728,0.6093352935294136,-0.8829136581993903,-0.062380744315610456
2.611873254173125,0.7066807262823139,0.19133614842286892,-0.7328607782352327
0.5876925500283378,-1.018439270145063,0.5510964582520934,0.4885360007956946
-0.43221226102412813,0.12925284436012716,0.10466808150580552,0.2793366845395313
-2.2306490643948607,0.4517000112490018,1.0913868251298788,-1.3912832221039022
-0.49506194294511857,0.2635443313619162,1.0499199084329718,1.0675958313724558
-0.20140908646505817,0.30384933672884845,-0.021000371911992766,0.624615392338126
2.858099727351517,-0.7428959013179092,-2.0154236647233543,0.9901071844746858
-0.818434089111143,2.096464038112952,1.2081713969390453,1.101196485553282
0.599199898313502,-2.820123319248609,-0.11582451582124655,0.19353754373447582
-0.10917975572897388,0.21680444757336878,-0.21824174599320717,-0.4904763599110465
-0.05023932133781667,-0.35237876932761997,0.13584560381998584,0.529137803414079
1.8949330014821228,1.5641207833479764,-1.0519311852957645,0.9585530845674782
-1.4284706792442234,0.45307940808547253,-0.004533231543132992,0.5912576556047617
-0.9478197486390115,-1.711651966893315,-0.5801736113975291,-0.7117563967845422
-0.8921009202354995,-2.378329679863376,-0.11551273123855431,-0.7451670616696158
0.4288364861655313,-1.13140461018282,0.7026303181108164,0.8499533866498494
0.9041693586285339,-0.9386013503583868,-0.0013543809968390736,0.7891740124543587
0.33090291615166967,-0.5317486463819052,0.41642248375266494,0.8423916534495374
-2.0710042929334667,0.8014018794563195,-0.04761657192349028,-0.1732533657437509
2.5494360506921745,0.1705358986245479,-0.6472482092633131,1.249379232850937
2.4356142058408397,0.299954620169285,-2.199494773444116,-0.008799911226603094
1.4163072909616314,-1.557510872824883,0.33576387723611667,-0.6553532204902761
-0.6550061772252991,-2.1841681591728066,0.701019289834114,1.5257586807071295
0.5609045545037538,-2.0449896892028083,-1.4113354868828913,0.6064892130008385
0.6280605280616659,0.9488580476695222,-0.4064755550230974,0.6996976829855195
0.05659663719872379,0.8018390188211377,0.6254546629016894,-0.1786006593027438
1.7612351155909984,1.11894941917281,1.1540179430351662,-0.95041137559946
0.8226441786039369,-1.0263645604252447,0.8738318656032525,0.9468020944807856
2.084311363954205,1.2093460833830831,0.7662687923044664,-0.4826414274711425
1.5158739347447814,0.8439078923675611,-1.812326655380329,0.27368442276586463
0.43988062112540277,-1.3993871900360766,0.38205170967887414,0.6819044159884319
-1.8348101250866786,0.008886229837621027,-1.286709519513673,-0.5115415718893142
-1.7748307229501068,1.0228197980397153,-0.22782756938032878,0.21987394146974742
-0.02941004398380835,0.5367637467971055,0.0062890077660886275,-0.17052324988548478
-1.3475428823267348,-0.1437794476131562,0.4930470477970557,0.6414957006018743
-0.48526403014089103,-0.06037676988808801,0.47598970910278865,0.2180541724406312
0.5472005175822251,0.131757092033831,-0.9718105525879446,0.3654086351195305
2.215356695230762,0.8203460245510436,0.8242304732796316,-1.0044705619911614
-1.4570956743700114,-0.5653721341014045,1.4695028926187077,-2.874677432341172
0.23053858900826937,0.8765851742589302,-0.6961353025770052,-0.40546441029212793
-1.3040517225513906,-0.36587557191784875,0.16300527262376427,0.6678871326809762
0.5882546008711494,-0.523422600681493,-0.584725890902008,0.5179226428976577
1.3996101071101619,0.7370603002087834,0.8235438582550143,-1.2641985313558148
2.1568629167760998,0.2954909667336844,-0.5618222244966363,-0.9533085292523903
-1.7765835888044181,1.0513638303288244,-0.06810914841668608,0.20582800999728834
-1.6405310575469658,0.8451304087191119,1.0694576581733886,2.374708380711046
-0.9075142994533603,0.6919140586760284,-0.05975540136228032,-0.09771741300164463
1.6077446363042114,1.1978046454887412,1.039230614801992,-0.7289066900160615
1.0820338459882968,-2.0488055830513283,0.41726726194517616,-1.2793189663640698
2.1579413023884912,1.2662679056062918,1.4583702964760932,-0.780230512099113
-1.2397866660115808,0.8130860821467533,-0.2465271061433081,0.1101427984489692
-0.712623172413392,-1.3018637888533187,-0.0010773567321686825,0.30176084623874055
1.4714856967175756,-1.1276431160494487,0.7765177133394598,-0.14415123837571509
-0.2335157467436118,-1.723404390067433,0.277584667660221,0.45600602828218595
1.8445419092355229,0.6429092203102906,0.49776723505130976,-1.1317491566783735
-0.5640011117971275,-1.6472428436344084,1.279948453663148,1.8075743625003844
2.0586575255123196,-2.0529846751001735,-1.8671673776625557,0.17231587096041365
0.21791115533022773,-1.2206694632834902,0.7874984198203159,-0.02714620235164784
1.57333096314122,-0.19186965987235538,0.2890681466730912,-0.17328854192723914
-2.0906234286785694,0.6852073550819713,0.20875441718382795,-0.4914292337269505
0.6426045344887595,0.8421427876532438,-0.10915199824990081,-0.711935123157625
2.287483131759889,0.6656906231546508,-0.438382324869247,-0.48998444746648184
-2.841672433127119,0.9288932572796443,-0.6138724641695318,0.20678911002605718
1.9442413514480978,-1.5060430437673502,-0.30963631767207983,0.03715526293442357
0.08288833759405367,-0.7221854340770181,0.050378083829689835,0.46772368086774124
-2.685247196389145,0.8340303173159402,-0.36277967623517127,-0.04712608777508663
0.37434055382388043,-0.9789748104855102,0.9672545176248274,0.8360384625441236
0.8647644226186112,-0.8876316785800945,0.8671063149467148,0.7924468606850829
1.1054539048443583,0.5933756971114492,-0.8244018291610342,-0.6644613524301671
1.571616842948526,0.7291798230163282,-0.516551046731065,0.6604208120839569
-0.6125823686136918,-1.7197538838961095,1.0336104974684672,1.6460381945911469
-0.38860112132670077,-0.4121943556606754,2.3411891064026724,0.24296665987922472
-2.855916712688662,0.8893072771531871,-0.4967552290833237,0.082142478700204
2.3539066703019462,1.0595705543154252,-1.4843078305784025,0.5904957669108125
0.024684316052373236,-1.447849933834039,0.2012110840824995,-0.3142611558150828
-1.2696257096440249,0.6495549528668387,1.745683559890116,-0.137015050670561
0.1786029988269806,-1.1895147816422498,1.1613379599105256,0.30269862738369063
2.0857707848362073,-1.1923279773116824,-0.0948321419121721,0.37321826495089494
1.789956271804542,-1.4283558915489132,-0.3687837243448659,0.13665944772740207
0.6186651621048251,-2.7232800155561496,-1.7795340417544128,0.11576665568598654
1.2714618472776764,0.9410508930291797,-1.5785220488304446,0.24920825582277803
-1.0178935762406804,-0.11752433570941581,-2.6309427213153773,0.14385278863553833
0.6830963143706256,0.9116366905995325,-0.5691786704763804,-0.3772834230363106
0.37585710629291635,-0.5567818357061953,0.2633782361003831,0.8366510571726788
-0.4771299530744236,0.4168755871470966,-0.385230413684737,-0.19339729226181168
0.9558420790254657,-0.6162305095964061,-0.7859711248404824,0.6957096376328715
-2.8990693508196124,0.010625952007230516,-0.34659770988035965,-1.2718916823149384
1.6425929576344798,-1.3260910713943843,0.833431183226602,-0.4405839932842785
-2.565090971084788,0.28787304299952265,0.8555381774201325,-1.5196343243163661
0.22863062920281776,-1.7101431959504703,1.3887208273489817,-0.5559789296348258
-1.9986225119118173,0.6768955891106164,-0.27878464738796466,-0.21915882494811817
-2.7440259723760647,0.7398555155839872,-0.8974564979697428,0.11634121346672811
-0.07829286244032037,0.6920548932163851,0.5205467911028812,-0.3154790919671901
1.9819159412926197,0.9959189587262378,-0.6889941390759743,0.05681928610578226
0.22273015286918119,-1.0734245531095963,-1.4399416287076132,1.3264276277867573
-0.29518736150123,-0.21451082668188512,-0.5086128724928296,1.4782918414178394
-1.499304965090644,0.6985462404131841,-0.2978153461282727,-0.09195593414769289
1.854537406966309,0.37764914794181265,0.2168894263089374,-1.3468215815841937
-0.7696532057490305,-0.2009306875383894,0.5442497529927001,0.6571815289972016
-1.3586496555572842,-1.094366968544129,-0.26465741627959066,-1.0478572212729838
-0.24125054904170412,-1.4340049372583956,0.20712748628556066,-0.3165765161850336
2.197085747290815,-0.35476683653725394,-2.608554068423319,-0.7121066363655093
0.6264703559446235,-0.06772583095080703,0.2860542363252514,0.2439676698733522
-2.1129821330872343,1.0254425582329503,-0.3974083629085065,0.29997171424814195
-0.7473904991942023,0.7072112998070065,-0.6931331231400766,0.3005295761003482
-1.1929594605726068,-0.9930298152189088,-1.1730284495247416,-0.6985680772286118
1.8718640079165294,0.688448448250773,1.019143882698239,-1.3799102423272787
1.1435324941220424,-0.4655882649494514,0.4181425032851241,0.4061207525830582
-0.8360311286955108,-0.08837015556589185,0.4246146388361305,0.863912127901032
1.5683972972127107,-1.4383071550430224,-1.5939643516838728,0.7011350398869709
0.6630425006090496,-2.5750438318845412,-3.0806925721689464,-0.19962642209409306
0.3358535823469834,0.40444209620703186,-0.33247292375488546,-0.10709960825147405
1.7219962611922135,0.551840205326578,0.16076847084815551,-1.0869317491546955
-0.8435772673915715,0.8248844542381591,0.179976002687242,-0.04135120381951095
-2.6815050985141684,0.337322936695108,0.669119684354336,-1.401076137253242
-0.025954217245579107,-0.5223152797176001,0.5474599104549673,0.37486864261298414
-0.34448101159412864,1.5377686870004723,-0.8053336438726989,-0.7067730195186394
0.4607012750192841,-0.996549827252207,0.6140179032277304,0.8277373961970403
-2.706945947238705,0.830824835605923,-0.6349396450352438,0.1033086713454272
-1.0137012664972316,-1.1442519452337996,-0.7648310015889618,-0.456167552754603
1.0392536252295712,-1.3005576525695408,-0.4333791825668729,1.3355169110712972
-1.82593527732531,0.7721291805401407,-0.14208321540258567,-0.17030697221684615
-1.2077632206827926,0.5832386210472258,-0.3111163858427805,-0.17081123634991413
1.755123947912556,-2.1870270374716063,-0.751115979727467,-1.920751895914864
-2.7056735562230894,0.7065891743509061,-0.643520450614198,-0.06214607147754985
1.4943471563228607,-1.6385640575236062,1.266540778406327,-1.1563881299804177
0.2243361786988039,-0.8208923008468837,-1.6256740222688657,0.620796163725018
-1.751532999815735,1.001556806185048,0.18006949529576013,-0.02798851935474222
0.46454307402455863,-0.930180277625977,1.5253444765836124,0.09311077745831661
-2.5187921696119853,0.9269005650721499,1.3389923156937926,-0.97258407299276
0.8496686513924603,-0.6986356715209704,0.5235782882758933,0.41974039971471866
-0.4382342440809725,0.6525497240991875,0.024311504114907203,-0.09687013523362292
1.6822521421704433,0.7501876149785403,-0.9806814589071026,-0.19076818982147753
-2.6760050153899773,0.4768528357579055,-1.2015527294946293,-0.05679009379525225
-0.8910993195112968,0.08460852811954903,-1.7751749809901853,0.022503535872099308
-1.6204268942609033,0.8716747283817904,-0.3905524326772108,0.16035556365972375
-1.8377779983435811,1.0275880701072222,-0.1204625758133421,0.1495631180020613
-0.8940607454558092,0.5832767591167749,-0.22693205556929494,-0.15995749914288085
-1.223089728042227,0.23424449459816585,0.09949987887014805,-0.8896957472992622
-0.6366527726772897,0.7298578069867971,-0.23040296994415232,0.11173496464426219
2.588493611203727,1.3643806168303676,-0.5147586359306279,0.5300053168878479
0.6458260357757717,-1.2140575425520266,0.9581374590226166,0.464216313740251
2.3202295535580366,1.798831937474135,1.196958074983976,0.12792053886212815
-2.0163537253560655,1.2320610749282652,0.4532260153213598,0.06340945966484267
-2.504631627334818,0.2439507479713569,0.6088140167080976,-1.41351118079545
0.03718317970071391,0.3258729598977785,0.0065982160619403735,-0.4479733153385247
-0.30575972491379766,-1.3387740591836579,-1.428182498588531,0.7483816318778417
-1.2644056086947077,1.7918693270972372,-0.3592454464931289,1.471817432156072
1.8440111138838242,0.7159254905707777,0.5052200154999297,-1.051429434236467
0.9283308388857349,-0.6431351062065521,0.3129679885986404,1.7888491951737702
-2.6965640713889902,1.0031965641895573,0.21590828104313822,-0.1580537647011068
-1.6297493423601122,-1.079606327020009,-0.907420498697613,-1.4944244670554085
0.3808794041942704,0.7416264228425664,-0.2831841994856805,0.31374854450035783
0.9979910454939702,-0.9484176972398615,0.9163438764459877,0.6705489960243601
-1.7626010835259174,-0.6139604654909765,0.6673332671891871,0.8606398731833648
-1.8379683997062373,0.9316547564082344,0.3362113930851463,-0.21041969557567203
-0.9434503827319072,0.6543447458942309,-0.5609549094421789,0.12671690047391193
-1.2064777204334403,0.45479357254138475,-0.9412991513116111,0.013856726246968312
-1.2286216870262312,-0.6688461073733543,0.5612193500859719,1.2162585503688235
-1.3350782242733346,0.6064769709296813,-0.4142981408213772,-0.09336935120458478
-0.2471920131906064,-0.7107392130756811,0.7264459207093727,0.06547420308835403
0.8962886109722835,-0.855698197700611,0.5575450342421769,1.4222317903375632
0.892858655846499,-0.8559545550572881,0.38192142263345774,0.9748601282955911
-0.7983635459932753,-0.01976706425726741,0.5344418681881713,-0.18564843722139546
0.08500430523292192,-0.6574599045360101,0.22004706677851835,0.062053166290811826
0.476219253450508,-0.6429358669815248,1.0323301279199106,1.3703556358780502
-2.563554865575801,0.9384039511795975,1.9771185261846431,-1.3244295720665382
2.2013508819244625,0.7095129080939532,0.6052672591295583,-1.0533714785333206
-3.2144387250292095,-1.1474847745341648,-1.454422278960711,-2.257162488201284
-2.5518829473873943,0.439623844751388,0.6424619194810958,-1.1756584599026931
-2.906783059264193,-0.6941544481605041,-1.4457749148628112,-1.6058895850523573
-2.3656376781024964,1.333223346158509,-0.9618319985606473,1.0214532470535362
-0.24703031677503948,-2.038429059444031,0.8323424940548898,1.7275378572104152
0.6477520714376741,-0.7424196224280722,0.9960472071639822,0.6557365026252178
1.9460430365989712,0.6440056645068583,0.6896529337852791,-1.2453048068561545
2.42507473241077,0.7995724458538218,1.1285665503949565,-1.194268589989671
1.4692416328151312,0.8540803195606755,1.6341659640044688,-1.6650547803627531
0.6339979046640938,-0.8285522141694502,1.0155675646896187,-0.5848698709934107
0.8769002033059041,0.12342832831161009,0.2487918073469918,-0.7125412969574432
2.235662148440799,1.2891438603869285,-0.14397988033997505,0.12001501861409523
2.7396379744564823,0.5918525522455049,0.20788968287063025,-0.831633975928741
-1.8268623594949067,0.341156682261312,0.20355910967533172,-0.9133236474941757
1.465122645294356,0.8456374846875246,1.6167834678440203,-1.6731869534466375
-1.3130011731351487,0.6448231406962555,-0.3079385839364429,-0.11267005355121609
-2.3188147381871107,1.1297503007684735,-0.25080803096265136,0.3097307032727871
1.810444767502033,0.46917649001686573,-0.9761853869446913,-0.5427287841891527
-0.04699109436470373,-0.8632885808267515,0.47609178825684667,0.926460039181094
-2.6879778008160486,0.5429918579768738,0.8311323987289941,-1.2122762987568332
1.966852941465182,0.5466568795647785,-0.19206800368193633,-0.8721697774493387
0.11925546883982792,0.5006124220430498,-0.1984682442844225,-0.08598083969943757
-0.2630752932787358,-0.9045212048213429,-1.1051258118662275,0.8735380764953818
-2.409870137902204,-0.6592212126660241,-0.4729869729472309,0.28677226117644433
-2.296798448863839,-0.13479903993837955,0.020524550056249046,0.7358211490844708
-0.45943739759821284,-0.21332949147528427,0.2421169974582041,0.21227181407792536
-2.5866992627449,-0.17761826710253978,-1.0174029555634068,-1.0560426325279404
0.06620750302504848,-0.5470349111416368,-1.129260318675611,1.677802237499354
2.140237782502836,1.1654653802659412,1.3501711066652533,-0.8687404388455027
-1.8429965915197972,-0.6539229045246889,0.0912629694401551,0.08198704699530256
-1.3609977200630765,2.025713276856467,2.068779377802528,1.5544328206062152
-0.3800689725786544,-0.8437514344551718,-0.9719683762981517,0.825432578101319
-1.0129719990999473,-0.33703875625128676,0.33009302599622287,0.5104522793035506
0.3826289869734887,0.31006739304402076,-0.5698991560028063,-0.10265117254733322
1.4840944808447436,0.789697327316822,-0.7122464716611591,-0.34541812002352545
-1.250981759534495,-1.820951481111603,0.753798117409695,1.1735782739149836
1.4167971070760865,0.8017856839179457,1.889721396739295,-1.9090983528845398
-1.6084008187200147,0.7723633905954813,-0.5482250404695405,0.1414382860240887
-0.1004930206564517,0.5585916689861683,0.06960691118575388,-0.20979477543982974
-1.2196558849722388,0.6675099435963961,-0.7406205729770419,0.17705402709522722
0.5669101726986995,-0.5619216304657071,0.8006609166894278,1.0039197257777681
-0.12497989673177072,-1.6118263854373316,0.26195089767241075,0.19412730405472148
0.742311038680644,0.21557573699819912,-1.0373762928813821,1.802887278153062
1.3044401340615526,-1.5009134545491971,-0.13520128954720717,0.9915136685916036
-1.678865139910921,1.2707108666087095,0.49088832294572077,0.22652971401995656
2.2967839195110815,0.7868127243811294,-0.7730109884887857,-0.17288638018874125
2.2625307791811795,0.8731910145957201,0.3843710331254869,-0.6983816292590229
-0.5480520965610063,-0.2727536056640506,0.6246351384030809,0.3377387033705782
0.23819483523730178,-0.9395286597197114,2.171159580865209,-0.04997142347705999
-0.4215858338211274,-2.2626492043199784,0.5843862581208737,0.1584709506535595
-0.5970751358146039,0.5663232577815677,-0.37381027696192587,-0.043971328391681164
0.4850962847179073,0.9479240688156464,-0.5972220850388553,0.8155990365921421
-0.7281912396412875,0.9239879573718087,-1.2282912288211856,0.8967565007315128
-1.9337121781520759,-0.2923307793872198,0.3532650610684121,1.3427392505979592
1.1712170270974784,-1.646312774218836,0.8358420204571009,0.21803464954214954
0.05338331508271616,1.390400437352386,-0.7798431005029056,-0.8511956500816091
-0.8380901463824161,-1.8596183407497484,1.2829117469375464,-1.375310017256279
0.6753314186029965,-1.2366952947610437,1.1237404908945319,0.32049548033574193
0.6150310344613801,-0.7789506072122206,0.834816641088245,0.5861719104034343
-2.013955647689882,-0.6251616109336435,0.8017067140174493,0.9104823840893259
-0.2299473202891385,-0.8964425172113224,-1.0492065431037252,0.6968993725582103
2.22933498230011,0.468520318944404,-1.11710228267275,-0.44661751894582524
-0.6475995413599732,1.586660072392543,-0.6728783838988478,1.5036661071694337
-1.5474814728758959,0.03117893246718097,-1.3876749364083893,-0.404503516693669
-0.5133964330978597,1.00081287339078,1.3507344350822972,0.7362680867786974
-0.6762180670101248,1.12412168279899,-2.539754634045387,-0.43139333355316256
0.19200309347490402,-0.6692665425152798,-0.631469685775993,1.5457133669205723
1.187858666312324,0.8423558158784368,0.1195464684352087,-0.7999464752330219
-2.703462601986131,1.4023020519329592,1.453306587825176,-0.33989536260143965
1.2985492570246746,-2.2240568431548873,-1.299363174448386,0.6515759604190059
-1.3387939880090576,-0.012984857701462404,0.4364196144453457,0.8778576508927385
2.4031832069832886,0.5281582763090471,-1.5820634597845358,-0.036297587174350714
-1.775397299912414,2.2935672920535803,0.3995560822600646,1.6177494569761408
-0.2660817476862671,-1.8520209663933327,1.1701200551722075,-0.6987510153214768
1.2050873734838956,-1.1310320793402984,0.3360026750518038,0.9521557748127778
0.23878601401292354,-1.2098213144016745,0.5649222536460449,0.7080708053647591
-0.6654341966459881,-0.05865621180542786,0.24202211779550334,1.0332233121327983
0.056672081120116256,-2.423022562163704,1.1213187110697902,-0.09173407019217748
0.07839758748257007,-0.4472911014814304,1.0224869234401142,1.2892841546356852
0.03749745988890449,-0.27144797827346917,1.941161912843602,0.1873581150641852
0.04663358456733434,-0.9174267689956858,-1.4837334760593701,1.4272663065575804
3.1163322979635257,0.019542016330461123,-0.9665787600773682,1.551227481136285
0.7590916060119004,0.22094094480975837,0.1286676146337062,-0.5210912701999089
2.0046191964689997,-1.3462897281633168,-0.15907103599619432,0.18471438599331763
1.484382302814284,-0.023544458525323192,0.9338267549181836,-2.383153030067765
2.5496935434795582,0.30308116315462125,-1.2481461578277302,-0.48802950979548787
-2.0243860472494326,1.6827403164187769,1.2618567664222524,0.23195340031956518
-1.2684336263962637,0.7822369887770346,-0.1945152387938785,0.03027800109966569
-1.022471328812546,-0.051889871681411216,0.5466856573618596,-0.1392544180961314
-2.5052707957364793,1.2043777023382483,0.19284877197155514,0.11817072502664115
-0.4615640764540323,-0.1879326956777717,0.06441119394284568,0.39191631636655017
-0.39875457086631994,0.5066931519260738,-0.4129573963541963,-0.04536737721628192
0.331966799390678,-1.2615864131071337,0.5062978324469719,0.7783360320078926
-2.4817274782194056,0.9566217072377449,-0.24776585634841383,0.04703110682721563
2.709752583082876,-0.041435421244020144,-1.863207886876093,-0.5953869310735438
3.0957736895654477,2.1927435971072278,-1.0536164157470271,0.8943645343610716
-1.6229785630577804,1.7607167023526862,0.4515984816147379,2.08151438704352
-2.7116292492963936,0.2938664727763827,-1.4215866963446044,-0.19097598528912155
1.307528133893111,1.5396478323384963,-1.2568500888601504,0.9220409198012902
-1.487124746675854,0.315896235756705,-1.449331511056464,-1.0737887271389683
1.9572425765574624,-1.6325804192225146,-0.9623094323546869,0.2399373538048674
2.460940704937807,1.004057752814241,0.3612632890995187,-0.4675505489902198
1.0672796551549597,-1.1259515163121339,-0.8970474701427668,1.3026477599588728
-0.050231225515568745,0.594190042534297,-0.027028973113520417,-0.1121840692063572
0.1463644326519082,-2.1851284671516886,0.2888344043254933,-0.3984824116360225
1.1261882992494983,-2.750174519871359,-0.26843646527019893,-1.8259231115600771
-2.3943522668194737,-0.6750887608829949,-2.373808232197522,-0.9748268016590972
-2.258966358367253,0.9191135985768041,-1.0185320861232379,0.48037286426115894
0.4014402441051307,-0.6800359168745491,0.5544156238663028,0.6247897163005505
-2.4074928263966964,0.5365596081686665,0.8314337361067293,-1.1319855610331493
0.02053239670115806,0.4049665750917711,-0.283887928199326,-0.19521891350585258
0.6455362786091147,0.8410912648468323,0.5507557958945114,-1.198646593701893
-2.1044077055755137,-0.143724709285646,0.025915996678814984,-0.13701334470878046
-0.9181804852270096,0.6785797153704428,1.4739269774929287,-1.1089791209869821
-0.7953610599069023,-0.8632166925415935,-0.32734189603780073,0.36745427335747705
-0.5420726137322652,-2.067445988137562,0.7109878679577281,1.415317381021172
3.2112199432346085,0.4319481127025558,-2.1857646106626674,-0.8214791311812737
3.0331358087385247,-0.8509125272932714,-1.6731748287942927,0.74030103009997
-1.6497914600030386,0.1589358115913636,-0.6898781595824204,-0.6144304629583967
0.5259639387202227,0.6434283531620458,0.3999384886714383,-0.188375654947128
2.1993874478936353,1.5483607401432251,0.10623398853678626,0.3408690523770045
1.4415524430255033,0.5149496796904908,-0.19693913018258719,-0.9653076844842912
1.7666596474579253,0.8688316566411259,-0.4837135578598609,-0.2713607692488808
-0.005493743687391214,-1.4701908286632968,0.5605891164509628,1.421506364378496
0.11357166339721915,-0.4092226251436756,1.6978635421574095,0.8900288671437219
2.388722118924703,0.11682629523800686,1.6512760306020913,0.0205879273596832
-0.8027730417189075,-1.5048257743737428,-0.3621433870039018,-0.15865115156522136
-1.0463410480171411,2.2260543015889476,0.761663379798421,1.502632230137928
0.7086357803252572,-1.4312006765582992,2.7722077697865917,-1.9198944405364196
-1.8912069151342885,-2.021733237225997,-1.9858275090606914,-1.7671297915761306
-1.7083980927929654,2.0802646432464207,0.15359854456633915,1.500630649417452
0.40551465104630197,-0.9491961832700868,-0.9054929000245421,0.054965678404661676
1.3936135376626722,-1.1062978013487046,-0.016716544675512552,1.448219915443766
-0.7462211569289942,-2.310539614963059,0.909635488810562,1.211271160529595
-1.6320624868907445,-0.39357397894379437,0.9179447430954599,-1.2093420164577653
-1.4248254982662782,0.6385040603109742,-0.2730677897566241,-0.15073227495443256
-0.38630855691936045,-0.7445467071460592,0.5938624857726614,0.4544995734909121
1.3052491741624959,0.7328699012084043,0.38836144140734524,-1.086830689839375
-2.7240509986080714,1.0232483840742679,-0.5956962992702636,0.3443065627521192
1.4722925443396262,1.1525775543067045,0.3259255709314097,-0.4111332433620898
-0.9735259395230881,-1.212990657745383,0.0011969064231862952,-0.6623621464242498
-1.5955939180947214,-0.0101798632174816,0.3827829906593374,0.8592627920081947
-1.1052801254362488,0.403379049520487,0.1308699261386124,0.19470268705742733
-2.565598666391716,0.44643989880999274,0.16250976538119125,-0.9550213607360811
-3.28756978875799,-1.1166139461872522,-0.38289710920820125,-2.8437102267338763
1.9295919928353695,0.4108722022807787,0.5814123661600232,-1.4829577142770505
-0.12311710728599576,-1.5953848343111565,-0.9127433891118294,-1.253195442532632
2.40645407396291,0.5753391810690301,0.01736786355678079,-0.8729727228883918
1.2470321455520137,0.5949982153147508,0.6035437277469483,-1.4075014037719265
1.8572883839877792,0.6598383666713659,-0.987811396590347,-0.2671507737717549
0.9608847357041947,-1.0213257433824467,0.21334277012926103,0.7928422771475627
0.24993754825360706,0.49509987461507915,-0.3676201611226339,0.03209661021177037
0.52501227315392,-0.8398855995436274,0.8046164745347216,0.9295822631701557
1.1380174231999822,-0.8383486486823698,0.7890223871501265,-0.31210760489359474
-2.0138967631582374,1.5213312869968856,0.20916767981970566,0.5717485233811311
-1.7226865054577074,-2.1063459610525608,-4.18079866161044,-1.8768957534185433
2.762422538602047,1.332729305006591,-0.8969875401509905,0.7489764620037025
2.0243819485360213,0.837878157401139,0.8573982242312703,-1.0630103553916936
1.8853000412658605,0.4787044489443608,-1.9321440704267498,-0.027286883599812118
0.49524855330432604,-1.2632254599150068,0.6386259518735617,0.7422987401909961
1.880088233856986,0.8011340386951965,-0.7157161956204924,-0.22012269253035308
1.5452568507320028,-1.1304143382526546,1.0428440567904205,-0.43635240844606543
0.5332573223878241,-0.7981361530609691,0.7705600386314224,0.5051985186282723
2.3729457379734518,0.576538898614667,0.7128292935723177,-1.2430419498225735
-1.1146023765832096,-0.41068738643929065,-0.19035179917342487,-0.09936619811549176
-1.6150404747130478,-0.6475673659669299,0.619750330608804,-1.1235997278993126
-0.5078250917045325,1.5911449665788762,1.419340393824495,0.2789149497442299
2.1359822605259127,0.7801924206636793,-0.053070745495909816,-0.5824037018477727
-1.055697786255708,0.623253063394315,0.10161791822447827,-0.32010167521129235
-1.0674828528623792,0.8480924252826662,-0.4023543712366596,0.27174230814555417
-2.5721613078258474,0.8815052974577474,1.8049322057267707,-1.274541538952686
-1.1522007906596332,-1.0313650956780822,0.9407207603472465,1.4243146228748664
-1.358282418840074,0.14535579625839554,-0.4234008023152462,-0.7439466829473155
-0.34737260244662616,0.4863701677017417,-0.6407900038691269,-0.033507955191070436
1.9719089823613394,0.6424411513094667,-0.423904833897092,-0.5921559148840889
-0.18967232498394992,-0.4315684310042383,0.7131870257201194,0.09019597619170312
-1.8735350821827343,0.7303174682996675,-0.7314524118107972,0.08797747090332107
1.1053082253837432,1.1796664998130213,1.5270264034990009,-1.1755123863274364
-1.0916258114404453,-0.9875322648054804,0.6496310281897841,1.2406196458107983
1.5596750426656343,0.9483163106066974,-0.5705553613197728,-0.1638683741193427
-0.21724037945864405,-1.144405610513108,0.8268203716696344,1.3084899353983612
2.306059209367238,2.3488055934973064,1.2517964427219543,0.7897404464779582
1.9033981653092513,1.3033367904086262,0.7903776365887094,-0.4681078082309899
-1.8252726199750218,1.1247329269387583,-0.09019753920540047,0.33931734724506535
1.3081945296311264,-1.023401277089662,0.7569751365655216,-0.0377029152922052
0.9125643411174313,0.7827286582594495,-1.2013615595721219,-0.1786581796790597
1.5033807810477529,-1.5926310990166896,1.7056095781595675,-1.3572876435339316
-0.9650325870152866,-1.9075657950304328,1.3429917729956462,-1.5862674241608399
2.293564313068919,0.7913204512212659,-0.19480335980470234,-0.46932166520248264
0.22948422805465823,0.9990702155466575,0.39452125892056195,0.29337020004543474
1.336011925265132,-1.6261696289583605,1.7476766510988266,-1.4354954736204928
2.2881870584748154,2.840747050319439,2.7993784532203954,0.5294828740141796
-1.449198521158156,-0.1106010075479201,0.46797221542676737,0.7014648976225907
2.722888644316561,3.173535338119586,0.43957206824102213,1.3345063372765307
0.8071474213144442,1.5475350168551354,0.02432109206731944,0.1620908395048222
1.8356368224505688,-0.04381851784090949,0.6149291613447686,0.06131085787806997
-1.418786295637796,0.5249014928643431,-0.10424651909486742,-0.40649283611976883
1.5286589439583393,-0.4163316886811577,0.2786677415327445,0.3447314986900394
0.2920047647925514,-1.214862271812104,0.42891643676332486,0.5170760566988077
-1.0749865295225545,-0.967489340797133,1.0211819413551693,1.2708068316638903
-1.1593718960167023,0.3297849793349559,-0.4177929183307157,-0.43077946653293175
1.7851845553950894,1.4808090337659168,-1.3565429799295365,0.9266718450094747
-1.319300370750413,1.1672569406134714,0.07528399889912962,0.3921397779675644
-0.6144080061865149,0.5160022405776791,0.11200178415425353,-0.3665839352360526
-0.10533062214761144,-0.5471953810347929,1.9514999993944053,0.44853886142814975
-0.39428885126835106,0.4174277971392299,0.27474136655372994,0.5869244990912259
-2.673259593742613,0.9196126604668129,0.20546233909341413,-0.3480986026034765
1.307379374316124,-1.3893684840917058,-2.088291674980558,-2.5486896532047556
-0.1833440900903568,-0.147905404119871,2.324574968262611,0.6643778270523854
-0.3124323275380693,-0.5148880765214663,0.5482275431721375,0.29991265192052774
-0.6822250597734142,-0.1253755723835174,-0.06546638983637852,0.016724901985203825
0.5241320937947378,-0.9553577308171425,0.20132552913873708,-0.3976363464638712
0.7525737236976838,-0.911792598174239,0.4009541408138994,-0.2857996682546557
1.4577145518810344,0.7930766144926431,1.0872418105991826,-1.3786801247698088
2.2561441810724534,0.7886945013411832,0.2861314161597209,-0.7357098303453021
-0.6170165767346861,-1.8974525877528432,1.1600675387449075,-1.1911368013194523
0.5206358675396602,-1.0113236747709613,-2.253831271774118,0.6309199520254853
-0.19890121972913336,-0.3095160372901073,0.5515771800248837,0.2803946406614577
1.8354025925046167,1.1335492550652602,-1.5005426099789754,0.5593393551580902
1.4510413500044859,1.8336209038613722,-1.0000622580374878,0.05544343682312799
0.2639169555598545,-1.4970226205949233,0.24398375854671212,0.5673706569026556
-0.8196803589382334,0.9182580326126685,-0.7374044625235129,0.6022681717978771
0.06396830829171561,0.5033522110660732,-0.14972788158058764,-0.11059828585655411
-0.8354269409549675,0.9095635125118263,0.7583575196016064,-0.3146611842176206
-0.18081127672221145,-1.3376551646158168,1.9196735810788896,-0.6248203134416168
-0.08813936911341114,-1.216819111982374,-0.5159221605004576,-1.0017341779525553
-0.2061033642037337,-0.9782624825264495,-0.14116104802446247,0.4207379403831388
1.977697145950744,-0.9517503997270735,-0.8978636601989989,-0.31974808705455665
-2.0795128959395766,-1.9119827040126371,-1.245214785629743,-1.3118680746247902
-1.8792253186728172,0.06380291348420455,-0.7366958760898221,-0.8113617476787535
2.302139421888907,0.8480728049942038,-0.9816295140603934,0.01524002233491688
1.038663135296479,-0.7965472747297885,0.03655315843145938,0.1061417841128776
0.625624440105133,-0.4600410618339034,-0.591450800967881,0.831115965235132
2.243806450394378,0.6748402067038354,0.6349701103774258,-1.1073732085017647
-2.3630656914420447,-0.3408886599722207,-2.348041043728869,-0.48185366504774985
1.239988337389959,-1.2552080748421812,1.3790608832750713,-0.7612683499925966
-0.208187393603439,-1.4442830852438266,-1.6383965613199791,-0.3586519472469171
-0.9428960856427305,0.3106215815847261,0.7333807359983867,-1.0971255377397755
0.2964441919537402,-0.4000375204777472,1.0716841961791816,0.6353409733695304
0.44161756711021866,-0.037859197557557914,0.5491391709438206,0.3922908407660214
2.1100890145940867,0.9124834649226018,1.6996170953447143,-1.4198799163169915
-0.6136178392228802,-1.1250934020542986,0.9725017191168367,1.02707909196873
0.08340674236047511,0.4119170894885667,-0.041759870366941156,-0.2909643321668404
0.7047538244993697,-1.4606478510697944,-0.37387852804384675,1.074582013863457
-0.45980989256359833,-2.441664942322323,0.5122839755980634,1.2943915961928818
-1.6219552577012495,-0.1586959179625123,-2.717767961998958,0.06318806941327486
1.235574006936435,-0.4992569285350281,4.010692192521777,-1.237659464821869
1.5256863506378098,0.49636617912306596,0.08521205519569024,-1.1681178880229606
-0.2692842258451356,1.0093149633285095,-0.09047234046527852,0.4471355271484811
-2.342970786611867,1.151829689424268,0.8816204132111929,-0.3172024204959694
-0.4969693332463913,-0.1777564344994051,0.6777126375375424,0.30382300546712265
2.010425173980066,-1.6659142908407554,-1.2939861157735235,0.38147679241871607
-2.3346084634476325,1.7365356936495049,0.4363386800502015,0.7460775644063207
-0.8121700109104629,0.7080745970111675,-0.5697064689254894,0.2314920100599085
0.4150937322375893,-1.2500051767958331,0.6851549909539609,0.7190075475737969
1.7324905274752027,0.22792679427722573,-1.461666498667039,-0.6081162091426422
1.958386652550509,1.22982276806763,1.5980738017072307,-0.9640342538240125
0.1770869171732554,0.1005727375111147,-0.3770678297832743,-0.5479433551550817
-1.0003668813507314,-0.35111983814695447,0.3072610201716003,0.552108509081738
0.18932072431937938,-0.6249554635406666,0.48350683354263774,0.6032088545745387
0.34035485499296797,0.40634584639696136,-0.10957814055658535,-0.27531864652689375
0.8723246136918174,-0.8641999041756981,0.45168737836236406,0.43385177938078384
-2.6076860540375395,-0.5452485518676062,-0.5783709248130066,-1.8457993869882536
-0.06179892251960627,0.43287742041550886,-0.3086912995991056,-0.17867314031261192
0.7476278954907463,-1.2111163785919046,0.23337300375393794,-0.5829822532847587
2.2327972997580927,0.5775617826535211,0.45793596793369873,-1.1018772741526377
1.238255923039929,1.8730352296374373,-0.4467994051705167,0.8918907543722187
-1.462669378067543,-1.0533076047713459,0.9690857551778153,1.0407884912366965
2.538368134448982,2.1065311846775274,-0.4817639981189846,0.3683635384960347
-1.0608337038119542,0.7033531798191247,-0.4079295518217984,0.08579532601299708
1.0895089798472462,1.1707768228850064,0.5439303112950977,-0.6388353132407396
1.3173278871381933,-2.158729608770887,1.6280014140965633,-2.1233591758336283
-1.320121616955329,-0.1719852353093736,0.0692791654538364,0.8738355148572796
1.1286748922379044,-0.935886397345749,0.3056457626469033,0.8821459824451731
2.185221488775451,0.8235190120415216,-0.6861573778567633,-0.15254429049828375
-2.1690018541234877,0.5934797226479258,-1.2266224976254203,0.1446585077044463
0.8315496915900489,-1.0785262009176109,0.5474012119554501,-0.5096798681505694
2.227663728131213,0.8704141057342812,0.6708634030017284,-0.8634335798133653
-0.042452716932558865,-1.3640992965354326,0.9040504987331881,1.5340980064167042
0.11239377943548556,-0.5901324610725719,0.2724118188282949,0.7309707135917737
2.190395579771307,0.23045977329574724,2.3967899836496884,0.8943674045747247
2.439610147929787,0.6095997576084048,-1.7340719437856003,0.1704113214953126
-0.10528483682590903,-0.04543246970261129,-0.8761037617574677,-0.1353453146243558
2.049373069678064,0.8079323101422097,-0.5126581616364015,-0.3439431284988787
-2.4546784210941635,1.489209638278047,0.5614340975840777,0.31695879066410776
0.2993088976253736,-1.0619865931142791,0.8564221461154634,0.2527127016711132
-2.612556978750468,0.5850948883603614,-0.9657513720567844,-0.033258501617252585
-0.026310751856474295,-0.4967684600130002,0.3860609595588849,0.5468044172534814
-0.6504709542274347,-0.02444150029357145,0.6181877636300422,0.29479611477139933
0.5302721446703198,-1.3195325163982248,1.3633629010568782,0.20446263368358006
1.847082055188266,0.8970623768877055,1.0565762116463708,-1.113193672094778
0.3756089769852655,0.5999554394052303,-0.03779730277523496,-0.0359430481206181
-0.4666800765123014,-1.6545576032419935,1.2670632651826463,1.9284561802519997
-2.739152903391919,0.8088942711491313,0.2664927990676239,-0.4710103540712794
-1.5687813541306719,0.7847243699129668,0.20389465068186052,-0.27841606958598203
-2.637808513658851,1.7423035903573725,0.40202083798650373,0.695279197124149
-1.129044059749576,-0.41260840543973953,1.1718771476991185,-0.7242546096802951
-0.7163753086569973,-1.257818144480996,-0.30266555475514817,-0.10112180918001089
-1.9943116167875097,-0.854421486170031,-2.664956576462565,-0.9823430450955412
1.163988879120224,-1.84235682258882,-0.38571004006231663,0.649466574718176
2.3179192361593217,-1.3856310946544619,-1.3756969720119139,0.8673080936597801
0.9008794356542789,1.1371280872666882,-1.0762680082023977,0.2529646907362877
-2.2807838030391254,-0.8871932685118403,-1.3276333660025306,-0.6543056180923494
-1.3658730733121331,0.7258486125395833,-0.7073761688351426,0.21808770698277744
0.3828560077487342,-1.4579633381495984,0.578225580477543,0.4810685910094206
1.908233025036918,-0.6269436042216637,0.2838554167958332,0.8686287368915961
0.8070315961434583,-1.1460914305314678,0.08693768093384963,0.9977244984246072
1.398033900619229,-1.5656124972052097,-2.103367236224454,0.7079723386403625
-1.9241518069224843,2.2838466545149974,1.0532812796069744,1.1621861377536495
1.5859227858585363,-0.6918611232373911,-0.41932804109544675,0.4387506185875818
0.15376052885290187,0.4404100931828161,-0.06969994837431612,-0.23780057359476586
-1.7569587826521005,2.431330271130823,1.1192856220001444,1.3659864191166013
-0.8143054571824836,-2.0283171482082087,1.1706092034456481,-1.4923311495418323
-2.647352629779836,0.5441791777694961,-0.13209040377307368,1.7032761171465625
0.9485661593627255,1.1238468696613704,-0.5728209518243781,-0.04330661714457623
1.0752296494628835,2.5349905109726474,3.0626438914965726,-0.2539432910756551
-0.11230081323972854,-0.7603613645718994,-0.9773664453698265,0.8240596806406155
0.2874289698314675,1.9208629054019462,-1.641333331491402,0.39468759855365354
-0.38371795173002465,-0.1760638775454306,0.25890314571877515,0.24467591501292535
-0.8083361970274292,-0.33280321109552613,-1.5586020731472183,-0.6341431626715262
2.1552902973983064,0.6826949705800627,0.12626942024039667,-0.817501318963424
-1.0922117991964173,0.7929013851618925,-0.909433906294082,0.45137358837403835
0.08079546321228574,0.3629117934542614,0.25310468504175365,-0.5421776638706743
0.07313411130496267,0.36921333788824323,-0.029729672597323904,-0.4090544130968014
1.2513592787632817,-0.3719872357105983,0.49469526692844784,0.2955964477239254
0.9812918714873045,-1.4051041563998927,1.125174799529698,0.06599646179788962
2.375260222702701,-0.8643188745601271,-1.4937337366317933,1.589017211172177
2.220984869792913,2.1031545850759477,0.29289736462551647,0.9626249873615024
-1.1424520134554452,2.0373988446530964,0.9855029839643827,1.0955749515533069
1.0189547489612145,-2.8738938520406045,-3.7951589391503866,-1.252524392406163
-0.09398686624988196,-1.3734881245524713,0.8827488982513857,1.3956258771619843
1.2048396744838403,-0.7744081716140033,0.2668756676972689,1.4781097964292806
0.5757558051969477,-0.6674467688997422,-0.24581723249207293,-2.7628436669929792
2.3097062887340987,0.867003417626459,0.8393156776558537,-0.9382868875942811
-1.1217504639751532,-1.0275792803081178,1.0244029790567288,1.17408947803367
1.3390888521822883,1.0209357974185085,-1.4450648003404052,-0.8293451961130158
1.8793307149015916,0.9449547604221057,-1.8048774749756282,0.5472228901084356
2.084202226360708,0.6398152692557595,-1.083699843765907,-1.3377316563595811
0.46428017291486534,-2.3408369229325587,0.37886021267311365,-0.6789085761391861
-0.34688123649003805,-0.22976788042270804,0.35559741034615217,0.19821392619576086
-2.15455322510537,1.6916253150072431,0.28274698035507023,0.8128768956157426
1.0825133139592757,1.059163764334426,2.1450173594229964,-1.7596013460806434
0.287154734872143,-0.7817761540485978,-0.3780101404458784,-0.2741029799420087
0.45129950806866714,-1.5727738007916758,0.8668335655549038,-0.033285876524268135
1.7306282447171764,0.7812983742710922,0.7906751581349964,-1.131753202227999
-0.00627178684842478,-0.7550032375256968,-0.7163179327051872,1.3367755035036346
-0.7856341000040316,0.14715779160859074,-0.5315866495114436,0.6014106366656433
0.7579191997933261,0.1710899236874963,-0.06969552101490181,-0.4824438282986909
-1.327921845774972,1.0297980079004039,0.23919352624504253,0.09292975674010899
2.018171541677704,1.147479008075178,-0.39130646553471754,0.06544631496345844
1.9048348512323492,0.8817385111201038,-0.9669225832062605,0.03290248383083505
-1.2033895514781419,-0.47382381113629113,0.3298930292616407,-0.7360299075240375
2.040631665683553,0.4717497325723558,-0.9185057400879854,-0.5734213426223511
2.6489238272194116,0.7674724599719704,0.43003642420879,-0.7565414818443305
-1.7901068445308024,-1.7082388807421092,0.8846627793612734,-2.7413304424338416
-0.4728260933401247,-0.8228463350917782,0.056967870888875415,0.3822580144393065
0.2727209908525543,-1.0003620809023301,1.334911859421703,0.43686022000326163
0.966370565500846,-1.0347621245391003,0.2334306236429348,-0.4555298873133434