0.2094476265986851,-1.8490780149237573,-0.5384832817242704,0.03940983272708012,-0.5632283537428134
1.446380493648518,-1.099017557201911,-0.7680002186607952,-0.3328128852958926,-0.5839792686046291
-0.2913781152732536,3.8168280462386455,0.4142135573985362,-0.14044783133490718,-0.2737524787028871
-2.266839321378529,-2.1231732513044266,2.282242670725526,-0.10282297052585819,0.10276218288506347
-1.6031199871604995,-1.4861906236864346,1.581283441792988,-3.3009284757538055,3.017821905519555
1.5197193589858844,-0.28912860176678257,-0.7700570739444031,-0.04647590524957892,-0.2675854615392421
-4.401013395734136,1.1222673336051994,0.22720331612560984,-0.027028027199530423,-0.08958740737476861
-2.408907627687267,-1.907583192550458,1.849955328302103,-0.672831356508036,-0.5212569829429784
1.7424912774686871,-0.4313130723454461,-0.9808353616466008,-0.8103707408697282,-0.638976873174272
2.397456850659893,0.7317314694034192,-0.473024036920087,-1.3211793237414589,1.1803393112658276
-0.9395076449741365,3.492634058265799,-0.8845652838547066,1.7000249218071222,0.5674311518598377
1.506982794835313,0.46784534504437436,-0.12515963570731764,-0.8989488554933798,-1.5118246417172296
1.4712907746219719,-0.2859995117465303,-0.07512950992436489,1.3001483805915701,0.7352225002659716
1.4631133327592487,-0.16281353399474313,-0.1184697620747626,1.0651177791112432,0.4456557246070888
0.05866296099120816,-0.7328688994946526,0.5686240806440427,-2.5762740463475717,2.275322439135688
-2.355796868420965,-1.8593372525594534,1.8354302053542426,-0.6671367346416197,-0.5163018793980237
-0.2198939762365027,3.758233084762277,-0.20213087238774657,0.15970358114408575,-0.11151398144114595
-2.5110502450952916,2.2670822713178653,-0.6577726768950922,0.7321471469206555,0.383300495338263
2.0934326537615706,0.3166997063326184,-0.6233795330614696,-0.46734885264181597,-0.24161951609263516
-1.950401622839069,-2.0169498916135273,1.8915341255492064,0.287485731751681,0.16230232936465594
1.8938638139660824,-0.18335027593197253,-0.9159908567375824,-0.917967195352648,-0.3976649967788974
2.048264487305042,-0.12276368062908834,-0.4048411870769617,1.4373022029873104,0.40464287398652166
-3.7023605332601486,1.099408723903852,-0.43411448423264815,0.2162246869748383,-0.5340039693299592
1.2538137600243533,-0.732337702303348,-0.8455036738703755,1.6234807953568353,0.022870295808161877
1.8271419375426565,0.37779021744791313,-1.0518428290590383,-0.5831607550201156,-0.4610369565444458
-1.6475882583143597,0.9327413333434558,-2.424489503901858,-0.39058055628154004,-0.6307333004132631
-2.371717923747018,-2.201724823141501,1.9922658744619448,-0.8183082783956112,-0.46988284330157754
-3.502298772084137,2.726307302002123,-0.18955124728282738,-0.4094799300213365,-0.17321634688206822
1.7427852730173023,0.10499453485664066,-0.88530840032249,-1.2754982704602338,-0.30259140308399785
1.0413016321704918,-2.245444784846783,-0.9221546458855935,0.7956670531044567,-0.7363022550262038
1.1309215503433776,-0.8236656010284678,0.24297844462927412,-1.2225098484489727,0.011799547393636759
-4.281052617146949,1.2585480925584238,0.01724076321900324,-0.33914593183468006,-0.3835523777872301
0.7844588415341683,-0.07406273745998648,-0.08601328754959414,-2.590527783290233,1.9267618101675055
-4.486950709708823,0.7854261360978059,0.25599966806597557,0.44517870892243677,0.27729130423935494
0.4360262038865943,-2.8537485586586926,-0.33206168424421406,2.1087099967364122,-0.16413767837622814
2.1669211611583825,1.4776236459275984,0.02919871758357312,-0.0913734582327693,-0.04869015656579479
2.2147467111596146,0.993993513535929,0.15454604512307288,0.528076053135847,0.3086503304767705
1.2381886857258901,-1.7437000389685784,-0.9789990935073667,0.10782780595232909,-0.767089300861244
-0.207448947555148,4.042106700421693,0.7144856904917983,0.1995189022487897,-0.1114150957452164
1.0813264959147944,-0.4580052579058172,-0.6309446867376802,-0.5433509568749574,-0.5320175103863991
-3.235702954666476,2.2068139270205687,-0.1177679747042529,-0.27701495765679746,-0.09074675054276413
2.414760891540732,1.2934311938244327,-0.5924127422602483,-0.39632996266921083,0.6923787349596054
2.258212640427813,0.8222380637325835,-0.2588768226538969,1.0013468933690342,0.5176736934455181
2.495289215321138,1.9718336224264144,2.084200891408167,-0.5842077519412858,1.2116459195376832
-2.495828303460368,-2.2234478589561677,1.9851088123806866,-1.1149024054552814,-0.12510408738556067
-0.3855872036034086,-2.574529228601446,0.2798871401219906,-0.30497969821833054,-0.06265776075929273
-0.6826434597348158,2.5913071696835472,-1.1419435847234438,0.32071717877803724,0.026814032114394967
1.1008720878482878,-1.1569887352256494,-0.7216704035665344,-0.5942706135500482,-0.6249040899546604
-0.04042542563923548,-0.8033805485199087,1.8421531821925434,0.5140764659704606,-0.3609460332223578
1.8565211155247603,-0.5805419307051345,0.07940265605225466,1.636943438166986,0.6268797104566418
2.019314937951405,-0.35326649441370817,-0.21201420292008374,2.093528477821648,0.6340862410078852
1.94132734549854,-0.039550312582685036,-0.560854472839786,-0.5037485851022948,-0.43836539148006726
1.0597239352033592,0.7850126637429604,0.5705364788388204,-3.894140467061122,4.180269712737682
1.8749669899802675,0.5816952344326981,0.4900549389045254,2.107229421665118,1.3849271528400071
0.23303732587006656,-2.4755090229525187,-0.5341138832345891,0.0359044266107563,-0.7449129397756228
2.3945872144463958,2.165946832817598,2.299135020741378,0.9733247994524935,0.295928263226729
-1.6410647829963882,0.6889532410711856,-2.4242680754847616,0.27631235770818424,-0.6237767840403484
-0.07454406992847053,-2.265765979188212,-0.031694350955026845,1.3616105946493617,-0.2313229000340881
-4.676742350925699,0.3817609628592462,0.033252621193230435,0.3887728446387701,-0.002851977590069356
1.3092225336505858,-1.3308198493488503,-0.5042457482610322,0.10547191070249025,-0.5599379231718636
1.8921848351503765,-0.30036884233310335,-0.888468440235762,0.238567182754862,-0.27554539872066813
1.5889060743151158,-0.7890611893142796,-0.4571930789918014,0.7383938327423645,-0.09644527998606203
-5.456097796333027,0.31932837638673983,0.34711979162570644,-0.624938871801091,-0.6044587933216203
-4.62039873761935,1.1890530109718682,0.7462917922975153,0.7527498288450303,1.0031006928714763
-5.472167202072082,0.19592852035722602,0.37089909491549455,-0.593594586026231,-0.599778329704643
0.41498863509158657,-2.191392354220153,0.6751538745297364,2.6648013290045776,0.7526600102973247
-0.025582937546715288,3.542870474668005,-2.5947616634654214,0.35280102742200764,0.05030031530594408
-2.376559126165963,-1.8672144037313345,1.9286035933397048,-0.8032184532455714,-0.5915577021541848
-0.16153257061577647,-1.824610507586487,-0.28956394173807903,-0.4962287645245654,-0.6568760823199206
2.1990008416024103,1.7165345141612658,0.7609339283068465,1.4954304362518591,0.8579260854536714
-0.6893830292311593,3.8635484620396237,-0.4364471222140963,-0.033689283621966847,-0.14717778962369482
-2.008769597797186,1.9130401043647882,-1.1716056826962582,-0.06643294398394362,-0.17785886267656786
-1.343439699123257,1.6230821829595636,-2.5586974404566334,-0.3939556878600156,-0.5930090143967274
-3.944292036985877,1.550608414656288,-0.17237516842224043,-0.44812712103722663,-0.43175357213408766
-3.6757172549712944,1.9688953653322785,0.2877067977282984,0.9318874947448561,0.7453184709801565
-2.3298011126423406,-2.715309929594671,2.2289608668176637,-0.17340095315449083,0.3548790637267255
0.1643596743134902,-2.516175519482131,-0.3380916468358086,0.8497697949455033,-0.5168134290485706
-5.017607297166615,-0.023824330160623318,0.2770075066476658,-0.2372026838876367,-0.4809692128217294
-0.04830784415475216,-2.7001924738092864,0.3848186034448457,0.9498827974608697,0.03417198680459588
1.9178765456838922,-0.29616211203282716,-1.0942821136595353,-0.6608815266814033,-0.6512636320836005
2.232411461125855,1.979733484757112,0.9543417197550393,-0.34807336592891785,0.0690160927542854
-2.5318704161030943,-2.0703007997189866,1.9751795288278602,-0.7758722555971502,-0.6021163895790144
1.6818366422355815,0.42741923667108883,-0.3396231653293379,0.42903923381863324,0.05638154891483419
2.372887476685553,2.071945987683303,1.4102923380577876,0.1418369485058975,-0.027547110113850436
-3.504023688769479,1.4185864751175634,0.12056238987389829,-0.411798818256816,0.014669101313782164
-2.616092432174311,3.3207136391222827,-0.5104497198509014,-0.639796734497132,-0.2422367988524721
-4.8132907725135805,0.627342923795819,0.1767019624904426,-0.4308850589289812,-0.5149821999736027
2.5171493779312515,1.9685019296960418,1.139368806620369,-2.0903418753656777,0.5884482252614178
-3.4148611911948494,0.4074823613807706,-0.5875308346783734,1.102881278285327,0.30357845036677034
-1.1106650571132006,2.0471152118250933,-2.30025305175838,0.20441112642651257,-0.3277866569013332
0.4587066298398986,-1.435829035410192,-0.13841564076635526,1.0119105257386765,-0.07336643551522054
-2.3656018664043454,3.52633365235739,0.2247283807139144,0.7715006674850603,0.7425793287749174
-4.0596396621649395,0.82764238706309,-0.2950251574077817,-0.48924172584517767,-0.534186864211503
-1.7966120582913256,0.803894437362044,-2.207129131710806,0.8163416496556607,-0.17273249025542986
1.8604452861870138,-0.25875650145910223,-0.4517189809211919,0.676783001320349,0.16383031292771927
1.9804017589152103,1.1038097768515671,0.14234571882276348,-0.7314920724633796,1.8763049065925836
-1.5828049787760774,1.3811692512990925,-2.529946208601895,-0.4903242175753103,-0.6624792675356016
0.8900675582059384,-1.8392888611454241,-0.5460188773949279,-0.5289615390881777,-0.08504942513033625
-1.866500088378337,-2.2785554480517365,2.2045779177518874,-0.7261807050440862,1.5500080273084635
-1.8708386355013056,-1.9012268836105717,2.2210520304336225,0.17284726830578712,0.3802721733743178
1.2989098085484316,-1.4796701614436636,-1.0484453333527999,0.11604843344864316,-0.6329280871563998
1.9334236222336711,2.3756277011315414,2.2958022553741078,1.2136197226493886,0.8632891093379972
-1.3085749630043535,4.675451914513308,-0.2508521267836713,0.5061707274897881,-0.3013258116468374
2.431435519325781,2.1807150427345228,2.5310904248217376,-1.6453459335707747,-0.7250828654869024
1.8344927499007757,-0.6578023965842368,-0.8666215445796221,-0.14265688859001324,-0.10556963282776202
1.767119687302129,0.9028516301828223,-0.2993517197195551,-2.0736341855500124,1.6088422173791956
0.8536821160630986,-0.7315412564342303,0.15451417240022955,1.088684647215955,0.19356521902166018
0.8178080783405189,-1.9924268202638225,-0.7099412288020094,-0.43825619527534165,-0.7364525875230219
0.3765959448198899,0.6936593262487762,1.0111686559868243,-0.8859609415220258,-2.438015278578791
-2.4998940808848737,2.5883371363095855,-0.05802411870292006,0.644024493866151,0.6608249180446674
-0.239745376667972,-2.5662774222927385,-0.09810515485003363,-0.4616540196023656,-0.5844782938397752
0.5716596766065429,-1.7543586552805244,-0.7596503790864744,0.32178148802787004,-0.6190213666245635
-3.7216033557923742,1.5806773873618376,-0.10182290257384309,-0.2940675366063387,-0.41021565310784114
2.0121938311465186,-0.243681923305345,0.45887885847225746,2.4944712229755686,1.190287408166408
-3.5899417354029026,0.6303559902476038,-0.3680550082520998,0.9283152698845653,0.18619295813995473
0.44442312932183736,-1.9690027020797922,-0.17681154025067583,0.7376154842895205,-0.2716843543425404
1.1281228940994426,-1.2665626690158165,-0.0023843033215793998,-0.5451500343288864,0.04049207968914084
0.20366057947492672,-1.8336816670645173,-0.3661779255370129,-1.030049665905384,-0.27256221750496074
-1.3403119414856337,-2.600554480792467,0.3907958142755362,0.588647052878591,-0.2926188342085486
-3.68270236571875,1.44844903491555,0.3759880974650741,0.8132948991340021,0.7806200748510692
-2.0602617668160432,-1.690956716827097,1.7392984088692427,-0.3700562812152153,-0.3243641517066762
-1.3113733711301903,1.4750493115437033,-2.140654070999662,-0.1005465593626061,-0.4611548416634423
-2.919369848465464,1.9155813253062937,-0.23086175728317881,-0.84294031896017,0.9342628293402735
0.8648793941464419,-2.2641601788691865,-0.5113754633134892,0.47069509003114174,-0.4928895308880731
-4.483815774507302,-0.011919975733800362,-0.3197640871155337,0.6497817256522237,-0.1205060692785987
-5.031688093160471,0.122013014751183,0.46108080642359145,-0.5122697089853914,-0.5560804037902898
-0.8416498483773895,2.826017032632214,-2.102031857422282,0.18712265944306894,-0.21953082631919535
1.93094096306783,-0.02373830197796564,-1.0164706124216851,-0.7756834775042237,-0.5945745807813063
2.7297811665506555,1.3479381882992392,-0.7925966647707029,-0.7968564269285039,-0.5497211107793855
1.318121506323043,0.529754019551613,0.2705182805010518,-1.5022619434626858,1.676370362288818
-0.5233767532510608,3.240373939617698,0.4668553987587244,0.532660905027697,-0.34407135925324833
1.888316619130663,-0.39572499553209,-1.0185602980101522,-0.3530042462701411,-0.439348513082487
1.5697355178348613,0.03757213132608839,-0.2733999290600781,-0.6919168510025909,-0.03617825341352637
2.4415458559953085,0.9408744511009269,-0.8389672276080324,-0.8321340510857517,-0.514898632070843
1.8336601980981033,0.015785562974972387,0.2833989176003357,1.471205621620261,1.0503605993516543
1.5088966845208103,-0.5696559912435554,-0.7081949035966193,-1.1958150230133067,0.03393882664509957
-2.582162645973331,-2.7774850442751573,2.050509371538654,-0.3202914437965943,-0.4511956682248803
1.4080282350485924,-0.7606997374200531,-1.014352777547788,-0.20666315043588768,-0.5569959831518221
2.408731099877834,1.0225646893640168,0.4558301097709681,0.23149460152338872,0.7413891145473884
-2.3559829008925335,-2.1353143514403374,1.9284266731629318,-0.62061708599906,-0.586546109917364
1.8635795951048961,1.236360891394509,1.0434860630117808,-1.4959802656357792,0.7354839207136937
2.2433697903935004,0.4508120693351615,-1.2013450279243842,-0.6799859708568704,-0.4525773770826316
0.5126260723259961,-1.661297405400527,-0.11910345258672644,-0.7520150289176047,0.43296169990781386
2.0323589989652193,0.0690855746852815,-0.698731090382891,-0.3717192277975493,-0.08984962868436773
2.2771644074379234,2.7679740865155047,3.4949109667490768,0.9391305297213837,-0.42687061687258815
-3.961840990455622,1.1063115806997545,0.15289028136411845,0.4715400517387991,0.32081750179129187
1.9843910327886858,2.1040313787567158,2.9319955787629106,0.5979653139263162,0.22795143990241687
0.6222948742746633,-1.0981638513322936,-0.6113418475573109,-0.47250779602355136,-0.6465539022466995
1.0578311915636773,-2.034622156708029,-0.9390020902546538,0.05956938446813085,-0.8040961037640186
1.5690372205046594,0.6133937868724884,-0.49706298170093166,0.24118487037199596,-0.1409047040394889
-0.2945065588639803,-2.0653280883707112,0.2432512187712671,-0.141239627448278,-0.26613568294777784
-4.211564152376049,0.9823799491328605,0.6726783086858736,2.1735536645031517,1.525371001858556
0.37688226383804674,-1.4478895569930696,-0.595290371247203,-0.5618161805163892,-0.5925221079632322
1.269891444292358,-0.7157612062411798,-0.18893860935093534,0.6650969267275973,-0.31163374759097007
-2.655072707173148,2.7450867893210003,-0.2589007489136048,1.6642750521626606,1.4715289549400326
2.4094516760752227,1.0930627663618837,-1.0402375083634994,-1.52737523593221,0.24719396062569574
-3.642150984026133,-0.6669559591291052,-0.718453853459772,1.6043765729784067,0.2848768432646801
-1.1120775606451152,2.3981018764758515,-2.3337470404895275,-0.5793745559091785,-0.5330257184082586
0.46311595245579873,-1.6347651821889089,-0.35383001026892463,0.27018928113658996,-0.4620058182369585
0.6704561198288204,-1.617153085241988,-0.6466815176616368,-0.6672043319184836,-0.34770580646351334
-2.457654394648094,2.962733698823919,-0.01458001697933594,0.21673894593094564,0.4036266118186105
1.3988198267135954,-0.8085244280562233,-0.7680983794497332,-0.9624640704531302,-0.0937921678455797
-0.24125924626154716,-1.1389191671171568,0.5970708462112301,-0.14619322595153358,-0.29734258107531386
-0.14916962724929397,-2.1037665747091787,0.3085952668876186,-0.23644886722091557,-0.0920670589290265
0.32021480264362995,-2.4879250567769158,0.17113015747382354,0.5361296359439149,0.33291397232954295
-3.823272239837795,0.7857033155268953,0.19258150053954765,-0.5322386942128615,-0.10395748719497946
0.002542825493822462,-2.3040635758074623,-0.23105822548169463,0.1423484915807053,-0.5624872191487229
-1.174681114632939,1.4106790686338324,-1.8216379224681483,0.039694518678089846,-0.4295251249550406
0.7570910505884662,-1.8379427728681816,-0.5907701681375888,0.5426520565500342,-0.3779156314413768
1.7782469513912817,-0.04332354575442807,-0.82770448922046,-0.5806750385987929,-0.4397130417441869
1.5868267326272891,-1.097262812831628,-0.4592149371847764,0.5241634934252812,0.04065298415467491
1.7512692230729987,2.5416909987496137,2.065166335570783,-0.9571471208567807,-2.030534665752863
1.9192211046313865,0.00211764499467382,-0.4477501283915437,-0.7510780868158521,-0.3895334826986324
0.8154596038576828,-1.7586536988550308,-0.5135134752185783,-0.2409027135257834,-0.4866663383243716
-3.7433349004817607,1.5676554380373224,-0.030621434343076414,-0.9157930482791161,0.13014902429108957
-2.7275485529512755,0.7277860909271445,-1.647433211028833,0.31651635959852437,0.2708804543845033
2.099995073551583,0.9619179193407986,1.3900859188934447,0.8333001725836869,0.1398457061670673
-0.21939108218490658,-2.166309159431672,0.33848110536243603,-2.1184472198924964,1.6013993994120108
1.3205785528973326,-0.5687438743732962,-0.8365880788268215,-0.8101681239098917,-0.6250189640903898
1.2281953196733937,-0.6627212975308094,-0.38331932271511215,-1.2560245598101318,0.5479550752358359
0.8861272931813906,-1.7608089562899667,-0.6286589564347491,-0.17431274383259643,-0.6259241014118979
0.39516989864517515,-1.750800220952598,-0.5469264977449634,-0.4544270883690731,-0.6734960551664144
-0.6310341598987249,4.318765238929213,1.4281732525183408,0.7373259776269003,-0.06871589703385612
-4.245368387155111,1.0384744832699675,1.0941318842950147,0.6682884256789854,0.3158154802544061
0.31364360345841086,-1.856648611287988,-0.6112665658130847,-0.4630528782377372,-0.6161379770000869
-1.8024557403608084,2.9029774887015467,-1.2928264544252066,0.2274188169872382,0.16769250315071207
-3.5267575876293678,2.4706621606887156,-0.18057014129145216,-0.49485015690234563,-0.12339603372580789
1.0050203244588434,-0.4511909495064211,1.0448746936441293,2.8484445764604605,1.4891036607432662
-2.611369374299831,-1.922578105449204,1.9196470480904078,-0.8094587480488291,-0.6018841575974104
1.436595764001864,-0.817143649778484,-0.7473351657868461,0.3522126918733308,-0.38944597814282056
-2.132557821684615,-1.9858681245626617,2.1371727270356513,-0.12803252924939887,-0.025672718845910065
1.151476372640488,-1.0753170519597062,-0.8544830075063283,-0.7212657246000712,-0.49574688596531497
2.0800160289466625,0.6164580369459358,-0.43279015460469505,-0.25834060261315944,-0.20585123060741156
2.066605621237379,0.4287134666530217,0.18942947690514367,-0.0595189517515758,-0.16623221448613806
0.6178541112271676,-2.0933966175810177,0.09752754809595802,1.1116924405326214,-0.000627436991450625
1.6020086622194853,-0.8050249208390766,0.43406618782949513,1.9718124341718497,1.0585914973156578
-0.025198024935643625,-1.7562174004427535,0.53269818070525,-2.4001509695298244,2.1496755165210875
2.529127682710065,2.8704777333503833,2.1156274819246015,0.13491736726528156,0.30530731628013036
1.3918396156295054,-0.9705989602265481,-0.6381052583935686,0.41793878606436746,-0.33797086071034277
2.710848975459982,1.6801701478623292,0.7716868335462298,-1.1818647322333955,-1.1730999193143865
0.17095622298390692,3.1944967619974345,-2.744387222357376,-0.6389753925823567,-0.41367151271232755
-4.447691668955157,0.64324293197402,-0.09120049613546055,-0.028869264175600245,-0.3694987543602842
0.7219930982390101,-1.779172575948654,-0.8400086797950482,0.28771775392305976,-0.6496931327436195
-0.854000945018382,2.171218941216781,-2.6953017027075123,-0.5798030810227952,-0.5763780787849445
-2.2275946971051006,1.4649438751291888,-1.5310860605096634,1.1724983598786225,0.3966413730655773
2.6490344080717034,2.7790884444259483,2.8581941645794684,0.20328668783905404,-0.3017223846111115
0.6001002081651906,-0.9500562708370341,-0.3347479157867281,0.1526284581296658,-0.42225740021884695
0.2380522240747185,-1.58115757080237,-0.6799173919015746,-0.8812321544507896,-0.7057669467663924
1.6654504853764425,0.6972869363154058,-0.4556452722031865,0.3973215156276069,0.19905500908889465
-0.1304576025460249,-2.730379578372896,-0.16418674701634728,-0.2255703415411665,-0.5637738150242725
0.8281540129977841,-0.9297751287744138,-0.5925537046640434,-0.21414730038636567,-0.44170003675827957
0.3315025911763139,-1.6326543252581234,0.03156767962740539,-1.3061669498344697,1.1852229174922464
-3.9959575429162677,1.1985663863848028,0.4340957650289473,1.0217737226770882,0.9000395805165109
1.0996392593747029,-0.9708596829890409,-0.33208236507603367,0.574497275377065,-0.10981016673752222
-2.1078223767150286,3.4909439529134545,-0.5259921476441624,-0.885291677696447,0.12054015602268393
-0.44940179735777974,3.0886477762882385,-1.4235696446880628,-0.5881979923402403,0.7036514006241306
2.170450348769206,1.000032991961067,-0.48709198566488404,-0.8110798818113262,-0.6399520726379851
0.13833304815876965,-1.1295665001282407,0.6413409043187868,-5.497828533777244,8.370906588918636
1.8907912191804968,1.5904979805980746,1.9393794176614654,1.0526460033829508,-0.06753773193763753
-0.30285585590145925,-1.5494202622206175,0.368470471435404,-0.4341961747293434,-0.37566407537151336
3.0006919915000068,2.9925025615935645,1.990610660142031,-0.5176620935362617,-0.47981345049523155
1.414225304993849,-1.151911813421677,-0.8976880262654148,-0.1525139552875076,-0.14357993755700274
1.2292502304045472,-1.9298871321747086,-0.9398660461229762,0.6600668150381603,-0.7108518544018034
1.7009830261130972,1.0725713936549723,0.10665181382229119,2.2257346087774477,0.5794433020056221
-2.252987548720867,3.567931278766715,-0.217316091760221,0.6504561117098088,0.7055876429962584
0.9741364164738189,-2.226209796737574,-1.0961775644464953,0.6040624216247186,-0.7504753328089724
0.7770422696819306,-0.7534470773122125,0.03597390552156905,-0.3685240406290231,1.6960512410614739
1.0760674818709584,-1.540287051284203,-0.9310158931464034,-0.2688954444087534,-0.7550117922893479
1.3180760538977494,-1.0706573788775977,-0.9075964463513729,-0.539874537307975,-0.7304548944854264
1.1108983286983072,0.6601384894898394,0.49741557968345335,-3.2290605950674616,3.2626799067881564
-2.801083598791973,0.7777374960361565,-1.5915765262158441,0.030266878958367074,-0.3291681804322681
2.1060636945339586,0.3439363733784897,-0.7722945748322521,-0.6369505040924447,-0.280048595985331
-3.2799840130719,-0.19454509576536191,-0.7235235593927205,0.6039638493150056,0.6386618721921445
1.2836537990366166,-0.5031910207778127,-0.8610014823621127,-0.8709189098305474,-0.3904477539040122
2.1893180593139476,1.2645920969643127,1.0431790248042927,-0.5492643559518466,-0.39339438472900284
-4.865221068126076,0.54931070695893,0.24629244330196218,-0.3205203397916724,-0.39830243563367207
-4.492417302616164,-0.3645022210213939,-0.22231158581041235,0.4952304146655767,-0.09783499279308883
1.8486265459693263,1.0492411718538932,0.6600247249877876,0.9771677223388846,0.16201567899527572
-4.590781166681366,0.6345398112925074,0.6990872176158429,1.0136922766711933,0.9215652388041669
2.1091385610364908,0.5144741039472506,-0.874700997501908,-1.4753208285616943,0.1062454901422625
0.32422669129435844,-2.0297380441481807,0.7079523479172427,2.381406848864346,0.7268221662721099
-1.0088673593116926,-1.8628047597448922,0.7997829791396154,0.12385252932252244,0.2849439627460784
-1.9744782891963073,3.5874272354212415,0.10479076779568636,0.8850145245026965,0.5597793387353658
0.7919127593849976,-1.032687733339389,-0.21125026647392017,-0.5672868852042032,0.2586424638181009
1.7900202885972993,1.9009685436233943,2.6403210136576902,1.5950179817080417,0.2082896106099007
2.7496367773231336,1.862258088519887,0.20042330897596175,0.04948959107738205,-0.025908038518891688
1.2605602879304811,-1.2565117515274842,-0.18330282655532223,1.110800895143508,0.1913977767256098
0.0942857018579148,-2.7220910546218255,-0.28949242996338964,0.34121059650475594,-0.5721322733905173
-0.3680837293263333,-1.1880717582369273,0.6560422635766369,-1.0402465766890088,1.4008940335442954
1.942486311231676,-0.5829061502387596,-0.16390759762004323,1.927541251193031,0.4979099814792762
-1.862727097466728,-1.2434784826108407,2.3220934524209906,0.2573892922372761,0.6762786503069207
-0.24810396447154373,-2.006932171769224,0.15672893662482787,0.9199257409331003,-0.15493440157044436
2.2628526787634704,1.6832656610382581,2.3279268842899556,0.6581624808234934,-0.022800370009674553
2.506561042627254,2.9523837346229644,4.4161824291762475,-0.920304334324146,-1.2011724722634496
2.2083694379901866,0.9379556281396392,0.6618675750163615,-1.1328777292411778,-1.096696565115811
0.6020689382191714,-2.06720741501354,-0.6062435446003065,-0.41177907098301,-0.6915026261443312
1.8384039073910354,0.2353356386095863,-1.0945170609619645,-0.6842965997326899,-0.5040311408491699
-0.5862096778730781,1.9207810089045687,-2.959496394529161,0.18348688474881444,-0.659554804151054
-0.005650368213925959,6.293816423270598,6.285088823799233,-3.769503143095677,-4.851727564055867
0.013472743182200696,-2.43296574898234,-0.25598100695177245,0.9940962371911547,-0.36975778249945934
1.1384140593750218,-0.9646766136562179,-0.7177485339644989,-0.6591837645359173,-0.46840833909339086
0.06858821966960282,-1.1751199896378401,0.24053844078799955,-1.236411558220584,1.0960256628746834
-0.11385749087707332,3.29740603371361,-1.4284521529614256,-0.20339267582099027,-0.4310409325212287
-1.7626573799997878,-2.813024011325211,1.0961135462141849,0.13580978892340279,0.7124237852948827
-4.432992315695941,0.4341253200522496,0.026390599275632733,0.6541443981944254,0.21804820304030476
2.1373628979109838,0.23304832771122694,-0.3456665625487514,-0.6281977250676076,-0.5104968865685067
1.4009547317754327,-1.120257801413231,-0.2821630349415586,1.4821024915197,0.2556804689143462
-4.096874304048134,0.7678920441671149,-0.14035337413821558,-0.2051576248167517,-0.4583300205444708
-1.7312992919237216,-2.084088035372511,1.3506246455010817,0.07994057914721579,-0.3588123801074265
-1.0329199989377622,-2.931027074108648,1.7170246489752656,1.95712689523638,0.755142154175832
-5.077950461739114,0.5266893761247965,0.35459955276322036,-0.7041054191008189,0.02620289722824393
0.999884336290968,-0.5931743992105475,-0.29520620089786387,-0.773759730407496,-0.02531911183649026
-5.053426780428893,0.28793009872724135,0.25005402945620997,-0.3404142177691876,-0.5333193309428261
-1.933986251663626,1.117482798257222,-1.3989254143022372,0.719505950634313,-0.09000333209098504
-2.6260270009238003,-2.0954876230950457,1.9913933357372844,-0.8090184210695109,-0.6281752505953135
-3.1464576743241266,1.5464327480104059,0.16255562953464173,0.3954445405632259,0.5197588881752654
0.8297655999567083,-2.2205472966138657,-0.5917735063010421,0.25392056056700096,-0.6876779850610412
1.3573217721475552,-1.053699651052495,0.16843173081603308,1.6662551672658263,0.5967561513085028
-4.053833726007933,1.7465945522125774,-0.012670515759557119,-0.5311759435068311,-0.1947060390801613
0.8744591048599029,0.24756774272127366,1.8507646964690416,-2.73293104209603,1.65017089488803
-2.3788047550194102,-2.2114692792200144,1.9475250748667876,-0.6074053565452666,-0.5852909663153969
-4.926249550458251,-0.06652887726994339,0.41766206192323224,0.039842628520985295,-0.25188807414877057
1.8325151718142456,-0.5596199346652547,-0.4643802992980906,0.737723299364401,0.10493748267300874
2.11278155853469,-0.4222672678442479,-0.6895635200316717,0.47666682861584264,-0.1644612712215274
-0.25723891925958525,-1.8479320448306233,-0.34744563305196846,-0.4267914302747948,-0.5781186235578584
2.121218232803498,0.32918575777521875,-0.18254302331746183,-0.5374408533564673,-0.5521422686959263
-0.3614779274941395,-2.202023200385981,1.218758331760948,2.6701284729241324,0.9620640788960637
1.5873058227965264,-0.9869516410623586,-1.1449614447095624,-0.11724831384835896,-0.46793958381547485
-0.11148488812364064,-0.8014004163494147,0.5025052343774525,-2.0397776688037266,2.072000085148046
-3.065348479623577,-2.374785841654859,2.339634580506549,0.14296313242004344,0.28603381601496974
2.0673846329436705,0.10504849515562274,-0.27548228953617704,0.9254287551536383,0.35031500155653034
2.5830518295356644,0.9108666339620897,-1.1743840047790486,-0.42804403558613463,-0.46799758536336455
-0.1376044220984273,-2.289646790705567,0.8080548992371733,2.162793996981605,0.6359119863119939
-4.182371129458274,1.325637880378196,0.6259082032494455,0.8599600664523194,0.9260743049381283
-0.18474681926018915,-2.241688728670411,0.23291935704185238,-1.9566648930792778,1.1249133574689365
1.925942962834193,-0.40991918617896106,-0.0872931475409598,2.073777318921144,0.617233522725392
0.721892385449827,-2.5320715350197696,-0.9200887471905809,0.2868984851905195,-0.868314746841242
-0.803114240823864,1.7037374595551786,-2.574939020313691,-0.4359639660116833,-0.42963251569811656
1.7312402465438124,-0.013776132536746722,-0.8457848797159542,-0.9272020337808302,-0.11261272339310795
2.62580528813452,1.659253354078494,0.20746890442768337,-1.2794844542927784,-0.989122236588776
-0.4926779421577368,2.5701585912089078,-1.591462854185252,-0.2245638809003274,-0.4271579145965854
1.4318896540310575,-0.6936426789303524,-0.6627317391765569,-1.203131445576062,-0.057013138134654535
0.95811627541332,-1.345305431048405,-0.02590254774488483,1.2080892407741344,0.09829597874031978
0.9309948976810088,-1.7746742889406755,-0.7201634426100597,-0.47365415903732744,-0.19978519796147065
-1.3292351681178711,3.647137419717139,-0.8707808776132369,3.52953992394916,2.3063164473021756
-3.2980450432678046,-0.21240400124860764,-1.268521605680777,1.2264048139235224,-0.010256571711229266
2.1972202549463082,0.637565850016361,-0.9008985044267083,-0.846285547369435,-0.4103230293834524
0.5376200461990637,-2.2002500261517817,0.45178498001662876,1.7743922226925009,0.31586163626084546
-2.8196977631048514,0.18104244396862493,-1.269262961730824,0.06375911679332355,-0.16465125009168985
0.8889876113960982,-1.607060751683703,-0.5174422098246849,-0.7772193866553192,-0.337028285475834
0.83395256254193,-1.3190386839917723,-0.5763108697654219,-0.8684255777833688,-0.17210311818248766
1.0598868072902938,-1.6263693137816657,-0.6680362427797545,0.37678205588255603,-0.3681851076967845
-1.2371829941503667,1.9105825105078273,-2.272942889517051,-0.016965962702768723,-0.6891773279436155
1.8240063588787818,0.011767515024775256,-0.5023921976012352,0.452451976643122,0.1043636302242055
2.0849967901056004,-0.2597138020641105,-0.7457545975897487,-0.17509045426561687,-0.3898351766289649
-4.9638793924296065,-0.9173122717126697,0.12087775768668882,0.6515235300586443,-0.17144546785367235
1.8319549634018566,-0.16825390392037678,-1.0332880217198908,-0.8694097869546613,-0.64033581402094
-2.2751168123933363,-2.8257520615785725,1.6057896307379598,-0.055034649269805884,-0.4562549721355177
-1.0123736362886568,-2.0791025903613685,0.8534057420405858,0.13772927895246978,-0.042484022652110605
1.779662158054233,0.789447863556417,0.2823565510518455,0.7151944813171517,0.27790447067107826
-0.2579288380648277,-2.7920057014568376,-0.22179321768948973,1.3255835520656762,-0.4201575837020181
0.9858263026657172,1.0163535527392669,1.2545062310428503,0.20156858216502604,0.5406523123560492
1.8656654739447747,-0.46195651882299993,-0.011836026595281329,2.229053196417022,0.6796651690830986
0.8681644319440138,-1.7927217197395178,-0.3965334579808297,-0.07322472890789336,-0.14860005806917212
2.687783557891849,1.1580566973468132,-1.0936508953683364,-0.7481963885743099,-0.4279025732798251
0.8523753596512731,-0.2597474520218413,0.056478624082210556,-2.1131954257500882,1.2166694814489896
-0.06743609117525161,-1.7750820239394056,-0.2675395090239714,-0.5765205181221681,-0.6235129896840007
-0.7070799154997314,2.227032526276595,-2.2915990432986004,-0.11224239572299423,-0.380848328343934
1.8713505759919598,-0.6306697760596843,-0.24370853925906394,1.0032441134854642,0.5173237793732559
1.7461124876239964,0.9742823810437082,1.2645150624578068,3.4066959208172602,2.2021124419593288
1.7862093643508925,-0.5122867413370442,-0.7504523381291348,-0.34042283303209403,-0.28392114795902884
0.6805558905655621,-1.3202445904530027,0.27109697482535394,1.4584913018714667,0.48208722828365763
2.2189522743191716,0.21421368612852665,-1.2781984875077588,-0.6245849241936784,-0.6749471487880634
1.634571540923317,0.010900515452590484,-0.245125714022887,-0.4590871752669189,-0.05481854411914701
-1.5251911095458148,-1.4240995279144675,1.5577049396738354,-3.146396173954243,2.855106895782933
0.24096765719270014,-1.7895445138953037,-0.05357526124355956,-1.07399715947778,0.8175845429668593
0.8683624342974403,-1.8030335766761751,-0.8941226040065462,0.1668364825807107,-0.6512169578329184
1.0970383670429846,-1.8019034385841957,-0.3889400628839489,1.4197645088445934,-0.031108833776453824
1.083085030303126,-1.1739116221134516,-0.9939034595935649,-0.4070857991946713,-0.6820792477270042
-5.618136866027821,0.10050874429208032,0.34602971941189287,-0.5390576640702761,-0.603618498487834
2.206600091824293,2.1994732279688236,0.5699866867085398,-0.7568087555115917,-1.611653578585054
1.4795169484906807,-1.0724666323225627,-0.9479608104412371,-0.3792141713783258,-0.6849972393989066
-1.7768488402828677,-1.5961949401277307,1.7206210004054752,-0.3446374456492082,-0.34742503923381135
-4.33110879351874,0.3686497889407954,-0.4024091621018085,0.29074629665256124,-0.35287482313691204
-1.6306980020899193,-2.0060526925753215,1.5624392265170441,-0.2397591621287595,-0.24441298687859006
1.851773961671228,0.641109532279512,1.1125817416499393,3.1429853523123215,2.074056422563861
0.5715964594816328,-2.2020557598649666,-0.6736191742707978,-0.15286493886850086,-0.7444901642839421
1.9343409447068782,0.512482633392301,1.203011375621062,2.197162993547102,1.040079162918563
1.589313971725447,-0.7560482531259135,0.5913078892660455,2.959828154125444,1.169660354330045
0.8185945664228053,-1.000719936748784,-0.137434839451897,-0.8923667012454638,0.5295646139086987
2.6516569573299864,1.3527702122226282,-1.2121872447383952,-0.6846754656787123,-0.3265734498793593
1.7435810361388684,0.6065593303159762,-0.2806434435234834,-0.8006204037075282,1.1133572020782307
2.1843582856243855,1.1940822730454628,0.006626454953049868,1.877950446660807,0.8982945314944254
2.153990766613571,-0.10633515173425744,-0.3242264972495432,0.3199787337031782,-0.2874476832369985
2.015077361697893,0.41615147771945454,-0.8399417226458729,-1.4957615206051242,0.22761670563386488
-3.032865829774197,-0.12840291415970065,-1.7328210868505447,-0.3646189968372868,-0.6765510037411655
-3.7027348468799817,1.5273233274208469,0.009164994093703468,-0.291014717734196,-0.9229453338566639
-3.2991550425774787,2.195680960851998,0.1682996722745969,0.8383651139853848,0.5159374733104582
1.2398936404579168,-0.989722365447826,-0.9204356736304686,-0.6013565542976469,-0.4461838768704637
2.798039422443022,1.736312780447013,-0.37340854408188456,-6.57265128708767,9.933850661052896
-2.628731261817654,3.1577083455208235,-0.24561260718089678,-0.3141598288884264,-0.0329339686445811
2.070049837855247,0.0848609729174029,-0.8025384033973676,-0.6582286860272272,-0.12666760363518614
-0.1938953519305815,-2.9731746110666,-0.2931750213986316,-0.05106900757316772,-0.8012452390057062
1.706786562344449,1.2159366199905095,1.896596656237738,0.5245490570751686,0.5504858683082376
-3.072044685705005,1.5492117743717138,-0.0797032736426127,1.4773497403145261,0.9126684310109783
2.034333737617977,0.24625028032051105,-1.0014062382689037,-0.7659959706584502,-0.5130951861603414
1.9430691156740791,0.7918448508750346,0.49448460682102374,0.1312843552837455,-0.7719048422304041
-1.4311646241654181,1.6875493555468015,-2.5132058417612706,-0.49320087214850067,-0.6029250336879403
1.8249983218651133,-0.45084776544450483,-0.19477407583009904,1.4071698551764737,0.4094193556411559
1.297526429659188,-0.9451336756476676,1.0541970640945517,3.23328890650696,1.28902138374713
-3.7186512829043563,1.0291839002910939,-0.29617038439755083,1.0750262732574374,0.47792530111865034
1.6789198120581563,2.099911712376796,1.2481571770948192,-1.0701724508660502,0.7950854388694445
-1.072560606708033,-1.614887861841217,1.2999146427605843,-0.2554336476732506,0.44187483513260845
2.302882771507385,0.7945817527876283,-0.7260815331309741,-0.8328866431589407,-0.8238038581537735
2.6253593245247826,3.6399056636228004,10.185551976492173,-0.3027333470084884,-10.88138425455504
0.3528162982702578,2.098074561922596,1.5957521491299291,-1.1651597826413995,-3.115183480175437
1.8277785678667273,-0.10298219691662362,0.9226426104179005,1.4605214669492945,0.28089037935716465
1.757754014823428,0.04379385795947523,-0.4281700925289396,-0.9919719803715188,0.6121907413488327
1.4623442504115831,-0.6944968542021545,-0.8137339293669172,-0.6358532126980563,-0.5921892210954054
1.8028993434079583,-0.47377594091841196,-0.7815770132188542,-0.21518328140933318,-0.39010611594362965
1.278387461899101,0.430540782080197,0.5814531457349262,-0.8335464310654748,0.5659617457474438
-5.082363644407584,0.09082429526143178,0.3110583857326582,-0.29455641477444866,-0.5335908623187479
-2.325470149757222,-1.928095221593823,1.8559209815539561,-0.9822960322594392,-0.14082611188194596
1.8719910278904157,0.17043550325732293,-0.8165015731019167,-0.7709383942116015,-0.025929358400957853
-0.4842668794821723,-2.0362438910855665,0.30467567308484006,-0.5099698514664661,-0.30015260512264386
-5.452255903068201,0.7776810603378956,0.2593960626920299,-0.6102850898885582,-0.5120049927088982
-0.6372527365558418,1.697663420622184,-2.5642660998807387,-0.3994764207486244,-0.5425776807108723
-1.6256209430052002,4.150918552892312,-0.8407643756066133,3.518937367859832,2.176621427264998
-0.8867609090703612,3.367957793107122,-1.6558533642671507,1.6494464763569927,0.8790459614826235
0.6168854389824774,-1.4828494344542782,-0.5900416667146026,-0.738663586303296,-0.6751876786401768
-1.5575859535682732,4.561280657736468,-0.24699840748145446,0.8638527386767205,0.41673425347576065
-0.6344410789379857,2.9317489184497822,-2.3701974313575187,-0.35024158530062866,-0.4907888577303492
2.6217358016916132,1.063004139716647,-0.10580807093534635,-0.17031259600908846,-0.45904240914890204
0.24097928753088868,-1.5963364235656503,-0.5007641743655233,-0.29080634685633044,-0.5477925487182238
-2.0832476976111725,-1.4035303119163243,1.6276575590360916,-0.5883661723815834,-0.4727304969291615
-0.33591730186148616,1.9423815111998601,-2.933912560482181,0.12144676667529436,-0.571035250923332
1.9497141101772515,-0.004449247880768616,0.4326348490776777,2.398626076441537,0.879713872698327
-3.5425088868863357,-0.3257418520039686,-0.8574351851705937,1.372166683704233,-0.3207205828035903
-0.40998805878758954,-2.319720904617311,0.8741399367917799,0.2896101517190375,0.5551457097604395
1.8700829664631857,-0.5981381360748068,-0.9484112262369291,-0.6616932106977149,-0.02337477732540959
2.7273317213707324,1.282870335643174,-0.42872416306882977,-0.6927901071670838,-0.46329020658829506
1.7510903154067965,1.844371800613589,2.886271650348045,-0.9186313413012316,-0.8713716328233727
1.065946898409601,-0.5784248045089929,-0.666201834434788,-0.5735059020367098,-0.5683329792230956
1.6685131791916556,-0.7101061375681097,-1.0675305625268852,-0.264478406115968,-0.541734213832005
1.5969921543983512,0.2683050967030822,0.37682634991695274,1.7162137814895022,1.4829121879019316
-1.7491520459260008,-2.573830177597515,1.6687750639352468,0.5628063833119514,0.06910177998588975
0.35902286997906596,-2.059271935052272,-0.2242773521770684,-0.11904145615764575,-0.4543261366164365
0.5595012745257809,-1.771294378284934,-0.5914696712443961,0.24907374100404117,-0.3900071540528009
2.4457169927529865,1.2751700089017644,-0.6619286910580832,-0.5329054032448971,-0.025389954039465805
-5.550861318639865,-0.6330184161028032,0.362809833302345,0.14814052145685142,-0.3845927457632929
0.9166184846075469,-1.3680149512746285,-0.25897964642639865,1.1225647517464965,-0.06438543390076681
1.8542071008787657,-0.03520868693902866,0.7900838117922555,1.6994218483125922,0.7830531023307957
1.6768047244782116,-0.351340228937203,-1.1763294323663605,-0.48819643915300986,-0.6364391724602069
-5.487245036986434,-0.35100596164021214,0.40653947903616366,-0.2836322691356613,-0.5609629651697755
-4.48818343423558,0.6515034062401083,0.6898860404204734,0.7153560201888624,0.8971348101617751
-2.350443441460378,-2.122462249027689,1.7914303460573155,-4.011811959321104,3.6614291775204633
0.7184438495974401,-1.9997323746745326,-0.8654705909222924,0.16655575516538515,-0.6768615087218224
2.1014188638904887,0.3720420372452184,-0.4257770991496124,-0.14553065412552102,0.6808269904988241
-1.4352574986835993,-1.172969529226014,1.651243048939329,-3.859370194111439,3.927650469695774
0.8041545964104966,-1.158716399468931,-0.38504653564915076,-0.675840958380154,-0.800125893357458
1.0194097718403103,-2.6287154225914415,-1.1625682250659013,0.8603592112226842,-0.9326361410194001
1.4688703883845253,-0.5168266293207388,-1.0261708590284946,-0.5781495572714009,-0.675058360793866
-0.48998197614584554,2.710127833689585,-2.7466467479689385,-0.48276972149852426,-0.4986735702563782
1.0209019902049785,-1.9769161830095339,-0.5477766035313932,1.3477029283550885,0.0604180599985711
1.8851881090003981,1.0972656794170281,1.4173943863068554,3.5326015865533535,1.9786173690565474
-4.409529357980219,1.113845267415327,0.052275754858496795,-0.40374391453172953,-0.4947286960820674
-0.5118288130697196,2.644240120594451,-2.2588223938255574,-0.42220125925910323,-0.5078311125509596
1.3183830832938197,-1.0183199499269133,0.3878784419462832,2.0869921449863167,0.7772389284863365
1.6500119058473433,0.5476000588483986,0.017470580701013483,1.8821729536350271,0.9307349044697841
2.1652943536893994,0.1402608477845929,-0.03283756166723888,1.8485058806485515,0.7636773315125239
-3.557863792977377,1.0938500370176674,-0.2780861144506939,0.46993545043102364,0.460612666927141
1.9767320016316685,-0.14182186689388723,-0.6058299287688904,-0.3172342286008219,-0.49311533897191806
1.3379768524392763,-1.3428167068057475,-1.1986585911134298,0.2959513325301005,-0.4977549372686974
-0.15746812861138684,-2.1174026414190714,-0.10687406734895097,0.4694048864902627,-0.26198775292832804
2.0176661927306863,0.6241080444077597,-0.5393734655491528,-0.4906324037606517,-0.5356471706902434
-2.4685587155141056,-2.279991020764679,1.8585970338438715,-0.5453820658159538,-0.5223112663245247
1.5159453806653596,2.901971612492402,1.2286240778220094,-1.1573914274101742,-3.1090332593814844
-4.168400340832038,1.2574790975292045,0.053540131985929613,-0.4353073204686778,-0.4516555791472129
0.8496941984191253,-1.769787112823293,0.195115604595058,1.0269847912507744,0.1498358663381948
0.09510579266218751,-2.454246541484227,-0.06629839203455119,0.5324178744623822,-0.2941348116865452
1.7604314072558946,3.4850672734009667,2.8532078145106605,-1.2461694062401316,-2.5533447645513143
2.0240423687859765,2.822962119461838,2.464891473892301,0.03456564385465235,0.21613553494693247
-4.686250410299162,-0.5771365957013983,0.6835839805999612,1.0517997445114207,0.7911505257176481
0.8646798374945536,-1.4046565039404602,-0.516108562367006,-0.1413516189019573,-0.5044665098827609
-1.5720696104842515,-2.021454144176865,1.3880405636072144,0.973506704799845,0.41550364933236406
-4.423073698429128,-0.44265153467815593,0.8893514943251413,-0.7940933838308698,1.1505416809563687
1.5456985092688191,-0.7082101390977255,-0.6984187669237049,0.8826060410662595,-0.12873661330059813
1.9093665372293591,0.334212202091428,-0.6413608708821792,-0.9158544476071936,-0.599351246605577
2.0267329326507477,-0.11962632381208625,-0.43288277718845014,0.061766513910511946,-0.6766486317036874
-1.2160068604951273,3.0801901291591793,-1.7673199472100407,1.7720822841030979,0.7615539674283923
0.20488859839113638,-2.6707452145353017,0.3884923060453358,2.6301320201046154,0.42809947711948837
1.8531163297161668,1.9665501905909468,2.155464047293423,1.3906015289646934,0.599950734842912
1.387691831803384,-1.1256151727627652,-0.35457597095814236,1.1512732446762326,-0.028925753782356345
1.4047689778435504,-0.7165200559282157,-0.7278191181580709,-0.010422699400388096,-0.49089878400325093
2.0930879749658637,2.0366512894513145,1.9377031153273696,1.440439593841495,1.3447193568203717
-3.527582981565105,1.1293123356781873,0.13497976621344943,0.2542532593637606,-0.05915751822795085
2.555149930286405,1.0525274091130126,-0.9877649567997956,-0.9998420156044088,-0.5473645306844831
1.3250653920328295,0.14050537717623957,-0.3407473552354526,-0.04151537811440566,-0.2710325360203452
2.573589704580552,2.347577233795578,2.874949662834004,-0.3277077536459181,-0.30323434066570687
2.519737423471692,1.8375853758914154,1.0023735019207431,-0.7152893713361353,-0.06464775059300966
0.9747003415427429,-0.8233860505650338,-0.17725919347853705,0.2594100232493592,-0.07085652420490872
3.269255042054341,4.199728825572416,4.759963576607183,-1.3678914551780372,-1.7696292797233952
-0.3277176386120131,-1.627194871530568,-0.032519485715448236,-0.7219940736444946,-0.48267337234487484
2.8946902597417092,2.9514886506923736,2.3452474414528997,-0.44683963850742003,-0.2367936842186649
0.30947990948527165,-1.834909592746713,-0.4805979639528913,-0.9924263789992833,-0.07379993960217203
2.0591183714250056,2.2225306111454617,1.571946969348516,-0.8068566136318482,-0.36571513587572696
2.2871064855551038,1.9517781594964452,2.6216961093420035,-0.14823123814174569,-0.25760197002415447
-3.743392155925309,-3.619326517260924,2.224726585814223,-0.7208397681227883,-0.39314494503017683
-0.9350648040811048,1.4269159214976836,-2.2957456845045776,0.5542529511861904,-0.25737045137422015
1.9536860067273214,0.3021521757784238,0.59110448784092,0.6957882086614467,0.191051723727086
2.2101766932788256,0.6794718508490035,0.6067130222009922,-2.910706641570933,4.213033021284384
0.9535123668296425,-2.1143185145441508,-0.9571012921985139,0.11452669855189995,-0.8340629159330494
-0.5792829385509,-2.451050620314374,-0.028459477956691168,0.821516779310036,-0.3720466168831238
0.4281097792997506,-1.6146467436082783,-0.35823046572606393,-0.34784488842069045,-0.549706551447732
-1.5106663764974353,5.051353311147517,-0.42772427634481747,2.465596609239788,1.9752719853179947
0.1556105799916103,3.4965105789272615,-2.0090321932202504,0.12219757765529773,-0.23153648995724754
-4.385888519116767,1.1651455203236563,0.054627145782960684,-0.39894611048819634,-0.47411289669305656
1.2975494690339877,-0.7203457641543594,-0.872904952185158,-0.5613601031439277,-0.649610174060215
0.11828318632040459,-1.6694515837546027,-0.6473405448325341,-0.8900755816017412,-0.718100258784742
1.105103055471459,-1.1834534676168502,-0.7907789465122923,-0.7506058880198319,-0.3432764408769497
1.6813894123551614,-0.5345154819834161,-0.9621934495674921,-0.7793783448098981,-0.5907198507481046
1.1823214908772604,-1.6687164020423013,-0.8647025468941739,0.14430278276260397,-0.6711543064351565
0.12344558330901306,-1.589596237286937,-0.05389248026685594,-0.05440038161270449,-0.35333713314769155
0.7623976616037236,-2.2182720571367276,-0.6558982157628714,0.5237166036221632,-0.659219443122225
0.023086083999972893,-2.5389776649608184,-0.4964974275261729,-0.4805497325191263,-0.7284695747147302
2.4807558923496167,1.0106882591161708,-0.758324874762248,-1.0618854781202833,-0.3367738472898415
0.5644778066603844,-2.0107343254190027,-0.1608571923884058,0.992927581151008,-0.21477600380301115
2.1277771638332688,-0.15805496415535972,-1.121898285946389,-0.6595607097807757,-0.617020466415092
0.8645572797331684,-1.4264009427925042,0.5021701148701766,-0.569547431928097,0.07738738542111244
1.9364950599815112,0.5843944172075425,0.08771226603340238,1.0792841559492277,0.43252692666106335
0.7280280809178447,-1.4385656727102107,-0.7986108487740319,-0.3582444807190676,-0.7487274586190281
2.4133048848700063,0.8177839055897452,-0.8777810998622154,-0.868243715397956,-0.30549868417313686
2.1794717717096774,0.3221260470114108,-1.0572371532706923,-1.0324797873938314,-0.04316473134291594
1.9063377408114486,2.4208798798353626,1.5340047090279703,-0.07433256841224309,-0.17384459803163776
1.6243954728862495,-0.3040535370042668,-0.4310357183648307,0.6336819730694273,0.17162167669590875
-3.8374089151253767,1.6002608654915527,0.025587451811907077,-0.44961576757396005,-0.40708647966907696
1.0358930044435317,-1.2004976999574521,-0.7357972547316066,-0.3935714823151749,-0.528676755817186
1.4322429622633077,-1.6713238923634433,-1.026785710490912,0.2781301345933255,-0.7172190491092274
-0.2555238652023925,-2.2806022504586276,0.5545270934816149,0.8874635537308005,0.419000784783129
2.049703385373057,0.29808271838868844,-0.446687262090899,0.7103163746021353,0.2771905972525754
2.2979548314104155,1.0545106696445,-0.047546589485375136,0.17399147157484798,0.14904193351896627
3.3192756542623094,3.5851509130693953,2.6230144618003135,-0.3984784304878622,-0.17184565213683817
2.117602827088905,0.19262903267914533,-1.1269647678557457,-0.8828616942899172,-0.6142328786469446
2.1553882320532476,-0.03208353993363114,1.0913103377525866,3.3811035059860894,1.9861707669587783
2.2174953838205758,1.1631157174629299,1.4177029905257197,-1.0584093989139332,-1.1738831114643897
0.5501393022256936,-2.3282574171137,-0.6326115657324861,-0.3676805159872515,-0.4964112625001487
1.3829704066567736,0.42863771641081333,0.7650228831680626,-0.23697656282131413,-0.09764949936507411
1.8915249538908632,1.4605439484565308,2.1411125030316973,0.1753937106215619,0.838893294791172
1.4311764388695483,-0.4634208728832234,-0.687718780427887,-0.2552149423074358,-0.4479300354126386
-3.3360158659512837,0.06008491664947441,-1.1896360888773625,0.6419384339273412,-0.2107299120557971
-2.6987937617364364,1.1485552486798551,-1.2077586806167302,0.12923586586997474,-0.24699137756500772
0.3363741708241768,-2.145882893546598,-0.429072588657671,0.1810652518900339,-0.5923062327998573
0.06727765138950502,-1.273601239365947,0.33106360063259177,-2.4162345113874277,2.318241223633279
-1.3291774329729933,0.766226914785226,-2.5987596804477877,0.09824804016513966,-0.6588842735640882
2.078522585201622,0.4859514037687713,-0.05581565192871796,-0.17783384120909276,-0.4975093298444588
-4.4609021816818775,1.3587646687681993,0.11613901370430822,-0.6357017446966547,-0.5218799899325615
0.36785051984020006,-1.5338758776421597,-0.09614470902654294,0.16110713100645258,-0.252371164074254
2.2350422698267876,1.0136951096614562,0.7578530124257167,-0.42956361026164225,-0.35755499473793234
1.8200695297496243,0.5664795756242488,0.9959832286780844,3.7515472370309846,2.116242102819724
1.0830577535311807,-1.3340904622521481,-0.33749045312438686,0.05847573720618706,0.11525193248941971
1.9827488965161997,0.33751780169516127,-0.8174298444230595,-0.3489866561524916,-0.2591642865622768
-5.01898248501197,1.117482086615422,0.3849051088323628,-0.2249260516870491,-0.04770912447897196
1.325337174146077,-0.8761695280048205,-0.14670604241146584,1.5353356259096806,0.4604897394090307
2.407324990715777,0.8251592148727668,-0.8622120686030317,-0.6462404083131081,-0.4080017815241997
1.740020682167859,-0.6684588090434859,0.21428072729508257,1.9487369133471997,0.7729014131944132
1.209923631605506,-0.7725326973640378,-0.6690767869206958,-0.6346246111334087,-0.5142547284980932
1.1762052495089135,-0.8478857574844372,-0.9198815745442578,-0.6913089105424743,-0.7347226885704006
-0.838248726381304,3.8265505728157234,-1.1860279853346478,-0.5297386464908189,-0.09345122007720631
1.2952711971673458,0.7156166167254083,0.6677717342410185,-2.5179645801898127,2.3809524562791955
1.0742186670860538,-0.6872995631778321,-0.5547466499518152,-1.2668826745170556,0.1952069613623744
1.02723437543861,-2.0362185523939815,-0.8963821268783101,-0.013600107462224549,-0.7795218056018038
1.5233909673468193,0.9779023425927805,1.0142432363610228,-0.5820025462950541,3.05857022809744
-4.515159805076492,1.0066878110589736,0.2043058425387987,0.04173348833772669,0.09694025761041769
0.8698041803872599,-1.9119958064699794,-0.5864312313133216,-0.27977781107639027,-0.5338160649760624
-1.3153115635324373,0.4925638923523245,-2.6629240348926806,0.3965087144174029,-0.6969906837512849
1.7040799296269562,0.3866820584021904,-0.5797833200919391,0.10528842226779196,0.043502289831769826
-4.649378299927308,1.3511454140739199,0.05531605035384219,-0.8166379373410821,-0.31494904265541074
1.4904000688461907,-1.0149928993696793,-0.18180757388000873,1.0575336974886316,0.06171544574736757
-2.5322971808314256,2.1020462452353104,-1.3098249552846095,-0.34880311481539356,-0.36311055674781634
-1.9817669502747326,-1.8525306941864714,2.2995292623827885,-0.18024214738416452,0.5907641902197588
-0.4688358294539408,-2.43902012230196,0.8528741085213887,2.1272002248410984,0.5405858062401059
2.2395575791015605,1.85145061670499,2.186678372962845,0.40007484866414533,0.14311335763369915
0.5573173095645112,-1.3292263100069093,-0.5468116126825147,-0.04928537295710326,-0.5987053512565865
-5.0484749103600315,0.3246822089246713,0.21924209675178657,-0.37372841192681633,-0.5250313884170431
-4.877730835818823,0.4267069488711462,0.1341162785347556,-0.19040687471424997,-0.39652055704933836
1.7507674316116262,-0.4550029238327275,-0.8316684801568476,-0.7955888142478361,0.22539340081819728
-0.06699940245838297,-2.5276271071392395,-0.1945894477102192,0.04083685114793973,-0.5738632437323318
2.7135527608698187,1.8327116241317452,0.6583880998905721,-0.6718236192540215,-0.3913970991961454
2.325811946196507,2.2640817536408937,1.9970479042522558,1.4415039220674173,0.8220842618467693
2.031516301770818,0.6371360666439753,1.4731609088353,1.3365015616770284,1.0118608375291198
-2.789965549193965,-0.9750970311489681,-2.20290952694307,0.7527413639262903,-0.8372889412845593
1.8302925524087135,-0.29195190154950645,-0.7565141671279173,-0.5232973563767278,-0.034980706165912714
1.628532469079688,1.667839346455806,1.2522608362332492,-0.03197058549330526,1.6381782475891717
1.3588324456273368,-0.9934991605125628,0.5858109318523506,2.908413942893127,1.1133884202168427
1.9215747013412199,1.9340602466113002,2.7419785298400248,1.3279325522820524,0.0972244200722962
-0.9846340104871588,4.021493898806693,-0.46718003554354237,1.4090272789187617,1.0799842427513286
1.9345774958796813,0.17879468255784434,-0.7169937780374075,-0.12538117941467924,-0.24673560714471363
-2.9693798352643466,-2.509040830013835,1.9899736662187155,-0.6180883735440039,-0.6007693296282048
-2.1000293020634424,1.6099414428984984,-1.0955325630338422,-0.1779526498356119,-0.11656251652569047
1.3624332443491647,-1.0824635447543345,-1.0119832159574793,-0.3221052514994501,-0.7521413969391783
0.13609824674850887,-1.3938573571782296,0.3510890402795913,-1.4902235843560239,1.183217509623576
-0.33139426507277636,3.936706291365834,0.16383606265926157,0.0992276931991312,-0.34361624835259885
1.0104158639589673,2.794264288514864,1.78222346835459,-0.9442168938700679,-3.251590322014846
-1.9891396636452232,-2.3100444509903477,1.3579614261783968,0.7929474340795497,0.2554565500594344
1.9572276594904348,0.46783528341313946,-0.2653003172176516,-1.5040803259737405,0.5640042464220342
2.4701719616830795,2.6389931581455093,2.1354506625471887,1.8925172466832387,0.6210767394875585
2.548177309985045,2.258608536903857,1.0847254359270773,-0.6996815752413981,0.1797040898550869
1.9066007759886057,-0.14246398288724277,-0.9845832716487621,-0.36488820165206187,-0.5300511551511939
0.297825830933924,5.266377600945756,1.5448242955902134,0.7478623998950727,-0.6327521699595742
2.472367667564818,1.5505705801834588,-0.1925446709501162,-0.7536554664902089,-0.5723935567654145
2.1415975414511594,-0.5220508732931244,-0.8851702083302706,0.3672605633583488,-0.3450137618331116
-4.527009854620896,1.0649457959726416,0.09523668045200985,-0.7625460173905377,-0.15581229755861498
1.8521282943838526,1.599729310868157,3.073931272785481,-0.009618799813389966,-0.10958739998286861
-0.24821313526758812,-2.5638271797437873,-0.2642140107753731,-0.42390326593608163,-0.6845241064402245
-4.7075925459278745,0.48704933540452794,0.5030819340999138,0.03442223324443855,0.017044143119728593
1.922166302379779,0.8627942353620467,0.26808636064166624,1.8002061502479536,1.585026997456414
2.0641701257843676,0.3002714219089408,-0.890280002369134,-0.4080218334863377,-0.2954211063962827
1.6084104642963515,-0.6205435143226283,-0.939324186216593,-0.7794393056793785,-0.6440079600425225
1.4021614294796907,-0.7420568204401853,-0.527006986038846,-0.840640057910734,-0.23656233842288518
1.6730739489817203,-0.602286250196415,-0.5174536905748368,0.6064780087823745,-0.15047161525840053
-6.113554685659667,-1.1040409924441026,0.6066724303395904,-0.27309903901428717,-0.609722433978913
-0.36563951411700685,-2.3399931495024453,0.36161286135243015,1.1614323135103253,0.10779494147695953
-4.588059873782611,-0.32223163816088124,0.7248173767280945,0.21984061378553224,1.319174692057162
2.157486701306169,-0.18669770537478161,-1.2329975689605783,-0.4343138051651548,-0.6764380862399789
-3.528707836189089,0.47734099918095724,-0.7334250168321405,0.18315079089010747,-0.006879158546708592
0.21443437802802856,-2.2550571718445998,0.9507277754676967,3.037848122368841,1.0441961549137553
-0.14011703102110754,-2.615672905115684,0.41009233238283366,0.9810661172066535,0.015766946532691603
2.2564798695981922,0.13891182529083698,-0.07523965038976353,0.13317778711678596,-0.2693290193789621
-2.2688089491386862,-2.4451881506543796,2.012241960531417,-0.25476698770122236,-0.33208229458171307
-4.970142836297175,-0.38076077825001825,0.0344013349950513,0.19297318412809136,-0.4349990058547914
1.1931823555911325,-0.8714298855799469,-0.9325229029526614,-0.5948176388447549,-0.729174196826543
-2.397982243871311,3.3470055989870846,0.171698609845156,1.4562822567835692,0.6451633046856552
1.1472818522517445,-1.317579957297648,-0.8455641259745278,-0.5226478724869837,-0.25774847091349035
2.3354495124480974,0.6604392430150168,-0.42812528299327673,0.7105391243708734,0.6523336276316234
1.5089138330310454,-0.26625675526356973,-0.16340145121162983,-1.013576793743275,1.1937394052480756
0.18246532161814882,-2.272143456443148,-0.4714521953853666,0.06618719775211475,-0.6767779650428551
2.2282297083110025,0.13188561613574326,-0.5716423190960543,0.23586967009672918,-0.028695847425706036
1.9944455182891856,1.5824287979410412,0.52463950700873,-1.1372928748110047,1.3434956926075514
-1.4944403178606012,-1.512504542764253,1.6849390937277051,-0.13251377328818006,-0.1587971046261763
1.781097388573715,-0.04473973837398971,-0.8543148521070929,-0.9556077320527537,-0.2589392970077422