-5.779172193083679,0.4852977550977682,-1.2531510921440252,0.08632103943350199,-0.5986530438201058
-5.70033593727427,-0.8599401040155557,-1.1091397853152263,0.7696212162646542,-0.2835338680284679
-5.535624366500123,-0.19380735620048065,-0.9165895369561797,0.9133811101155357,-0.6543886976131013
-5.481424640512873,0.6110007868356272,-1.8694418430722017,0.6360922028884748,0.03809573691655969
-5.457166444282092,0.8230207657154541,-1.2877918472067897,0.08299205568794493,-0.36140914317678585
-5.394315006398361,1.3519476256829746,-1.9246379082824225,0.7950767690538306,-0.5957534004156073
-5.307241827096833,0.21557229278227985,-1.1178361504840355,1.0294486220878338,-0.7110335444750513
-5.2485540782814155,-1.480279964374291,-1.7862230281067688,0.6965476014133428,-0.251748039897578
-5.208094655148116,1.7542311446413357,-0.7877242237245644,0.891539005555674,-0.08981044289614809
-5.115126449830887,0.975614062568774,0.7240265199716084,0.9396142738100871,-0.6569780258520218
-5.065649843625982,-0.21749046235580657,-0.7016743100831847,0.9833742864877747,-0.6267977519309901
-4.968239051165964,1.3602150532823678,-1.3836096764426646,1.0163481648895942,-0.021526127839171225
-4.952672982677006,2.1282968334037884,-2.684637373599254,2.0550972579922377,-0.15346420122521945
-4.827358199249885,0.7922051903349372,-1.4966604127715077,0.8280050696402746,-0.42745807581968037
-4.8122046111943675,2.068145418758622,0.07714645638684066,1.0667751863285662,-0.3011449728002462
-4.7910736442982405,1.4769347823364116,0.011524495177353435,0.7330047977912738,-0.4523820765493952
-4.785676523065587,2.0773266917374276,0.6561271980340968,-0.293664067872176,-0.6886932640961237
-4.66281029381181,1.71235167950033,-0.2435879144530558,-0.4897724136900019,0.7034809310088704
-4.613583878609691,0.673786542292435,-1.1977430045178736,0.9925322950626857,-0.35637713452399367
-4.584800480580216,-0.396785960149475,-0.09330802780182475,1.4453974769802957,-0.659940273014016
-4.5847939908141395,0.24645589741474125,0.05148700480862697,1.4670503835220983,-0.7038336056876976
-4.578374329183643,2.514566923013939,0.13767129352177043,0.7881573392366439,-0.2798349717427156
-4.517462017086332,1.8463720907149106,-0.517488991183232,0.12108828589949111,-0.14530453833866874
-4.478062188966795,0.7479988122062916,0.0049856004987385676,0.27151759537693215,0.3641109823529644
-4.463923077626715,1.7065534704237677,0.9349652229938475,0.06789380435828074,-0.07913602822124458
-4.45864020525584,-0.1928765852469997,-0.7883576576021597,1.1180128330504557,-0.48938305457267783
-4.446351117519455,1.9321471922440432,0.5317176383067224,0.5896741597423099,-0.11626751091212535
-4.4358755389735185,1.5459595204122805,-0.01972572046288738,-0.15643604101841455,0.12430397014137622
-4.418164690335501,0.2658813198755487,0.07126050180212239,0.02440578075173958,0.23027898297534938
-4.361161636326166,0.3924949334635648,-0.36517211571533087,0.3666360707245149,0.18584943520903588
-4.34681724425024,-2.0794309340519668,-4.718178351300268,1.8388297355222314,-0.46465936007619874
-4.3235775303442985,-0.19616852969421927,-0.8212489891003076,0.5047284125570132,0.012507957642018636
-4.295404192316594,1.4436776244195364,0.20582375625579744,0.5078032930040987,0.11448882995818009
-4.263177235558093,1.265061846362819,-0.42118783683310274,-0.20085323315775724,0.29859733270316463
-4.247953875826124,1.0087793779354781,0.4506190388240224,0.06226814112569649,0.3082369735463204
-4.223931134667028,1.238205296442743,-0.3033344211334954,0.5643424323816593,0.14730471165102035
-4.222861437767016,1.4856593247513274,1.5444545872842064,0.12989518848982298,-0.17391150863673116
-4.185859627481768,0.7573502894030879,-0.6478367291522431,1.48726408135199,-0.6074590238275965
-4.180102342561508,0.3063897560738981,-1.1359781829837152,0.4927998326056423,0.12213462626764478
-4.177431956574532,1.4265886787325905,0.3691849151423354,0.7406838227716083,-0.2516705863007401
-4.1398830733696,-0.7395481006609842,1.0027256363494992,2.0109798181076184,-1.2925242660206049
-4.133952619052377,2.1697611977708795,-1.035823766236067,1.082856593582855,0.04045110645601161
-4.129178606390749,0.7470170924340782,0.598795821863276,-0.40431673426912684,-0.11271904699292509
-4.12897375784386,1.7494045180198785,1.8010979912605747,-0.3182317655717379,-0.019349392036845593
-4.116054366162748,0.9972645487080269,-0.5101240683575713,1.0571942968811538,-0.3034584024048678
-4.103448922554724,1.6833547000940736,-0.4185535168931966,1.252910407443532,-0.24654395626435435
-4.100085207109191,1.04371622998946,0.494006657098835,-0.5376952440508831,-0.148920340887291
-4.068340400470017,2.0321709833453854,0.9059543301999788,0.2312271991720579,0.0919613106872392
-4.0536043400330275,-0.47224226801164665,0.6502162187870835,2.2311599911338864,-1.239681934395356
-4.048475989206944,-1.435870334234547,-1.3443592981793997,-0.07525475433093656,-0.21672779717608795
-4.023996901352714,0.39416993112311594,0.22721711371674816,-0.1559610142125291,0.24942063920798843
-3.993741654438,1.1761563317218229,0.4013019944772372,1.1266167188908196,-0.5098179630364565
-3.9753950572543273,0.7234938634106127,0.23732304413274508,-0.15602364775957783,0.5440425282226293
-3.971364422662375,2.152303779753156,1.306320033922092,-0.8172753460575913,0.039707673603801195
-3.968746133135152,1.3361024040629703,1.5037284852500734,-0.5598245300234177,0.29372900429652854
-3.9643717227424093,1.4297292322272555,-0.7555493635576628,0.16564020184056508,0.08292568522166738
-3.963573988398515,2.1416523019337976,0.7795712745310794,-0.8310591018866429,0.3694122109355039
-3.9597461185558176,1.3803231588795417,-0.33549809458247826,0.12737831375765435,0.10985924545407676
-3.925697917605003,0.34893965478807903,1.0417491173052804,-0.40725691085096666,0.32885313101034486
-3.9181274114297895,-0.7038854318175629,0.07437146614309573,1.9557398601503913,-0.8869401194375562
-3.910287229084335,1.6586380177521993,0.36031046970142966,-0.7208087103173261,0.2688189007982269
-3.906713330822484,1.149196386413242,-0.17046244003575364,0.3649100836552525,0.060561825620734325
-3.905245782645459,0.7395700015026839,0.14180848359627002,-0.4565841975506005,0.2957699486042785
-3.9024629017560772,0.32978601473284913,-0.3194481146396645,1.0890550668674512,-0.2933933276685588
-3.8897461618555553,1.6269413211023058,-0.245370839749361,0.6777367646734251,0.1898318826169349
-3.8812046254651724,0.9123346635510415,0.18961625160144285,-0.02477358585017405,0.6046560577605944
-3.8712244789601504,-2.4023226568063385,-4.85697167584681,0.8407565747940151,-0.09744991152337483
-3.865459528354574,2.0142989522396535,1.1399754379126374,-0.43911082087036857,0.2546304233583628
-3.8643034213233376,1.7471254474289988,0.6530036419679318,-0.2905186685374352,0.1810454876408033
-3.858335186294049,-0.054867928368911065,-0.23056130563475027,0.16056827530008788,0.1857371261525508
-3.851692290281776,1.6297958510341446,-0.750912313408936,0.7519021184657921,-0.2314392832819034
-3.8359741252861177,0.7205733744272215,0.14927233080758354,-0.7239042932617165,0.39319791523117925
-3.817470778374617,0.5067160287541398,1.1486278197379456,-0.5821237751779358,0.571451160393537
-3.814532759408328,0.25550321320261676,-0.0699584665013854,0.5704637825024613,-0.27203630177919574
-3.8137672477762288,1.2170976167274454,0.2958077192731817,-0.34265975852795794,0.5215041952518199
-3.8044907904425393,1.135330373829329,0.633706936256946,-0.08620435784006679,0.2636047544870226
-3.792153184078926,1.9398277076281965,1.16528749135495,-0.9206735036207949,0.08496430072746369
-3.7897317458216473,0.9976531743506113,-0.03140954055911459,-0.5077483299591343,-0.3989819959125432
-3.7873650975446,0.5749922773345887,-0.43152148428821,0.3125338252391367,-0.07203122702855562
-3.7787334749052746,1.1802634748606744,0.2318247389026408,-0.06338185128021963,0.445515441322008
-3.741909519120521,0.45257875899628625,-0.9376748041923084,0.17289763611599462,-0.4023454048449201
-3.7116510194077548,1.9520290012300823,1.294789203334753,-0.6107964418511835,-0.4569905097504355
-3.7107856549879177,2.6053464894840213,0.3257008795910709,0.05726260296992083,0.41044311455431004
-3.6783791937483534,0.21223400289412325,1.0262392027571354,0.8750170485046118,-1.098825943883777
-3.661740084017769,-0.3892893918208097,0.9555614864528812,1.9584850607078355,-1.048485241734112
-3.6530592399968884,1.8537780757592406,0.8240355876556452,-0.7853625540800941,0.33697359115781916
-3.6475888031459576,0.5598139109876088,0.46711404216651264,1.474200953518947,-0.7593296664629665
-3.6406486971078365,0.9826438577345767,0.7617006901624821,-1.170877440674607,0.2690332739785967
-3.6242874578948325,0.6499848068526705,0.9810027845543207,0.4413317908423704,-0.5033973771572465
-3.5731508181353577,1.668708313263759,0.8460833016831146,-1.0607082717068521,0.3646127059067259
-3.5546427304907615,2.738046636870045,-0.3481215608641267,0.5277504046187939,0.3280560680136662
-3.5489720582852,0.35656984357436494,1.3335002027509804,-1.0047217572239384,0.6541764311045636
-3.547440084319401,1.608366024599907,1.0260443628307814,-0.4778953924215856,0.32409468894169846
-3.535621473075602,0.8734869824460426,1.528542783817459,0.058768305326503734,-0.3387559686977075
-3.530730389042216,1.250641433366017,0.11926067499932858,0.5237307016612338,-0.4257237209206626
-3.5038251196767605,1.3281654599532926,0.5800487827101009,-0.9990190799530827,0.4660839235604685
-3.4932804831389164,0.13223191075231416,0.875577068941422,-0.603659129795204,0.11437122496051512
-3.481184674396198,-0.23716021366400145,1.2052350181904614,1.5622481306208147,-0.8344912299256686
-3.476188869548823,1.156902590683272,0.9438128023439151,-1.1992700686249256,0.1625158223856501
-3.451117068606563,-0.998044578757247,1.2139795116897762,2.478842954519222,-1.2171761139648514
-3.4434543377274434,0.9645697674506272,1.1008742607996054,0.4547821438262066,-0.2926408111060659
-3.432742120440778,2.198301907760471,0.43476690566361464,-0.8286093323801648,0.7445978168154253
-3.430205945981575,1.141166228712615,0.4389792134239299,-0.24725213848782518,0.40738094679099807
-3.4273407450810596,1.9552156096628481,-0.9714801710210405,1.5958169856417619,0.04568223315712711
-3.4193844442997006,1.765308040715056,1.0732580137831793,-1.1259231478655196,0.8200929902148353
-3.414564068431655,2.052458610903763,-0.6068937928666229,0.23287411623136758,0.30738493654688337
-3.4047335710427036,1.253242387336393,0.3974982084640823,1.109043243948511,-0.30548405755989716
-3.385949880707458,0.2520471783885982,-0.054690627499789785,-0.17980687652738003,0.22892951077089768
-3.385249494373891,0.06655324240067087,0.4167446453898447,-0.284619856697309,0.33108901178838906
-3.37981402789751,1.3092453400477622,1.256909637666064,-0.4009963450993611,0.4400171149834619
-3.3524889902845443,1.3231477090693353,-0.22275555649281198,1.2392260821380614,-0.07448442113099109
-3.3483808356858757,0.3299107385556758,0.7914583719766843,0.005942637302469472,0.26620266687567007
-3.344142992995907,0.4594505515239382,0.2568422701921857,0.9745521683770952,-0.3138099584748064
-3.337198847001952,1.330438318681535,0.8152030155935776,-0.19692077855947962,0.2961104561717268
-3.3333864329443617,1.933403258179968,1.0518768508932965,0.12120709294482859,0.10783051673206699
-3.322400825195709,2.2000897857233292,0.8794816586224967,-0.6680456599520422,0.666843953107924
-3.321498056408213,0.7330701721496176,-0.04760725229781892,-0.6736641535300375,0.6165103875775938
-3.3109422062396163,2.388981802963418,-0.014479540129351272,-0.47748275496276976,-0.351881380096517
-3.3033002571864207,0.9673242424979104,0.8084656028343654,0.8104552021903274,0.031358467914112974
-3.3009043252240637,1.8836172258444175,-2.912110640473303,1.2431152549620674,0.5159916530074282
-3.2966946853915826,1.4894910340466223,-0.10848879623164824,-0.23997833120307052,0.5787001600955795
-3.2960141273971195,0.896158155104454,0.4528170637435584,-1.2618980190831373,-0.06484399545183087
-3.293715211783852,0.4472309575846798,0.4189234730149356,-0.80773534918508,0.5381570942122248
-3.2847254256441434,-0.2706485636931713,0.9686126175258251,1.8744774324236526,-1.0508003525649918
-3.2839354026500627,-0.9698984627321585,0.6504235172474369,2.38222790557601,-1.1077153327069105
-3.282664270165445,0.5231036714710402,1.0347601716290211,0.037476909921310565,-1.3035059163814455
-3.2439466034751763,1.2814122046046494,1.0196802922313126,-0.3346652462216455,0.3442936693271854
-3.240503112681313,0.6801580990521869,-0.044096261198322315,0.9374707923894189,-0.12226258170340217
-3.2218559444033366,-0.48783209699899704,1.2806335831889588,1.3419893214507193,-1.235909430267926
-3.221781868253752,1.0972355597952486,1.27621045947401,-0.6129558973999927,0.40619969306899284
-3.2198133047630133,-0.12324168520844375,-1.0579633893252982,2.0136528248312255,-0.4742120978143405
-3.211369129370736,1.5887055966821553,0.8076849764460541,-0.9313239223531139,0.6530828303548389
-3.2101719238026662,1.5154917208376777,1.1180262542043273,-1.2270400008324422,1.4907109813191455
-3.2069289017777893,-0.06854752780495353,-2.1036563540861972,0.403041428875326,0.3711420553468145
-3.2032083228881203,1.7628421259558185,0.1340426382825313,-0.4381781734667135,0.3348566072188407
-3.19553484015061,-0.6917892061903534,1.3656129594431003,2.1018058037204352,-1.134836694211649
-3.192989748858602,1.0194919794103605,1.477073264764558,-1.011842900930806,0.1443793770389394
-3.1905905297795822,2.164331218808579,0.5085980033277575,-1.0558842640139952,0.9862585972599816
-3.187974857297766,-0.34501170839075784,1.5368103052825135,1.541748579166919,-0.7531600073259722
-3.1679701067005057,0.79045253102065,-0.08836204064553622,0.8132225240055396,0.04354546652584592
-3.150187057901386,0.2889163793024832,0.9907423247382755,0.9027322561728093,-1.1298696760323865
-3.1484805209416398,0.7669851385894213,-0.043945923913849674,0.1399467965160591,0.22398708211400215
-3.146778237182736,1.9797055766959077,0.16743330177605714,-0.9522702143142941,0.5484219571053288
-3.1464813674372487,1.0447734778896078,0.39526552126224074,0.38815238887880893,-0.13781241790088378
-3.1325574821647697,0.524778289785627,0.7051371786977964,0.6556673002751487,-0.6513312674091648
-3.1234409990027676,1.6826070148373538,1.0963465807079371,-1.7609809919129655,0.13101034145990292
-3.111060506403692,1.811378920615239,1.6370994169775441,-1.7977643471421987,0.023637317469050356
-3.1106688673228047,0.040792753198437406,-0.013203328939036812,-0.6008783064087263,0.13996975247713334
-3.1070258544605682,0.6785751443573474,0.34325843814965873,0.8386822271391765,-0.1316504831714772
-3.102907823353509,-0.8488359583735574,-4.22221391133874,0.8648754978052048,-0.18437906005912133
-3.1018019518386564,0.8961083711205089,0.45424976296077324,-0.14703162477293305,0.3679712200368599
-3.1011668887548107,-0.5574896702975103,0.9449654568614525,1.3023853827949874,-0.6735960879515052
-3.0968654542720255,1.965305020633254,0.44987166415531665,-1.2876478132371816,0.9159843457570807
-3.093661318856484,0.047925733921729795,0.6598785593637498,0.9247367440892194,-0.33051978669119386
-3.0801071293330478,0.14712363895738156,1.1446809539636973,1.1295020322672649,-0.48656098451119256
-3.0736071475138083,0.5969276887868695,1.1206244102625469,0.9437461131393461,-0.4459822491078499
-3.070375927578923,-0.8049361545884696,-2.8372615996103288,0.27681192130031984,0.378604331985394
-3.069231001771999,1.1023233447220768,0.7996254078125464,-1.3103604224655698,-0.04062278915389536
-3.0614180806409075,0.5731506250154649,1.0269494053212205,1.336435764989253,-0.7023210737020266
-3.060891167239211,-0.06147914268122887,-0.6902304440667678,-0.4232314051432019,0.4666115990335166
-3.0598119800261983,1.548416304965329,0.026419544392043106,0.9752297491010833,-0.598711105305873
-3.0544201036410663,0.8080675306801255,0.3919734319884302,-0.8273897775004566,0.3591698611345467
-3.0463590481028766,0.050691313647908555,1.244323967415733,1.8744539282204387,-0.8351842480586541
-3.0423831773291155,-1.2316914677368085,0.11817706317655968,1.2418417729853737,-0.5214492411763777
-3.0360313376743675,1.679531883475275,0.4611049983645072,-0.5725019824841884,0.8494358158321144
-3.032531103829511,0.14660637388491288,0.24449528389441574,1.651505149248355,-1.1070778637280467
-3.0315558699925482,0.45154485198094146,0.10918832240836021,0.47798764343215094,-0.3479753165110953
-3.0279219589041366,1.127846964824317,0.19438378040995655,-1.4035826729075265,0.34178862099190227
-3.0264867461716656,1.6319652092649204,0.9520167058372634,-1.0186388088694796,0.6688630725079701
-3.0230694622334484,-2.862324054213783,-1.4907409038842447,0.6311182385575966,-0.03559245881203586
-3.0179508806053352,0.7794857744050585,1.8204457401594534,-1.2604529250133385,0.7423618360228611
-3.0150524762627757,1.8586616677391787,0.5625634266995305,0.5875520270287813,-0.24505180278544483
-3.008869935992035,-0.7079004638330133,0.6835782831173336,0.086666031029489,-0.41552087677727334
-2.9980407132686886,0.8477232638257353,0.44918508530852824,-1.1458232747842718,0.43332196196473965
-2.99375222631446,0.7767941321638043,0.5169808127017275,-0.6728683578069345,0.5809548957126881
-2.9930734477463163,2.117714000721664,0.4252981666114248,-0.7369391386697384,0.7315887087509456
-2.983018929723089,1.6876229262282778,0.18800865777824066,-0.4458073892708373,0.4432305920354898
-2.9758843208111,0.861400016325102,0.35248517863855916,0.3385950173085514,0.1942978012964315
-2.975240073375246,1.3457797888567458,1.535821574634256,0.2257211733001073,0.31273861537123193
-2.9726705569172163,0.6821338642100382,0.9484254808370416,-1.1251904182446462,0.4113829782518303
-2.9721277830051696,0.5941005285170583,1.624636226185015,0.6281679514097404,-0.3602588133029268
-2.964362938420618,0.6362734458149784,1.3613254158767654,0.06934687981350772,-0.1829304072312091
-2.9573104758016413,1.7758274219687524,0.8133093288106488,0.11881324335623646,-0.1912315950944634
-2.9511054360337727,1.1033904523768916,0.3112818638634862,0.15569440264999934,0.6507474402274868
-2.9448310635442883,1.2281476924791943,0.7862941623681008,0.3287195680469972,0.08034291215129932
-2.940460193882024,-2.147823859815034,-2.149523366058773,1.5404867219757536,-1.0098918062510245
-2.938482695617067,0.39419007585263094,-0.6808333206228341,1.313716115854178,-0.39732168042058696
-2.929576912754886,0.18996122086322254,0.4134996933299452,0.6806579936050732,-0.08579476011608232
-2.9291888779380093,1.0140456112221614,0.6211771216865325,1.0859180877968266,-0.5628374344080402
-2.920462024902738,0.6555332516308731,0.7221943915490049,-0.4588637169769106,0.5521663528283015
-2.917973702919409,1.0355950080350484,0.8853100830942174,-0.1268465411709817,-0.496533770623313
-2.915192655170548,0.9746080842871618,0.7355385173360278,-0.4987551299554878,0.5971127600829227
-2.9055011187095077,-0.0774005991339923,0.05839817195326679,-0.31761950605779565,0.4322160699722897
-2.898782036643502,-0.270907474534337,0.9552090844360178,1.5098245344890169,-0.952638462636959
-2.895839026931664,1.7532987330344931,1.0602584192547968,-0.9792389556216857,0.5716005968271509
-2.8912473234687073,-0.3821694679404635,0.7152397113092734,1.3912756681157041,-0.6926379593439203
-2.8821767459705656,1.6423856811806332,0.8603333365236394,-1.1337707707458782,1.1304642464094532
-2.881683553111143,0.4534090565005252,0.5362326256208582,0.9895362278734768,-0.2922200173294314
-2.8815765885351556,0.15016208622407212,1.1675690379765926,0.7760772584879195,-1.0421348268274337
-2.880352674472342,-0.2541177828841309,1.807266929027868,0.9114945291370746,-0.6279082387998169
-2.8761159899515714,1.3053253715252022,1.4316750068270003,-0.996116246754093,0.23032294158151218
-2.87201266618411,1.1062170263958844,-0.193031583455544,-0.48684225124562114,0.7662890841180806
-2.868214634939524,0.8635297022718323,0.8990870434380566,-0.4202315261864602,-0.09434948443958799
-2.8659650389405122,1.0114068516856618,0.8296750602449154,-1.3678734107527328,0.6280218059215871
-2.861333484883227,0.9052434650849418,1.2462260223143646,-1.0162208245662774,0.6465285598782912
-2.858269855111565,0.22196511701353389,0.1502293067531546,1.6117143061301156,-1.057776585467365
-2.830552841835682,0.9175990709759919,0.9730418049335854,0.10688842047769123,0.10608678015466752
-2.829923179469867,1.9218910000198084,0.4746827144859961,0.907916639083613,-0.05869958740788803
-2.8280010483747984,0.2988276603318138,0.4181911345391349,-0.6281767428072951,0.5957357991211919
-2.8016062676297624,1.0178805678603005,0.4289952246257289,0.07118402935824653,0.19519371006718136
-2.8011965100757896,-1.6774863654260392,-2.984987482083415,1.3993804066684552,-0.5290330444516345
-2.785439731029421,0.42794148648334257,-1.2643839839247766,-0.1170261294985067,0.561897322702356
-2.776682020210559,-0.13406581830797337,0.8632052441687508,0.8096733149453442,-0.44417545893525884
-2.7739403011652257,1.823060854495728,-0.003554893658356015,0.09995136663778435,0.34594822116324
-2.7705213865235234,0.785027813247934,0.5287835879675499,-0.9938749466260138,0.5735426778976935
-2.768226265555055,1.0165117106655726,0.6378531717430795,-0.3804840465230875,0.7560050997453313
-2.7679336647655117,1.381318049022494,0.8219456206243392,-1.4730623496230901,0.5273762506895177
-2.7651088714304457,1.2723091394760806,-1.2761025132700659,1.8422144524229356,-0.28054746770442984
-2.760103319010062,1.8498005392048051,0.49731879132472706,0.35618961371263924,0.24046954642281954
-2.745028655931888,-1.5854946175550457,-4.547349510533232,0.7020765036500801,-0.6461893041212142
-2.7380026068331236,-0.4112027745182366,1.0439027584228924,2.0269682067071413,-0.9118039604860699
-2.7319527729820394,0.6173815258464964,0.3423182092215388,-0.9399730914475399,0.6538394011002818
-2.7296550264211,0.6015595902950768,0.09165914394138976,0.7094344783024521,-0.42967632158400476
-2.721772573659051,1.3954731432301721,1.3876604086497581,0.7180057643664889,-0.181122801170128
-2.7056081040238964,-1.5133214627785034,-0.03466870883397432,1.6198919269374552,-0.7862575187775964
-2.704131917467967,0.8973623593412602,-0.20061167519263015,0.7342414362724273,0.025806212952922
-2.6980116135585885,0.9735394903057321,0.6679096739785825,-0.2937836849885494,0.5520199216368892
-2.688552912401034,1.4999089947370878,0.6755448809449662,0.3687941023672916,-0.3030229266995862
-2.6828236770157337,-0.05982668407184897,0.8001141168251975,0.5027985357789376,-0.3804907479454064
-2.6794720492757187,-0.737232086349861,1.733301658655002,0.8137934112975438,-0.9459282508519157
-2.6778939053912962,-0.9657097890448813,0.9258084095633033,1.6153601113880616,-0.9507520687687434
-2.676491803537535,-0.16342653726759995,-0.24132283070788718,2.3157832157310283,-0.874406704886501
-2.6615762563044183,1.0122475052525102,0.842940181749997,-0.985573804929144,0.5979283123802549
-2.6560524762359603,0.07456922168386367,1.6424459136884422,1.099427681469909,-0.4505204694662928
-2.655125107275171,-0.1759431960082978,-4.031848455318571,0.4577284088910941,0.11870952238162427
-2.653271893417896,1.3863294657622967,1.0995084264183892,-1.0460453816267192,0.8852680714255639
-2.6379666745657486,-0.9564058152182936,-2.9244330560832585,-0.2198715767845622,0.13094553196995315
-2.63693958018818,0.8423513415220745,0.8064156947350447,-1.082397290727079,0.8423398513203205
-2.6345764934737055,1.0512627385762212,1.2945312379892788,-0.5463106989760548,0.2611604100682867
-2.631762008708964,0.19338417219643428,-0.2022601619378592,0.994053199118137,0.015079515410407309
-2.6279583016540182,2.5411038954727925,1.5561933966061132,-0.41424065249306524,1.7988584414804325
-2.625975887295226,1.1121164392088119,1.2398273994239584,-0.2827011060660416,0.1793651608681065
-2.625034847067103,0.7450656325198467,0.9090166999062892,-0.8279642043138692,0.43326982103351713
-2.614488935955356,0.5229689391124139,0.4690839558920076,-1.0461534480803296,0.954549885355645
-2.6099516821469697,1.7884317070998006,0.19668118390249426,0.3617017226556933,0.015903895667661663
-2.6075734876115115,-1.5182466855204324,1.1527947757620278,2.3608605652325005,-0.9999935787721181
-2.597126901303471,0.48375514695766636,0.896341721593825,-1.3094589101746965,0.7319960190619532
-2.5812461948798053,-1.9429773129030037,-3.0895127941959757,0.9564763855603065,-0.551185838494491
-2.579170647355355,2.7369117193791808,0.39355327835989795,0.325183424355305,-0.312071949773147
-2.5742151129267645,-1.4028965758597534,-5.191373601802967,0.9784140517050463,-0.2809866669696363
-2.568664974455061,-1.5525047435059784,-3.8549586087630425,0.814427573463676,0.12423069035828918
-2.561697846172351,0.4769360010228267,1.0217261815083907,0.08112571016876896,0.0733025108551677
-2.55687990829516,1.0199248694283105,0.9796134593318488,1.4417716619455145,-0.48226858695238867
-2.5490380812496913,1.6784098409621107,-0.040239533944622166,-0.0473609376992689,0.4406237080192415
-2.547763065954755,1.2759949583833088,0.17322699115809978,-1.419446027457808,0.6810814076101517
-2.5474898965088517,-0.0963078951735433,0.8565660155998903,1.5981580805603757,-0.8085127245629418
-2.53458400112506,-1.1688335118850732,1.7971997718318262,1.193110705544879,-1.0159711468617558
-2.530888836619314,-0.0891452449528184,-0.13708814579059111,1.3273228486909139,-0.15689259593659988
-2.52798517733805,0.3079182379141708,1.2761257119367535,0.602721632738439,-0.6188669059759789
-2.5222980412505467,0.6113840405545629,0.7918955688572984,-0.2931667667675781,0.18248192755033885
-2.5169745927279776,0.4759761140624166,0.9618965561284623,-0.12036252880996035,0.02702297044626879
-2.494816636333345,2.036338696303476,-0.03549301363789482,-1.1134427591605056,1.1586212664869442
-2.4867387968129067,-0.4421080145852292,1.4919379361912997,1.2373046746324488,-1.0664958203740322
-2.485035258776856,1.5758633223765095,0.6189583253676356,-1.0402497931779833,0.9319176906857823
-2.482115140520388,1.659744548838727,0.6306955776619606,-0.4445242579059845,0.35697046949299804
-2.481656446459387,-0.5436547424084008,1.218340198637756,0.6839456886827332,0.2446873920525197
-2.477283018697657,-0.12370408767095778,0.6672842631439209,-0.6942580974336636,0.5801591374530984
-2.4765495995533273,-0.4475087846853896,0.8587426758138288,0.7056999781240104,-0.2237932680151145
-2.474782723070383,1.6071185193221895,0.17712062031697218,-0.8376965954338278,0.9397133680553114
-2.4548690321885536,0.8184015242812464,0.2647525820880509,-0.7993694802345633,0.41949285179388
-2.4411902488686783,-1.1277539190234633,0.8642627708191977,0.6165815138338094,-0.7098840350657035
-2.4286985017581375,-0.6580700141171975,-0.5288069533352762,-0.31045307226207397,0.46670097510333397
-2.4270835932262815,0.4159597753943192,1.5089283169912318,0.5277397088600883,-0.4343587029828417
-2.409141249863843,0.646514487418172,0.9772329995357872,0.3559839145481787,-0.16178518579503043
-2.3955641500774094,-1.1741432934438647,0.7972602761631523,1.8792551312403407,-1.0054119928257401
-2.392381051087251,0.9931835405912732,0.2866989817812524,-1.3680958682862858,0.6507474769298738
-2.3921522008706626,-0.6484658236515604,-2.4713195300285324,0.6178269011980135,-0.10655237851503639
-2.3915614301277826,0.3114010243076096,0.8199511380195339,1.1949110973601165,-0.738397175725741
-2.3866548472771076,0.8677064039521657,0.45971389487274,-1.2809726795838197,0.29850908672080223
-2.3851016630596544,-1.5815173596610672,0.7411203969315486,2.1113639729461946,-1.0886985112973346
-2.383439499754815,1.012639036505448,0.8389344596366725,-0.11190044791289394,0.19409263865890689
-2.38319429099765,0.645486071865627,0.6131940219964335,0.5523403931673753,-0.33943446706263297
-2.380750993649616,-1.3364035660658578,-2.399182781942342,0.7589373326435608,-0.7950157473769167
-2.375911042524037,-0.48091281550418696,1.043237678975408,1.3981350965513808,-0.7293495191331225
-2.3710597370200457,-1.3874204754090858,-2.9023605845996534,-0.10779068218144244,0.29520437792511844
-2.3700887785114486,0.6626224034066819,1.139757627915365,-1.0440369613668918,0.574974797476271
-2.3640811950421194,0.5159941798482465,0.6564648670521241,-1.1126184811256197,0.7980038643754456
-2.3535662583495753,0.3221308136579951,0.789872228621645,0.7225958609792346,-0.31810365813909713
-2.3519558189955516,-1.812073033659614,0.4461419581852818,1.7150965129576274,-0.8107774022327177
-2.348702681168117,1.0361963956934772,0.9363257165351148,-1.4172421047153738,1.1104788623317068
-2.342599311582057,1.05775621007877,0.6390061846697738,-1.0320852070418896,1.2666954751748678
-2.3406758489824386,-0.5971201762028957,1.3918640948566463,1.5519003247007106,-0.6734842039236575
-2.336630938885973,1.3072859589065957,1.1825815365190804,-0.30619940316047045,-0.03397137005008585
-2.323095862863846,-1.074392089860023,-0.41135994708364515,0.0009436017399318331,0.2461552347901489
-2.3199936075694096,-1.6800854395377525,-0.03561215801764663,0.21763832971302813,-0.4694148489013242
-2.3074411053706174,0.056783199248929744,0.27733067592388677,0.09057482026361723,-0.718501609458358
-2.306058146642972,0.45217584676134415,0.32192501936348283,0.32317177365971694,0.34688805905833114
-2.3014370870454184,0.5325971827554324,0.8837167579844907,0.7304588867190519,-0.15922627747086943
-2.2960712681732023,0.528036103115708,1.1646781989324453,-0.006550123459081798,0.15054947352703196
-2.295980235833345,-1.203835964789897,-1.9053151064505147,0.1958957222750301,-0.030132278782066948
-2.293147961789284,1.1948599059021336,0.9751615342415285,-1.9870264357353695,0.2121443183045279
-2.2909933698520177,1.1702427742166603,1.4742054945526089,-0.7776621423635398,0.8536406910773303
-2.28344247215104,0.4807051061426883,1.7175882748391675,0.8995709434657154,-0.5675374352632572
-2.2832017341739053,-0.3945945358670617,-3.4850450041009795,0.8001102770815737,-0.4084919454325218
-2.2665385241143157,2.7181873968717176,0.8488150016244401,-0.4633892522933436,0.17687987401053068
-2.2569283042375043,-1.1387038912113645,-3.4636873698446555,-0.7238697919752333,0.24158609928527572
-2.251647287926226,1.5201530969160684,0.5445500146665613,-0.49737375221162683,0.9991156561614317
-2.2383430755379696,0.9181879752797991,0.766692336173195,-1.4199434451500788,1.0261636534061334
-2.2334851251803864,-1.2447524999475024,-2.223409631413313,1.136474556423811,-0.593386666446498
-2.2323393983932664,0.40808839124443774,1.4432006887299649,0.7677164691204693,-0.3437034780953467
-2.23173515626062,0.8012816001287437,0.28357489789756235,0.10049622999701674,0.2623740477050277
-2.2299603199393214,0.10239155587004796,2.5600786582953456,0.41498365771521656,-0.8484090503704281
-2.2277752405968103,0.16899720045273486,-0.07534861664838037,-0.5405610141184511,0.2963743501060467
-2.222269092212426,-0.09965740813085099,0.8853622948709525,0.2572807539798226,0.11038602763934399
-2.216890104944471,0.7500731567615144,0.9133651335588431,-1.234808111277309,0.7090948483511376
-2.2073230017275365,1.571924706132801,0.378408317055755,-0.2004782121870069,0.06812151918518625
-2.2003854797156763,0.27994241392134167,1.0290918821013144,0.6237946452790974,-0.23899127192074304
-2.1751140806324156,-0.528363180760749,-1.2495325557723045,-0.34955781939095854,0.8997439926158476
-2.1725223993773324,-1.6563839807018959,-2.057156256290779,0.6734827260370693,-0.5174804798611897
-2.1650652676147053,-0.38176568296315666,0.5743360418427488,1.918611864428191,-0.8445882994557972
-2.147683530435259,1.0039643052223288,1.8796895429995375,-0.2867260074358377,0.04523334120579887
-2.145073087887112,1.167891153925244,1.0118666406539862,0.6626891636300282,0.0564527470858105
-2.1280048554945474,0.2990155334061097,1.8158760605025368,-1.9001382126663333,0.5756759814698327
-2.1266059702065565,0.7125636420980125,1.117413385593345,-0.6372651258476656,-0.40563321362575944
-2.1021058169267755,0.7584496798782927,0.600880425135842,-0.7162591897822838,0.14409608437150812
-2.0629268214931926,0.03931677787322309,1.3460111785418272,0.9413598212277662,-0.5417308144713369
-2.049692973917124,0.5862979331289493,0.5651001549349526,0.17369739965891637,0.1258895676917658
-2.0424645418360137,0.9873607369798759,-0.036375242908545845,1.5721100459590434,-0.6046254547527793
-2.040729465009248,1.6436344429221652,0.17476532727753752,0.16136781502140643,0.4653309781608928
-2.039909453922424,-0.5864567495252788,1.7281656276673811,1.1732640065378126,-0.6132227492144694
-2.0382641997588413,0.15796366003822734,1.7848667470510848,-0.02960056986715149,-0.030239634592046455
-2.011175540658704,0.07575985120991974,2.453933567310202,0.28365088613932743,-0.9514466398679067
-1.9930502838753896,0.41991927084857383,1.3402842208262502,1.1805064673930206,-0.2833412546853975
-1.9886948951683237,-1.4559443066176372,1.5335386296945832,0.5452945637267146,-0.4245831598341204
-1.9834735652973905,0.7082516211765718,-0.6786457484851294,-0.9362711902502596,0.9891782690165029
-1.9474314528006433,-1.5650649349963515,-1.9633927874779284,0.6707844811024859,-0.2871458135607908
-1.944335573046919,0.7658358729246303,1.5653290752783031,0.4423870430557439,-0.21705997044576078
-1.938946227093209,0.9179773966912957,0.8266281831178186,-0.7505131484727711,-0.13340329697040254
-1.9219665545869267,0.9944090467732322,1.4015593706970515,-1.9157463711497804,0.8814712664116887
-1.9146298770908474,0.2168352347111149,-0.23536363157917678,2.8041809351071767,-0.9891486951252005
-1.9054528088601212,-0.2737567464345048,-4.229421925773963,-0.1547624533922254,0.12848537048652722
-1.8881152797260712,-2.1571450258968365,-3.8685740813541045,-0.581940488258435,-0.30895870947045545
-1.8767913329279426,1.3120558680057863,1.2160395021669066,-1.3200287558650563,2.42978341901761
-1.8730112984873226,-1.1116930898304598,1.589816625057938,-0.9019616393415781,0.18405429039959503
-1.8644579624518842,-0.7053647563077166,0.2438522140230422,-0.7935202718276917,0.7088903907602234
-1.8643259923001683,1.248194278487885,0.6222238750737605,-1.1725356864445176,0.7619605055157351
-1.8621953560231912,1.0889745816361787,0.3372108847754419,-1.9651382751399455,0.3388218861694453
-1.856476544506459,-0.8459457141962424,-1.8348595508465766,0.9575665785810813,-1.1424377917724937
-1.8473930866043444,0.655007658948574,1.721841082779751,0.08502621014447352,0.1871378358769725
-1.8457577985265203,1.0579833434568755,0.9976396641890226,-1.990046140051554,0.5325582786870268
-1.8418367847306425,-1.0770691677860469,-0.1535302984774019,-0.5325528435883089,0.19618872034332305
-1.8417340011756653,0.6569570838979778,1.3371319679721487,-1.7584238749626864,0.9633306513416361
-1.8348338655774354,0.08961959439933073,-0.5502926384503933,-1.144983168388689,0.9246628619234281
-1.8271811408125953,0.5746009958123565,-0.2909418867117343,-1.252855002306646,0.9087066369329941
-1.8209059378635148,0.8827725814958187,0.8382276501599734,0.5464879869764496,-0.40056848059743744
-1.8196035664943968,-1.482429492129793,0.28423510509273325,1.6582583839870337,-0.8282440610027423
-1.8186486024556536,1.3686947760634105,1.2113436083610272,-0.4893364665810266,0.15438135013298215
-1.8046516017819545,-1.955903412562675,1.3168034547359098,1.4841162419089398,-0.8772337885503868
-1.8028740549582718,0.43423456180261316,0.8262453026075929,1.2845090336673006,-0.4505871473872522
-1.7979967413238285,0.8424128806953542,1.4960160860090295,0.36635252960824155,-0.5925663075910002
-1.7945260849941052,-0.6834368182873101,0.6318791203517745,1.6982459713655458,-1.0988237730555854
-1.7939355360517635,-0.2293775059995448,-0.38180842561280076,-0.7750036551171308,0.8578674574118909
-1.787295842459873,0.6578872192553615,0.8256819982001921,-0.5190248776663596,0.20044854706025986
-1.7703750212886693,1.3472125040545062,-0.09202356885457993,-1.2397518425585279,0.982430847016435
-1.759253821553955,-2.111035420516223,2.364304417451224,-0.38224577126289977,-0.022917227133508147
-1.7588915240564666,0.9880680572528661,0.330051220586219,-1.270509528274037,1.366591334654865
-1.7531310649474836,-0.024922852557093655,0.15260280027996495,1.2390687113329575,-0.6410857386156261
-1.7527840925880507,0.3859415843057878,-0.6370920880327263,-1.2379887480638272,0.8932265052764223
-1.724537726425196,0.3119980534715429,0.4785792516042962,-0.7503380742868705,0.4394661813183802
-1.7242374463450085,-0.4065358402416277,1.072571679334188,1.0150770914012337,-0.4573421240643542
-1.7184043728230358,1.0998300973083008,1.6163677844495195,0.6552595540680362,-0.3862898230621483
-1.7057012000552223,-1.8126573747296713,-4.492874855949493,0.06907233606432808,0.3473409354330525
-1.702776225519688,0.3215001815022995,-3.436222664727912,0.363293566146259,-0.21412443937216938
-1.6881845054889417,-1.1945841607734713,0.3129392262527717,-1.111505985720662,0.8526146954166605
-1.6872643550175164,1.3259926965406892,1.44520479512933,0.7226033953406583,-0.2230113912679998
-1.6789291281223522,0.6303066529341007,1.1967071924147763,-1.5130972328324788,1.288656189441925
-1.6723818619721262,0.018912987327884552,-0.45094627229426415,-0.6877842838791098,0.32712451929121195
-1.6633978101280258,1.5452574786401487,0.5800131216099472,-1.60328884264721,0.9055966626847165
-1.6495732801264533,-0.4304070844743495,1.5489883752715896,-0.7012513616622047,0.4098558879219719
-1.6308200624690508,0.015405858279905253,1.265407240456248,0.8514094056759214,-0.3782101764165121
-1.6282800025921444,-0.6123200094426421,2.3700202674243784,-1.4444254738407303,0.1650957541738526
-1.6194021195544372,1.5768622804020727,0.011324725037947776,-0.418028265804672,0.5468357893893001
-1.6172655227992871,0.46590653454285574,1.970640465016604,0.39183258391840553,0.009565225775153013
-1.6132036555846814,-0.3197454844284188,-1.0166448019920873,0.22829595930826033,0.3255659936289028
-1.598181684416937,2.2904152452546813,0.012892875901215448,-0.199465377096111,0.3828140344799129
-1.592761485592397,0.7337293217255053,0.26775565167868004,-1.2210167100226623,1.4728514514706135
-1.5887706253098934,-1.6629399324672016,1.9270077067233828,0.7811224931194242,-0.5905376694286142
-1.5877479391982925,-1.4454295965399409,0.9522928441686628,1.1197376084295332,-0.6905172320201051
-1.5806725829754555,-0.5829012521299951,-2.964386392272301,0.6884515780466325,0.4760551716368029
-1.580586480012244,-1.2673655783792477,-1.3308738193804033,-0.48499130931167816,-0.1876122285985441
-1.5635255546128324,-2.991338827881648,0.6051700862232987,-0.2467996671491486,-0.00829494283122468
-1.5452369265024983,1.0291068336317675,0.8155952021328233,-1.8172918422726292,0.8515434716041483
-1.5450593936847956,-0.7493750335913659,0.9380857070299788,1.1123695496257906,-0.6633064785182222
-1.5229460755455628,0.13542259777329138,-0.5431140656552221,-1.1766062463026268,0.8084535098145601
-1.5177262061615537,-0.6865392510788235,-1.2152313973490323,-0.7469131692746814,0.46252158351520595
-1.4889468322701735,-1.1231579065044455,0.06886410085217148,-0.8673682226503335,0.6763946234916822
-1.4653798161254714,-0.5417172997224888,1.3979644983676915,1.25806265412256,-0.9379139281134189
-1.4648250712577313,1.1916191986501226,-0.125658687067101,0.9301374565515267,0.20436105385434908
-1.4457528194036622,1.995924974450513,0.6599792815900745,0.8177014628363717,-0.41172293506768176
-1.4381810426675221,-1.9152949229624194,-3.6262751822546284,1.0660722275761976,-0.45815371048231535
-1.4304614423825017,-1.520284380155277,-2.6009184015636357,-0.5662848223927124,0.38677196920741747
-1.4171690768906429,-2.4111334720155693,-2.547372859411893,-0.7014333024929758,0.07601091320823043
-1.410459888496036,-0.10416413819823764,1.1510202540013903,0.5891203319334058,-0.29864332098586455
-1.4051961595630014,-0.05203485110550464,0.27379423181118184,-1.2084104435284442,1.1130569673520558
-1.3984412426906745,-3.1606786852479893,1.4927849894691185,-0.44278491643237705,-0.18264136812861448
-1.3944752810743524,-3.771437594804537,-1.1698762881138625,0.8232962357992945,-0.37696498017265784
-1.3860365736103533,-0.7372541996882311,-2.6463524399812717,-1.2013928187333358,0.6846822319428167
-1.3831791553519808,-0.746886745408887,-2.1472472378042755,0.5064035482710333,-0.5758765916816361
-1.3807124004694338,1.6263363174059857,0.5242461652142848,-2.0345670617796747,0.907591475394438
-1.3754910335310795,-0.9024924228958211,1.7544428479053242,0.7080399918004298,-0.6125959049218617
-1.363106656355253,-3.5644558953025447,0.009615624426038,-0.7513666995041355,0.5002607080812226
-1.3576552741458663,0.9912018674778736,1.1448163693694662,0.6036639334194469,-0.3675593742196868
-1.3342381225833464,-2.3341830344267818,-2.032117443401088,-0.4245175593792233,-0.07250610465236126
-1.3287785614023158,-1.8702186069803004,1.5580950702413592,1.3794017752767642,-0.6442915140708159
-1.3267093885774297,-3.484005986378035,-1.5254422544498312,-0.4466779370210993,-0.3063993513291944
-1.2976232872916995,-2.3715459576832014,-0.8136194626861156,-0.4896069179425036,-0.5185909466141146
-1.294158090029857,-1.72543449285373,-0.23039459836314277,1.890070517551956,-1.0250597302474405
-1.2874457250242728,-1.2070111503067684,0.4529282164254342,-0.9869023096088584,0.6858999958864762
-1.2842436669608952,-0.15883492380744993,0.023368611469063594,0.77861067512077,-0.22313463094620914
-1.2690288530077858,0.3476563289253511,1.1496060878271943,1.0620485812527092,-0.14085929876292846
-1.2634602385181697,-0.4911430060772514,-4.68575737088784,0.07064024929384022,0.538525398027703
-1.2584004346038766,-1.9626237833321043,3.25550162731709,0.2864257866376263,-0.6830728637102261
-1.24938896389084,-0.4738971356789583,-0.281049502795199,-0.9559479820021405,0.6151802222745602
-1.2469805304799253,-1.2678753932378617,-2.109029015752063,1.487073576388108,-0.3788191367166755
-1.2378902336900033,-1.6055473789838113,2.6831995907336252,0.6999961393236914,-0.6951531299478876
-1.237414023510117,-1.7255451748583683,2.0398961688201465,1.1066913765051969,-0.8396346031453701
-1.2371669919391863,-0.3659182474179105,0.6914560049124211,0.41488046017943697,-0.03757340966925356
-1.2208655178599177,0.9693600412534448,0.800642308792786,0.9867893099782078,-0.5777329699455572
-1.219802107349258,-1.5694771488949018,-0.12591390076792666,0.07388708627988966,-0.2598054986682835
-1.2126153517411278,-0.6826457491939764,1.4972260082338,0.8661633310505497,-0.42474044878729666
-1.2122271569159477,-0.22426270430286654,-3.3236566750984275,-1.3154946702618766,0.41103405764111867
-1.1756577089929652,-1.112219293407571,0.7902612220682047,-1.3008450628685408,0.4772698162524783
-1.1722470097587854,-1.3421016814892777,0.5620550975875677,-1.2584376162273052,0.4122557043909922
-1.1656402795680623,-1.3042288377756308,-1.785578279714496,0.23021025539556983,0.7806085775123102
-1.149252176380749,-0.5115686889100197,1.2839322136324913,-0.910693906871338,0.7318337312125242
-1.1490214297124628,-1.5440970411789647,-0.11001641761045357,-0.6746888831137983,0.20742763604435668
-1.1406511661500887,-0.03845794618779937,-3.35400389285226,-1.1492403505128799,0.033443020484221986
-1.1366068872909552,-1.9594518814807156,0.749303987223531,-0.6465034639860769,-1.2714060224193755
-1.1307988891384704,-0.35553241336179875,-2.445423935775706,-1.186709957791899,0.18673622464440284
-1.1193325237031695,-0.15200566725346024,0.33548870194629615,1.9879774356496063,-0.6807530034846349
-1.1145975632801255,-0.5027157457070123,1.5795480208738724,0.2844225669898756,-0.3082580695927126
-1.1138667899376493,-0.34011250363905043,-3.373418479051542,-0.37568268980615316,0.32249563896216993
-1.1114172151979171,-1.3778536294772112,-0.7127778792145303,0.8636136960505147,-0.8260605649575528
-1.1073012158584776,-0.41096921803801423,-1.547210606793351,-0.850678989394968,0.049605495618174206
-1.1054492656434332,0.13813005715148208,-3.103847184689769,-0.47372938860166736,0.555851803809725
-1.096931286229565,-2.137180135378424,2.2138565661004628,0.6976841050838862,-0.8225558028438736
-1.0950452082936293,-2.4665143195460293,-1.0798395078997094,-1.1756986828507276,-0.15590998196505806
-1.0925088149233764,-0.0898996953022455,1.8889205556222446,0.2623801128965075,0.025095204981328105
-1.0736206007999167,0.19300466316576043,-2.969263821589794,-0.7431875808567447,0.5824829513397873
-1.0588438625726684,7.5374727002219375,-2.479628086609766,-0.7773791232508773,-1.5689870647069442
-1.058124147629212,-0.6956339340407321,-3.1493154356215256,-0.8990142531342402,0.7158821874468665
-1.0476423708340548,-1.781562481656533,0.9057154458573354,-0.6416879960118318,0.36284425937780246
-1.045957279021548,0.703148273524933,1.3017795467699633,1.2170197374779779,-0.43633002457835757
-1.0443590122249828,0.18702585811867325,1.044240376497778,1.0000254302895921,-0.20322570064350445
-1.0416887776636128,-1.183284675779105,0.17690707459485386,-0.6588508517111122,0.6372304683264254
-1.03905971996499,-3.6914471060082508,-0.28207341904462063,0.7949109319535924,-0.6227687020863047
-1.0124413947699722,-1.824530569044353,1.755392727261755,0.05052236850072851,-0.056944005985911615
-0.9954834239339486,0.5119563832582422,1.2166609140911386,0.5680694898222182,-0.004363936755353486
-0.9910354576477592,-1.6780242809190842,-1.3035437669166483,1.2829589445654765,-0.7250739422419751
-0.9907161582483267,-2.3928795566130088,-0.29171032792463464,-0.25049271462226363,-0.8149639073118176
-0.9896187782572993,-0.29006115050612824,0.2759173263905288,2.040130823000572,-0.9211495358859101
-0.9845180823628304,-0.04549228252541077,1.0304805268992099,1.1534629015864573,-0.41244701009140095
-0.9817926603445857,-1.5746534683659377,0.6244009014796569,-0.37106617449414353,0.01750828956814648
-0.9711102262956707,-1.616306760041071,-1.8852889400160404,-0.7937291741117568,0.6172313503525134
-0.966209927809316,-2.340682493568437,2.0045480319538433,-1.2481756766475878,0.5287267483695026
-0.9653304638274433,-3.058153443715843,-0.7392189166283689,-0.13296926421480515,-0.11096229376018159
-0.9595124977178654,0.6016183138426717,-2.8689039689637923,0.15061451251908187,0.8829387973255599
-0.9511219808995274,-3.063999003545258,-0.16090364626154652,1.9336867863429956,-1.0016316831150596
-0.9504034041497142,0.689635761859732,-0.9550088501817525,-0.7464769185322809,0.889988874317348
-0.9432343627390715,-0.8256046217182837,-0.9347326524648119,0.15480573353481258,-0.19591409091207024
-0.9389596979003775,-0.530697924576607,0.4416552395362638,1.7858757179048546,-1.0130405070655664
-0.9365556893463237,-1.1792223084580846,1.7497880471361078,-0.21164971031595436,0.30887501614524493
-0.9353395575593326,-1.0234835261477149,-2.2649004299388067,-0.031233333425107115,0.5085326122918526
-0.9315505427253576,0.5220783038614445,0.8695348926528971,0.4663893079703292,-0.7891752173248981
-0.928754138294064,-1.0054800089077085,-0.6769430829591453,0.8848665376215966,-0.7328270247172043
-0.9272667044807775,-0.7142143247957187,-1.6322171958387977,-0.5061273159256533,-0.06159499964575908
-0.9256381085818979,-0.34947209193875345,1.4333407942164398,0.7962425611529762,-0.4457290232783506
-0.9194037662087337,0.45551980083804355,-0.8794236174458093,-0.4875998026989698,-0.027686440631943067
-0.9097236285728191,0.3674708033584642,-2.2330825005683996,-0.626834408181049,0.3593195284005295
-0.9088888291815725,-1.0996317102886142,-4.110466264081814,-0.14317988127014072,0.5393175481165035
-0.8955805669835292,1.161185279914322,0.6848232211707374,0.7488086397804617,-0.2941896648343801
-0.892805473858612,-3.4793466762238388,-1.3443858225323597,-0.43024327930563905,-0.831227607875847
-0.8898704420384888,-1.0701502465464716,-2.9548451513823064,0.6241895070247873,-1.1753939839686869
-0.8851396767726404,-0.45568248337759526,-3.918567211267757,-0.3420449731373576,0.3777036957428918
-0.8776781597153933,0.3614936298533317,-2.2321884388741062,2.1785544326129287,0.4094057806584333
-0.8502650251416267,-1.2107532435837969,-0.4974352509833008,0.2654729475652696,-0.004084219558949721
-0.8499819642200266,-0.9323914436691336,1.1328182752415497,1.2857649811368252,-0.5215285223229453
-0.8448152743095058,-0.606422120519737,0.21514885980552992,-1.619448099409482,1.7487585519215614
-0.843001401198245,0.10385649677871178,-2.6265836493845236,-0.6553336685242882,0.694387035288719
-0.8416613783295921,-0.1281340700578204,-2.014878045007454,-0.4848061717929429,0.5190625571081818
-0.837138978952111,0.2719796842337696,1.2436968978144354,0.7462598451284144,-0.3118380343636727
-0.8297722827559616,-1.77542268542424,-2.5712068549538483,0.31238798022072195,0.38078692811203824
-0.8261609913430793,-1.141585564231247,-3.182997381731462,-0.9127992910739997,0.6923501229350046
-0.8189805315002514,0.4731528069623423,-3.6664900220193344,-1.3425099463685417,0.4511794011830674
-0.8107600265534398,0.11660601385969184,-1.9620516989217458,-0.8050452828573276,0.6282049455840992
-0.7949349609011168,0.0454250266624081,-1.209839230840452,0.3169075586865089,0.36915154049228727
-0.7908513936589062,-1.5021381897876538,-1.196131041394076,-0.43372083061724337,-0.05556541593118745
-0.7843244067778357,0.8406214163578157,-2.6513298214145005,1.0334834403203086,-0.2646405081995865
-0.7698360070376564,-1.5420161685119522,-2.697780897487086,-1.2576038243924308,0.4531195957051782
-0.76453797291053,-1.0608443829964544,0.15956837558004433,-1.4493714392481114,0.7790402061734536
-0.7632247075619617,0.41379828745447583,1.7123179416958434,0.39656149861541007,-0.05501398992547414
-0.7537209668760152,-0.2041506923946835,1.0658230071243446,1.0724334360515944,-0.9685690612133537
-0.7500897105446253,-0.336292920352963,0.8641101695711867,0.40042079689377325,-0.1328531050809886
-0.7417297551015899,0.6480788134131207,0.8135651362349285,0.6150489622522267,-0.5798125096017521
-0.7410220120422789,-0.3952935777042971,-1.0098686681777307,0.38749149971754016,-0.23017753402078014
-0.7279218670279405,-1.0440609902758953,-0.1294598613728004,-0.7091730032429892,0.4333364664130235
-0.7081701458006493,-0.6304899416232765,-0.19279527874935712,1.2928896469638966,-0.40430099874477676
-0.7049627903287596,0.45000368611604913,-3.781337027703081,-0.6897457597124445,0.7344905108172296
-0.7048950679115349,-1.0037427439110793,-0.23093225192659625,-0.7087771711563718,-0.17679518249466053
-0.6892837110106691,-2.2656446664879755,1.4284598381117448,-1.0101614263918026,0.3258828333070421
-0.6883398705794893,-2.520381862842304,-0.16738741310141936,0.15850851424260579,-0.2022508109925583
-0.6756227204819067,0.11340477844256673,-1.7055068693161985,-0.9420818508361792,0.7108766373864785
-0.6748576115147353,-0.20496755538258535,1.7773954985369285,0.022217090421403927,-0.5420072201864788
-0.6748294472973257,0.2934181623229661,-3.118324229771061,-0.8278678889547049,0.7058468490157661
-0.6683233669751998,0.1526291619851039,-1.9866512640721667,-1.0032233630780656,0.7257899838102544
-0.6604966595867241,-1.2071602493026818,0.3998673338748706,0.9742991415969233,-1.4336630927275262
-0.6571618780558285,-0.7878784021596142,-0.5280822827173846,0.4418939559223599,-0.3256985568184516
-0.6570744861776631,-0.7638279257393984,-1.8103209563752949,-0.8604930002914081,1.0714803019208852
-0.6543213071880649,-0.1212012343983528,1.0338313074084564,0.8309775931360327,-0.43390852917724126
-0.6492804870993719,-0.12998460593405894,1.8443928072111841,0.01027478559369995,-0.6365914580323666
-0.6394575190469237,-5.2749149706298795,4.54060783974272,-0.9641313580477258,-0.5993807054448054
-0.638550240310931,-3.1371880576718345,0.4881511937468162,-0.6829546330673922,0.23835639960475666
-0.6263395454463241,-1.3112816703643233,-0.555770355435927,-0.023467905819992318,-0.17429623071127867
-0.6232701803425443,0.2569289404026576,-1.869590601278966,-1.09610641067273,0.41251853218843415
-0.6220454618207248,0.2865606019717671,0.5522648833105382,1.9581246069650067,-0.21695369779019016
-0.6160593322959821,-2.1593863649071037,-0.09800530766939666,0.5033276408258388,-0.02239117466963199
-0.6130800474370736,-1.6218853978314756,1.787974199195294,0.5370390679789714,-0.8390111327579471
-0.5963130783011602,0.2015592745430014,0.33596567170776015,0.9141646530552971,-0.8969018095833375
-0.5882652049464624,-0.9035960253070108,-0.1364887926458731,1.591883766527513,-0.44726523193440776
-0.586222152076533,1.2825422819179768,0.5559316976766321,0.9579171893236619,0.4509538677211536
-0.5698886222681263,-0.5795979104515366,2.097411096037715,-0.0016162569539004072,-0.17508451871801356
-0.569488161799651,-1.4711579177225276,-0.5080046219243932,0.378909474796405,-0.8027734156674361
-0.5400069143111044,-1.7447377865580331,0.08379010365363387,-1.3668059186129982,0.6393417961067284
-0.536984991853712,-1.543889173897602,-0.3115957114043632,-0.910279953508348,0.03127144252900328
-0.5365832427498708,-0.457752639612493,-0.0030865787081264524,2.5331984669288516,-1.4241363083301362
-0.5314700163007149,-0.4515588303429124,-0.6679761246988335,-1.4111338361703847,0.4867493531132497
-0.5307918667689309,-0.9427848500682668,1.0209805438920156,0.9278178299338687,-0.30011645463015857
-0.5125164447133989,0.1820321350036329,-0.5952667463707223,0.8772798724859887,-0.28082334121952685
-0.5069251188086527,-1.7129001124187768,-0.7422983909683065,2.9803871498948857,-1.595409541394646
-0.4916966352446345,-0.37367740694379326,-1.7501653980871061,1.4092131684111469,0.14176855671324878
-0.4871850923274701,-0.4358037662403276,1.779633390458792,0.409298941419637,-0.2929116359522086
-0.48477308738188524,-2.3634070882901432,-1.2832189259275553,-0.9679369468085552,0.3114516270883526
-0.47839606316189276,-2.204931271754939,-2.00446275927472,-0.8488960834504228,0.08574969559609877
-0.4757467367549227,0.7909349710850471,0.43686807650384674,0.8364336956519928,0.22832025841023487
-0.4476269358508986,-1.8701024609482133,-1.965305199897669,-0.9437435200525734,-0.41192905921123346
-0.4411468582336336,-0.8972418430826016,0.7667703882726292,1.9125690348876452,-0.4870186622600816
-0.4380282094878411,-1.2851213754472683,-0.39478839530642923,-0.9116105152998626,0.20771099744794888
-0.4354436232022047,0.5806364264638348,-2.019302881969825,-1.8159525691155338,-0.18779986091288778
-0.42923285970450487,-0.013245018563678684,-2.8461009395371355,-0.6148375049486552,0.4983399900154648
-0.42896530093241264,-1.3676074658975133,3.237482086274717,0.42059109164657005,-0.23572467074250408
-0.421256235339436,-0.8923308303634607,0.5578431228649716,0.23027427248420976,-0.09484953890805646
-0.4127772422976096,-1.7341334864159332,-0.774843568660377,0.41249219142147814,-0.8846482471855867
-0.4124483205521256,-0.7783176425012986,-1.2812598133921607,1.6779012533460889,-0.48546338806361894
-0.40228510965026926,-0.40341098546906173,-1.3226868201478528,-1.1059329131672215,1.2994454882002533
-0.40129278238530597,-2.82827990389755,-0.23016931169142466,-0.839653702176853,0.10296408395606768
-0.39860930090873775,-0.742806115166819,1.5720186243500474,1.6386827789374814,-1.3792682567079535
-0.39551136509866974,-1.483736850572295,-2.336930628226192,-0.5344054508758905,0.39431291596923024
-0.3951902965433404,-1.8820319393167328,-3.7516808090047706,0.2532236596184883,-0.24458967123385805
-0.39035161269024987,-0.9961976823408959,-0.9018637949557196,-0.40285189628621676,0.38505880235536455
-0.39026311197472324,-0.2682040032996273,-2.7711739727510234,-1.070807609688493,0.6326299240518425
-0.38273919133498335,-3.4531402151739297,-1.554716055307848,0.5733302409709102,-0.3375680584007043
-0.3798827801497846,-2.11095016919206,-1.1939466253158266,1.5749712697531284,-0.728862437139613
-0.3701654433863668,-3.3907541429004615,3.650062583371808,-0.10117051186215407,-0.9511625073678344
-0.36607870323750574,-2.266694346946923,-1.2480048516103877,-0.3708644886186549,0.7717015457109645
-0.35684712027433557,-2.9623608576150127,-1.059525799598575,-0.1207398503173269,-0.414624018150442
-0.35324218814025715,0.5810506764547136,-0.6656523729914968,-0.6435775697975842,0.894175330794928
-0.35161433583037666,0.680295254921477,0.7682610982577345,0.4564783343817991,-0.6259231701361302
-0.34663484689729607,-1.1140160124763692,2.6685118637669514,0.16977147839709947,-0.04737743301991429
-0.32705703862292673,-0.970136993237288,-2.821688979995894,0.13590312938105686,-0.3640825166891178
-0.3243731061483683,-1.5688035687720026,0.33122242140382513,-0.6520159463669696,0.7585163986716621
-0.3189783497273579,-0.3781923676151686,1.4027814524086926,0.1587634108472419,-0.47681774759391177
-0.31886496339279624,0.6229117710446995,0.5883692223643544,0.3545906283518366,0.8338314312528089
-0.31834690117427716,-4.179223751768458,4.101662890092316,-1.1545899892366729,-0.978341724606869
-0.30869745587620034,0.6642967135062003,-3.26978904304141,-0.8141345681860256,0.5238323806192204
-0.3076715166048026,-0.5023074907786447,-1.2417572108639698,0.7451751416195714,-0.09601925666401631
-0.3075889433770884,-1.4527812196963525,-0.08053282083691897,-0.7351535166566702,-0.01519160365600279
-0.29522267404828356,-0.9673284941415708,-0.9419288433657036,-1.778584413349399,0.53956165562095
-0.29356577047481075,-0.2865627417798587,-2.8976463848367944,-0.9824599534039672,0.17355327323829417
-0.29310940749289116,-0.760697456424564,-1.3229513474019055,0.47622196276373624,0.37881847670162294
-0.28423305882235883,-0.4867522405464156,0.32541754657106986,-1.378251593798062,0.9812128270689416
-0.2835207667183532,-0.08310170310569027,1.0384400770720015,0.37475019960468026,-0.285475280307474
-0.2822261220324554,-1.1062236179123461,-1.4395611198171634,0.8999344137163884,-0.12433253682027902
-0.2751504049412058,-0.6759430762388352,-1.2567176150541068,0.3048909655932152,-0.5536574412718656
-0.2716836825829136,-2.1707247147407283,-1.1505054660837974,-0.9867719373604458,-0.044596820386089045
-0.2708726495788222,-1.0482922537774466,-1.0786690717978837,-1.106278136817142,-0.3030831722407737
-0.2633978849907118,-0.7284588441726909,-0.34600375830464186,-0.9803347546340803,0.6444559215930038
-0.260135243228793,-0.64703235270717,-1.967192100066744,-0.6193455802792912,0.8833691527622236
-0.2587729683301012,-2.463778716814249,-0.16985074133740097,-1.2096762911650187,0.2873580466821495
-0.24684449567571126,-1.521833823357188,-1.3934915856255163,-1.067631257268662,0.5027147415485081
-0.24611727348603973,-1.4645207506467097,-0.8136040535876973,-1.373011656187923,0.6946834662386112
-0.24408130151998542,-1.1318429402764039,-1.836858342396478,-0.677392610196333,0.6112542231317051
-0.2422212254480133,0.5152995442092868,1.90319055996686,0.8290308709941726,-0.46801772277567794
-0.23722758353828172,-0.011373036961697471,2.1179905547485833,-0.05145948777491758,0.4947057504696096
-0.23519392796859742,-0.838629081417698,0.25196137483394737,-0.6047942757776854,0.7008954122324019
-0.23314085167503024,-1.3499847110500582,-0.21028537181491197,-1.7330550199708883,0.12302633522280144
-0.2321892637598045,-4.485127022400144,1.6501492388820798,0.4224367968027965,-0.969146922620445
-0.2265141004633032,0.2772833838782654,-1.7769226065877124,-0.5448534709947314,0.9365747365231626
-0.22465327381602643,0.5420069090218339,-1.936230356862007,1.2484170603789682,-1.4949906799841342
-0.22077781873248076,-0.2809326988415426,-1.267696488053359,-1.5873335977219332,1.1766073668538535
-0.21744015537851583,-2.803478876702999,-1.4450170148838382,0.27859405894479966,-0.6044880550860269