0.8126248742632991,-0.8516466920427574,0.6028994894922388,-0.07829548161324972
0.49764610357587336,-1.3028997450517394,0.5908572644587399,0.6137889631191016
0.3548485093717896,-1.1061366499153245,0.8043883165095163,0.439218366621783
0.19265380086804076,-2.1149263338573894,0.7141589344737314,-0.5669159785859028
0.44870895447255793,-1.2728664377424799,1.468480565473926,0.20839503605300835
1.2419791694118327,0.7191473579564618,0.5072707168802191,-1.181309078315853
1.8215262719674634,1.000788387733512,0.6688276318026577,-0.7413545125725987
1.9165857809835718,0.7752034133421248,0.37740488026976293,-0.8621233337044331
1.074725685978201,0.7255472802534827,0.9744002388036981,-1.4731049988671165
1.8832919615339876,0.42733105250535514,0.3739657655222931,-1.3622144757781196
1.957654887894806,0.13272510100256604,-0.3906162874623613,-1.3044376122168901
1.951082938273551,0.11882782646643952,0.507954970267423,-1.8453003842075684
2.085327446365583,0.40011603326243317,0.3474311564034405,-1.340113201812237
2.1512142409346406,0.5017181380735505,0.6467209254272401,-1.3547222877469327
2.278041224542818,0.7508745525601457,-0.8044215257913907,-0.17929935944644435
2.310715708638289,0.5827998627810782,-0.5782629120389126,-0.5198037380961122
2.0816714605052944,1.1900268729028627,-0.8372633459654336,0.38266782250970377
1.5044783346185857,-1.1513459106339194,-0.018390118594350975,1.4330937069821672
1.36668134754843,-1.2867059318003127,0.4230338426467135,0.9569274987010556
0.93834189288513,-0.8311440629155363,0.24575184380607953,0.7738189414250581
1.4353241687574918,-0.885010289344065,0.16775791296612447,1.3728906471980173
0.8211466247553674,-0.7708527117816293,-0.07316038114204214,0.9211051229960819
0.8406529536519781,-0.5509056442187727,0.7855140573231253,0.7259132607612464
0.7258689857348978,-0.8188053962208728,0.420326979338273,0.34690419714421483
0.24753725278030006,0.5696397319164866,-0.3529969230694453,0.12680098491355044
0.19295136084000614,0.4920341097274306,-0.35354312770888835,0.01619700896060612
-0.6186307180520408,-0.27916145835850653,-0.10275485362995201,0.9485187823280433
0.2307655764156877,0.5744048357004514,0.3198806038818068,-0.2702320830654973
0.3837839763792889,-1.5013977346747556,0.38188399906570497,-0.0032565999772593353
1.5470608856920838,1.583801582834705,-0.1348861569931217,0.3967871549588857
1.2714859173560298,0.7136711113346595,0.4328571991237837,-1.14758453477672
2.3706769103171865,0.46017390425940596,-0.13394741130894186,-0.9246083594333896
2.4885808514396093,0.4790416188375405,-0.5271599203758277,-0.6471223268409816
1.6556659947375725,0.8931267726136977,0.45838619242186407,-0.8396104725679201
2.2504478798620533,0.8673195027303258,0.6330027842273586,-0.8275511630675432
2.2025464137714024,-0.828600463021788,-0.29983101542781904,1.024914730732007
1.5604209463382552,-1.6955893614276714,-0.18255535084786684,0.8080524518956823
1.3421338963996752,0.5438257257209805,-0.48360716531730114,0.35926228551722433
2.187869324120275,-1.1856797007492088,-0.7264872937943831,0.749936681550146
1.9793442105160435,0.7205436865948218,-0.8002501148415438,-0.2921327212812055
2.2306683956048277,1.3738744601316877,-0.9914481118997988,0.7289436821927991
1.7710441781546673,-0.8499024267337212,-0.5290192549529578,0.7174732474119924
1.2364414254091347,-1.8196250244460452,-0.26658416914075767,0.5579357393501665
1.4539194979980874,-1.8387655692578124,-0.6741028544969995,0.8368395263382468
0.6557883430646688,-0.7170456255295388,-0.21335036336784183,1.0423965570417888
2.226116736329767,-0.3044957094028833,-1.439254731345301,1.1855071478701664
1.6401997434326028,1.3083755618504684,0.13366262080459668,-0.10744908311087416
1.4357358487369998,0.8881922413309363,-1.0474101361633283,-0.04803220495378112
1.4864985911909636,0.24767635064757812,-1.5511582597397218,-0.6283162459169883
-0.48684781086311657,0.45574108932114754,0.7812818091224388,1.4888256435984573
0.24361912625518758,0.5016508914058234,0.038856816833269255,-0.19776172668005762
0.7854075910138703,-1.5142054476311562,-0.4984743093669221,0.8306329487871609
-0.006724182326722585,0.3528852605158178,-0.397473951467745,-0.2157305803020607
-0.8436744960315413,-1.316844414334045,1.8632298794389124,-1.207754245458547
-0.9665292836871007,-1.9496657757498799,1.5632836061199604,-1.9016628772351798
-0.8471335674903986,1.4836073162768202,2.9191445911040117,-0.7977585628516324
1.0311674213045618,2.2280899884446694,2.661108209464984,-0.46239325450758223
1.5335988501644031,1.0207678080986324,1.2586135177366142,-1.2106050948522533
1.1107628190385015,0.9939699307881416,1.329835426394795,-1.366186854996997
1.184730941094635,0.6397855057645366,0.27512407895791297,-1.222544302668042
1.6171978181298454,1.179161017581116,0.7580802756904512,-0.6704665816646884
0.30225991930080043,-0.4388614494112181,1.7347131403625837,0.8884326306841215
2.5532891139695693,1.8782784888033242,0.38197157834370576,-0.4484512643476726
2.2253528530556848,0.7442507809316237,-0.45503725380566185,-0.41783804930666724
2.6068325642102828,-0.07093117841917156,-1.9804051693126743,-0.5956904052965203
0.7736092311565954,-0.8458078351234181,0.7040157033200579,0.8481203972143594
0.8522262112928476,-1.0617961076056588,0.974325930712966,0.5714003037517948
1.5612946082152124,-1.2991092940031919,0.7502719016295378,-0.4073775905277888
1.916637577541983,1.7155274129094684,1.2455319594989618,-0.16220791708727816
1.016811282906663,-1.2621598665962288,0.20135621039016524,0.864282092979244
0.9200939798055494,-1.4179559651908196,0.743888696465789,0.34197097577124547
1.1672276599813098,-1.423737430466151,1.1097081894210934,0.25745414117920534
0.05795469419566656,-0.6058693213875732,-0.6239182569752093,1.159354307474734
1.0569620118837162,-0.7695335868199992,0.15890853235654132,0.1505831231984639
2.3951408365282405,1.0018619695880047,-0.043282082307441884,-0.2294873192904791
2.6920591871336854,0.55360681952804,0.21017462009355828,-0.9014800927571812
0.5384747033960722,-1.2937963540893291,-0.2999656687549168,0.9516472501819129
1.5720098263926854,-1.7262804522419228,-2.059730452064461,0.5319308600458594
2.049244462148598,1.9072237153199019,-1.7616396379238624,0.644158418938561
1.298228343763842,0.8459360882751382,-1.9018766008168193,0.26020315042692793
1.4108816247756137,0.6409542386558902,-2.2365941372886904,0.18143829210035384
2.334235266735496,1.286974220365747,-0.019926550371901934,0.08844879864178812
2.4016027577268986,1.2677043267887969,-0.10500660197350942,0.13290723881112063
-0.0004646144621925849,-0.9364168598486239,-0.6029849316551502,0.9479075263184545
0.23390275373891653,-2.4154549223345807,-1.8274026603874087,0.11469531494714214
-0.6631831665091925,-0.7732434256190982,1.1385429304544985,0.008212523426442622
-0.6272147266368681,-0.984358206305533,2.3346792975683037,-0.6624004338510239
-0.8093376359536287,-1.0027222585933464,1.2148609195535014,-0.2886338520528884
-0.5819272420609608,-0.6470741489318067,0.8275501228452946,0.44475319457913826
-0.35620159748622715,-0.5029358565737236,1.8819718262582439,0.17834098904161474
0.2575949625062994,-0.8711447001708367,1.5436267565591255,0.04802375492471132
1.3148376688762429,-0.6349782767192222,0.9971164663131702,0.012729024506783485
0.3247842637482249,-0.7271574279038165,0.5684062699855624,0.4825808877460634
-0.3415479092364143,-0.751527284819888,-0.1627934093122344,0.1903986179151235
0.3680798947818586,-0.7030927993196957,0.16965888003174118,0.9319468579424677
-0.28509905162328925,-0.5406395137904746,0.5845591128857638,0.2485596391286445
2.163900007273054,0.8876618726370268,0.8997133813463286,-0.9719366017115647
1.728348345097439,0.8572522006764157,0.8614466175357292,-1.0670672224211601
1.1393033503975782,0.3181551900485226,0.6447208685190616,-0.6326314374855386
1.962959000308401,0.7016447411201634,-0.3608432598677482,-0.5981147313199285
1.5827115061128247,0.5181392609137752,0.8445179910865048,-1.5527606103797413
1.884125835832138,1.019887390749451,0.3834252358208874,-0.5294003904819721
2.5190077234359065,1.063713147385716,0.7877613529856291,-0.6061696144846161
2.1094675439152213,1.610903737805453,-0.1245666577342247,0.5140036982603552
2.1821628469663366,0.887698686512034,-0.4480805311925152,-0.2567800540335316
2.3273376542660706,0.7951431384129369,-0.14399915911174638,-0.5090096215275884
2.3152857630189057,1.341446103427841,-0.24036972528506037,0.26288491568854927
1.5793241471112354,0.2261774141241408,-1.2325392024153565,1.231450895282757
0.8148372026298715,-0.7984359468486268,-0.25647409381770364,1.5915923001165415
0.8621065983660723,-1.0077727493881514,-0.6984399303872286,1.6438677561579154
2.6016966988605748,0.849157617954071,-2.455498635534385,-0.29370611709261113
-1.7143105506238998,-1.2830813433336434,0.8837958439071406,1.116750631502326
-0.005551310983528407,0.062450891444081856,-0.640509973412953,1.9903070622395262
-1.1148544450052973,0.9943565899030654,0.8039732587041818,-0.25684771936226475
-0.5701417987808054,-0.672532233332946,1.5144809964515706,-0.2491159746624553
-0.3243370100491114,-0.6951923814839563,1.5998982371210504,-0.2810333106243672
-0.001239784923377188,-0.5699842332672942,0.6591973628113992,0.23360623888360904
-0.05164484920124909,-0.31200834359332424,0.6062188801187323,0.4691995247975389
-0.7146412403413215,-0.30997650847913766,1.1744020753069249,-0.23166973328253027
-0.42455320206290525,0.09294399950705712,0.08189940514217697,0.5245806749106653
-0.2913440744659838,-0.367072644676561,0.4485235902578569,0.2478944954799878
1.238709797399638,-1.136109400738804,1.0891447445399256,0.7836805345047144
1.1227703214138482,-1.2411846471270156,0.6790442649017708,0.8349056678541745
1.8548843654058413,0.6659908490498224,0.1729919006132613,-0.9306950829982117
1.680178459137833,0.7690083244748815,0.38734955154053446,-0.928977404280055
1.7939372999705934,0.8087816029618083,0.596220843517068,-0.9753431982506419
1.7768585144097377,1.2165216557995084,0.8638332919837117,-0.5708589873125391
1.3554263705864473,0.34097534355502424,0.9685726476921356,-1.989877177200844
-0.003642894505674368,-0.6251348318874342,-0.19406644691981892,0.9809280820152539
-0.4473942588190056,-0.56654613410579,-0.6601698722371084,0.716186476412101
-0.5857815129823374,1.2923994572046762,-0.7165364406590888,1.1446761558193657
-1.3554135502800233,0.04978200380114446,0.45891572949990106,-0.22533938887167745
-1.4888792891859568,0.5684533874360507,1.002670471854699,-1.007381508534471
-1.1381737729037336,0.3841768757318287,-0.9967304594977859,-0.028808140327509838
-0.9557166435589467,0.7933540780064574,1.290727758056146,0.5689637083027926
-1.372979861566732,-0.08752716407782363,0.5381854369271001,-0.30338963357403825
-1.2042883189917974,1.3891014616166182,0.493573224142342,0.4734585219587229
-1.1277873612137785,0.6624804677963088,0.37785545597780806,0.05065801382116791
-0.7047420349511192,0.09382287155955336,0.08233932017122746,0.06965070549855086
1.0792499050309536,-0.5324222032769399,0.7772405578861348,1.7360961892277167
1.80494539460224,-1.4486656929846982,-0.8183019094798925,1.5466684234982464
0.902251057117763,-0.7953566572148292,1.2737802865719852,0.8041436598038004
0.46252324540601364,-0.6968980257942017,0.7966843809178342,0.5132187168776751
0.8301771920344848,-0.9371353957896059,0.7614244873561116,0.6172473768205837
0.377458276931563,-1.399177303974496,0.9127702147417859,-0.2643961286236606
-0.5338831624975402,0.23008593033270666,0.28129414238119155,1.0838418016342495
-1.2104819180648654,0.5228395398406768,-0.1782052869923805,0.8191054337809642
-1.1763733036965296,1.1198699652435364,0.3866672111911109,0.17071582176522906
-0.9712328025056298,0.9702841470289282,-0.7554028910821028,0.6445912456707412
-1.841164394712605,2.0343773474079874,1.5033973831243728,0.6320307630901995
-1.6547995146784356,1.554835528312589,0.9544356064846025,0.32509445855367497
-1.0403860381122771,0.8508810413062015,0.07703890849968342,0.010290289387599388
-1.5858551234197213,0.9160929214872842,0.06545552469249126,-0.0356338458660739
-1.6426604235178026,1.2167999272268633,0.4241519771710332,0.1631410190340214
-1.5814826169062115,0.09374372714408304,-1.414781573341788,-0.27607238917402654
2.192362631654758,0.9151764852390951,3.70290588844714,1.0640016929638298
1.070989687757241,-1.1905301957247107,2.88556387566783,-1.5892559174293253
2.0478297149717335,1.315005339925412,-0.14657049183660134,0.15047209935256092
1.6880066458418312,1.3938764256077614,-0.5171177197794655,0.362074143538783
2.137864517495633,1.1258713960688005,-1.4332467363175316,0.6121774053165028
3.0076874111246212,1.191884304683812,-2.4160719930409953,0.23929398581339778
1.9019638850846037,-1.7449723899610956,-1.3806350267904381,1.379347404377205
0.2357111090252788,-0.529609912733016,1.6293643040948231,0.2545986298170243
0.3407845835308882,-0.7378861344080317,1.1132769032147036,0.3024713875314378
0.05959283539558451,-0.5410458356283122,0.640493035853541,0.45916595272069943
0.236094850578613,-0.3906610411144205,0.10730165844004606,0.8970111042404788
-0.13245141481882483,-0.07410819181585707,0.8342339938267894,0.5063499581883959
-0.03535731135867514,-0.4322724816858141,0.4565013242474497,0.3971299251780589
-0.6455790361063206,0.7421616359938447,0.5543351981779656,0.7718316482852597
-1.353251273879144,-0.19240581222482595,0.04319925172164852,0.7869033083345562
-1.0972241239445877,0.8191320110926065,-1.100118237808185,0.6178234172273733
-2.347662545965451,-0.1320300429919691,0.47629687309227964,-1.8304285894642658
-0.8767541244283253,0.3170444515623455,-2.5357189332456196,0.7385296656731184
-1.3243683903058998,-0.04596793739771885,-2.4633392262294547,0.14273144807981444
-0.9646736632236381,0.43107654786921995,-2.4147261567292055,0.8206270999698679
-1.3639824254241437,1.4248524060195806,-0.7748011726470548,1.1489584266942858
-1.565050789856524,0.6104522695846702,-1.7965339979229025,0.6035314219378388
-2.265389091355161,1.450164304587483,1.8202495971381578,-0.45488891522115105
-2.395679836053024,1.4839791357961183,1.3545370798017182,-0.18540294075522662
-2.4507626563234095,1.1069187655594717,1.1672576183585166,-0.5662738539928733
-2.7773286718643644,-0.23187708540900134,0.10345455438208144,-1.824671915202765
-3.0257193312832107,-0.4699112702200593,0.20135070029934593,-2.257424843719188
-1.509021917447001,-0.0771159454153275,-2.6258566758854887,0.1482720884266151
-0.34491046080319804,1.997222014794962,-2.0749078408048667,0.5485027319755472
-2.249249467191223,1.3460791851737384,0.9099625687833613,-0.04773333507618851
-2.262132743983394,0.10878865617757397,-0.037304054866525084,-1.1971437350130076
-1.7796643191157224,0.9593426888681109,-0.7091065065145435,0.4575611890109947
-2.0798320891620024,2.095531375447269,0.8640434290626029,1.011792445281452
-2.5143961523642266,1.1579765292774118,0.1553794210224236,0.09108651851980389
-0.9660966773456178,0.675833192329271,-0.3188063106604057,0.020169768952815227
-0.6000716945004636,1.1851016286401677,-0.6867401331986235,0.9656762582468267
-1.3194578573399345,0.7761282389588015,0.275434540860921,-0.2702232104738447
-1.946273989138026,0.4536824259499727,-2.097281877322429,0.5032550035436322
-1.9985394030586288,1.2581821698036497,-1.0720586270896402,2.1324736844263237
-2.5657052608804256,1.3923741627943582,0.9173454438869649,1.0869869999282074
-3.3103074000371744,-2.800422450693198,-2.4431112794778937,-4.008839007127755
-3.461336912376573,-3.5004174469000255,-2.7597593225157895,-4.810441662909304
-1.9760051742995652,1.6203852739008413,0.37125762116461786,0.6528864545398483
-3.1878058291207214,-0.22949303470167837,-0.5219195779815949,-1.5150643916399011
-2.196281809317688,1.8811574573592178,0.07934423063899923,1.1730119259499636
-2.829788792218719,0.44897704572575187,-0.3139878782637303,-0.6415119443197685
-2.1573192111827066,0.3198910865374094,-1.968128352051049,0.22683428980853926
-1.8628157929780307,0.3949881082657042,-2.6418066785185985,0.7185692500963383
-1.2343353795688823,1.244821176973007,-2.1872029832993274,-0.5444692545054846
0.6543742096334159,1.83393864288139,0.1558746038843285,0.40202460629873266
0.8421098390391218,1.3075530666787003,-1.7282365316601345,-0.3595463395130474
0.31578192422825135,-1.2843923990614121,0.4608747149902469,0.7799799136216877
0.12785273892685073,0.5785884505629028,-0.8949218840336637,0.4346645388328164
0.22800048942702655,-1.3691739070062363,0.5347116429173284,0.6074910279312437
-0.3625987117506069,-0.2664953754641513,-0.28554235859035265,-1.1745083101281437
0.3233131704518894,-1.239479140237193,0.6515905541151632,0.7239309308038712
0.25113582874115664,-1.3758292831727874,0.6538201319818017,0.5328157713728846
-0.9520543497057982,-0.13576678129357886,0.4416471126437601,0.7802229148576292
0.3427782495813735,-1.1445585459826804,0.5131398598068266,0.7122087522122054
0.6705803914503128,-0.49230801423216414,0.6066361087867098,1.5082329495504585
-0.9536706192996512,-2.1967179853446264,1.2577113416903587,-0.36701342306018403
-0.10764046291789862,0.7288952750398591,-0.5745691019952104,0.36570798374944935
0.22458402011972411,-0.7294081374896733,-0.3772872510653046,1.7039870260939713
-0.17623907359984972,-0.9989485524136337,0.14129366297952614,0.7876811291334516
-0.38973043077303177,0.7896077104643874,-0.23470584444894133,0.16267179382721964
-0.27409265202762473,-0.011848752269605823,-1.5035216118294246,-0.16678647136333316
0.7680589341457786,2.164871044409098,0.9151664671676798,0.4546146938075789
-0.5986856682868195,-1.8404864326730892,0.9275687088233285,1.8671929274091965
0.0006565920791586913,0.5726846545914569,-0.019871253829353154,-0.12321981274927021
1.8205898950802344,1.767476898298413,-0.493570040060922,0.8673041151142148
-0.8487830819003865,-0.4137617834092677,0.21443015601246707,0.4991138653283488
-0.9483441843513347,-0.6628092209564637,0.4079794553086075,0.04083436232300238
1.0914935516824311,0.622606750135883,-1.1444284406806446,-0.4520687081268842
1.1191586443338584,0.8765110625148531,0.47164542672171844,-0.9928718165778655
0.5827941329589694,1.3468290153086193,0.2678719808604667,0.8276228711595646
1.2339028057099595,1.0444432316639312,0.4796479271604006,-0.7336031625668477
1.1676275434054806,1.3168305068306878,-0.518077496483208,0.18404093786538975
0.3330884089460173,-1.1954595393391207,1.4155674535595004,0.27012296233054095
0.6801367961352889,0.4148270808607263,3.2594422490655734,1.4955751117139797
1.307078552342945,-1.3529487331686192,-0.6636915783770277,0.2760961946207537
0.9719452863665273,1.4973731385012732,0.6500621420063362,-0.3057232204558792
1.1639121119630649,-1.459760146658224,0.8211609343295271,-0.7588323261412812
0.9887458751465483,1.005835629323003,-1.2435892826513844,0.18433376638588458
0.561077477433028,-0.2644647909241526,0.5508862522393086,0.3997466274611964
0.516225899915428,0.0275040325937592,1.3778919632306335,-0.1928014825635974
1.5824349559650484,-1.3159384263812575,0.8541746320235122,-0.48008160108596415
1.4207704811849546,-0.7243551528659062,0.3769836229194727,0.22771024055721825
-0.29180673355333636,0.3452137646276661,-0.20998881305065897,-0.35717011014361993
-0.07534457356107334,-0.4634127781630506,0.15424806218460413,0.3294575425205803
-0.12698008591219556,-0.4028640366231464,0.5343780021185625,0.2684280357642174
0.2931683122127259,-0.9795079423823445,0.3525453939513342,0.30560267114796374
-0.44960152901388456,0.5803787555436845,-0.039931957802556026,-0.16146537295700572
-0.22831836365577682,-0.47928112101528025,-0.0028655931087368195,0.05778864752957111
-0.015350690364946715,-1.7144513112683488,-0.25157008494625616,-0.13464369139528878
-0.4115663767093989,-0.2916186578241911,2.0331861395450495,0.27506485930606356
-0.6109416172017147,-0.7288654761292236,-1.8965672114657959,-0.9611538482280213
-0.002117441913704877,-1.2431508033028258,-1.0108670333944099,0.868844241459344
2.7079453052364477,2.77342913665959,0.4323831832288021,0.7428938708572554
-0.504077409441663,-2.0794675866801415,-1.2989829294945008,0.21208982780784713
-0.20370507220751694,-0.20444863639250233,0.04320715193020672,0.27712041783483443
-1.1222830165773285,-1.0771736192427477,0.747571973225532,1.1797470000881325
-1.2204448510449544,-0.744506667544483,0.6582900309914043,1.1555311619874957
0.05260110087479802,1.2979463078026088,-0.586698222799599,1.22101662067199
-0.5567397664075727,1.030758417353519,0.5735946314764705,0.0667088689562021
0.7468616694325486,-0.016908377269418497,0.6658970012916477,-2.372038608456211
1.115916001853425,1.0580207287085164,1.9789230075358977,-1.6047224934893756
0.563556351110741,-1.2244243007873028,1.0654128994673955,0.2861267747612164
0.5978683050169903,-0.3040940955676197,0.016590486259822578,-2.4074844847524846
-0.34265685473150775,-1.3573823222248476,0.4721829111662585,-0.05530621474415544
0.36875444586082023,-0.2386749876583474,-1.0961144357100472,-0.5989904115988374
0.2378279969905812,-0.9123173259400394,-0.9713610477535013,1.1875148948401195
-1.4769168574701097,-0.0648728324988872,0.29206476318914903,0.8639780428139685
-1.4131360849215568,-0.023140767283752264,0.23736273018931345,0.9629751149982604
-0.37222970649399095,0.6270755633294117,-0.41025724024080223,0.1303271952893591
-0.41327157751140187,0.5803531553364152,-0.31339877645287073,0.002166738713519876
-0.6005146044229851,0.5133330001556824,0.11058967527670209,-0.372571736368312
-0.37896280692663487,0.8321526429414904,0.1358166559549885,0.08874575523390316
0.760180716396751,-0.8551801100219141,3.4047141903920735,-1.5156359024707167
0.4364633444761017,-1.9650486443491706,2.7131970293961176,-2.6983024363029386
-0.7497994992465942,-1.7548284176575875,-1.140321341763323,-0.18155958084456048
-0.7048319187098384,0.40763974924117274,-0.027622491621270076,0.5790819126811905
-0.6720394718080195,0.7503386033042257,0.08086932755727748,-0.055561875883545664
-0.282058956359479,0.6590255753505082,-0.38478106097060794,0.15882296214066682
-0.7933700286232132,0.6207120732397956,-0.24673811865360676,-0.06470772971580102
-0.0282297138473431,1.1079240549515106,-0.41528916412743294,-0.3039468689786876
1.696929789082657,-1.544275775705541,0.9652360258570277,-1.9692276706800567
1.3728104642332002,-1.6776865517915072,1.6908118569379662,-1.4830077103291666
0.9537472371941615,-0.9531232977451868,1.490733993861628,0.617675700354406
-2.3167046540124625,-1.7858065002095935,0.4976269891577231,-2.040283504349989
-0.5863188758475509,0.7315755956691794,-0.6201046861724219,0.3335746530742165
-0.7573022732939684,0.6173113439380888,-0.6683360922420081,0.17686042708701608
-1.625623967691182,0.02720584594432206,0.07499781605957165,1.0695419326291986
-1.951478484698915,0.012996154502355039,0.48050343208264223,0.7475032214193341
-1.889845751912247,1.290019662320261,0.9968616860916498,-0.1434657167261248
1.5257171590764287,-1.0309256722497402,2.9660516585981624,-1.3185064324338442
1.5178284913429554,-1.4374651354770611,2.134244917705238,-1.403935765260303
0.018649878733754923,-0.6209033683257065,0.9458457358998708,0.12068654481538556
-2.561803948802123,-0.3037728554704892,-0.09632670499516398,0.5342403937749943
-1.1548563562653498,1.6519950324503214,-0.9758965697095418,-0.6526813222173719
-2.5201648149180653,1.9324925692042836,3.0097706220356057,-0.5328535007130488
-1.8093567683003888,0.33248080464268825,0.01574680902881582,-0.7091175159091221
-2.4110381016169598,-0.20739182621936234,0.19785603463683002,-0.6471517576128404
-2.713289433387251,-0.42954442267556736,0.49209030865584,-1.1120360127416142
-2.2914930952730352,-0.6397565363610087,-1.5799067535827274,-1.3236030345307706
-1.9351749524698965,-0.011889195847567818,0.20262158393570803,0.06234493459719676
-0.4616479062974619,1.5542392072500986,-2.690069162015152,1.4398718233804904
-3.4972849023281305,0.16986341083162235,0.23994197832234285,0.825668368467114
1.2932985225627947,-1.176202114990105,0.8900828137893283,0.8290340935590287
0.5555561724048685,-1.136031858292744,0.9125625692673128,0.2442479060598156
0.1700164550892771,-0.8647782166613659,1.1662965913674783,0.20790591001968647
0.05860557443445217,0.22981072401893768,2.6531040446182255,0.7210793169264277
-1.3555873161944454,-1.6062052273663214,0.8482967686441821,0.7510475421128325
-1.5321260579310698,-0.4191047820084364,2.322394318711186,1.1723738234586059
-1.661113025289598,-1.1567866643087006,1.0243572042271498,0.7986368344283684
-1.3123433384795742,-1.556571422325506,-0.36505183601592306,-0.0700028417423775
-0.6385399585383142,0.821489110439534,0.09716077345654751,0.0259132897120084
-0.942568480344169,0.6934069294951762,-0.15317273467421877,-0.05110920278296942
-0.9355633038053488,0.5285735435373465,0.03945097748693733,-0.38177752006953164
-1.5486180389389896,-0.9744162999984569,0.4239293747051597,1.0600801776196984
-0.8890625948704861,0.5259597020745687,-0.2788551839285425,-0.19658070945507714
-0.7252424149184857,0.053657475971941634,-0.12228274109477666,0.009145510589399134
-1.1115191883233817,0.38219574609252055,-0.7332741798121084,-0.1794176964189997
-2.45218442231731,-0.2117419160396692,-1.0072494652104116,-1.0871555666467239
-3.367117484314165,0.3470151268547473,1.7738554939118287,0.13204661344990587
-2.789222431879564,0.45113391386170315,-0.8888169007427721,-0.2863599280472015
-2.764109189135397,0.38970671097052256,-0.9282237255592158,-0.3969338127195702
-0.4270096238340915,-1.6824640938485433,0.8122844635718038,1.4817607541631082
-0.5826635891375429,-0.20476639347278586,0.8648922819213058,0.4637717939336911
0.9116631516960438,-0.3816707196134941,0.9308941548207913,1.47610191544876
-0.7248992448347696,-1.504064308954624,0.9692669537908897,1.4692818104586511
-0.02116636167118209,-1.0905048349006026,0.2133498172153122,0.1075201836044424
-1.6076944580938237,-0.8524459577926191,0.894485600890852,1.1861096444056232
-2.027767018096913,-0.6998614607540035,0.6958911528882132,0.9979052999949999
-0.8944774924448815,1.056424924981219,-0.1641103633047957,0.4503612801737557
-1.3147993225894008,0.9795352098428782,-0.122573574815311,0.2430411222844938
-1.0049546915962386,0.7097838593086346,-0.3164718712232128,0.04608922396881007
-2.2581950688322996,-0.015976094303459386,0.31824345205789706,0.7538064054246432
-1.54804409402022,0.576869022534046,0.29924329936335026,-0.5915151016762804
-2.899506909127341,0.06193287970508109,-0.412190148870876,-1.1549077470977702
-2.47096197297724,0.386936683956399,-1.3233342350580501,-0.10732602374303463
-2.900790682895796,0.3786899983366636,-0.9559983246047526,-0.37009653865836367
-2.7571651719020087,0.7137332570765149,-0.5531912615221454,-0.10920009049766582
-0.047850953536091055,0.5559246940155352,0.865889399053858,-0.6915355462996925
1.2680701193064154,0.8480868078025375,-0.2701950286450187,-0.5099462805776944
-0.306460723348456,0.4916653515403477,0.2874841296736221,-0.48925967988470903
-0.3391590156121186,0.6884052706955897,0.24124465401019385,-0.1815549029200218
-0.7184538523525268,0.8537416284336308,0.25964511655940553,-0.04484956114821133
-0.8719680692830117,-0.025507261957851926,0.346911030085448,0.1891651356398886
-0.9337513774334051,2.2963121721011106,0.8505875501854746,1.5688117868212093
-2.2415898149870004,-0.3826207318553306,0.14685070022580396,0.8317014562043104
-1.576911550772041,0.7010752987925891,-0.10950604287817131,-0.18910245651857724
-2.5469381520228143,-0.9854639317086139,-0.8858437785782941,-1.0938514604799559
-1.8202739390779217,-0.7768499882524531,-1.8494883720393214,-1.2667457078007984
-1.952316514167859,0.7779642905384977,-0.07904574368658189,-0.17425766646419832
-1.8403769877471234,0.8094720747677465,-0.1841757690735945,-0.0485154655728041
-2.20340187717531,1.0964954993612797,-0.3789415530858261,0.37110411859139414
-1.9379520832551653,0.9298438791458729,-0.6557691176391265,0.35702582828506785
-2.707228995251304,1.0441654075319093,-0.7088691579223744,0.4225757068521878
-2.6416439321402856,0.4179325790397591,-1.5217155402629932,0.022572617396848092
-2.7299674963833307,0.4732767267272512,-1.6005311569746412,0.15450247451546617
-1.7181164068114656,2.363009168517266,-0.20559282226249206,-0.17380236530826843
1.0311734812503375,0.3581920355300221,0.69534445353884,-0.6317171822239749
1.5173971718972572,0.21495991326172986,0.24736069485935688,-1.6279608259640954
2.2139715490149876,0.701710509837683,0.37216193557082067,-0.9136858586564238
2.3205590187678062,0.6073165484146242,0.3474470042480087,-1.0016220162315157
1.7732354436087447,0.8809195139432575,-1.8671260246913675,0.39435529238062195
2.104852544015376,1.0476734384368023,-0.5152358195647566,-0.008714392250837817
2.4887976809472674,0.6813287651864802,0.12481190320071615,-0.7477546434528186
2.439760538506582,0.6486857934544028,0.20948896478641144,-0.8574719513114715
2.5601095282773,1.0703457199533324,0.6051568034497249,-0.4837887752013926
2.2158608856499806,0.6723808749260898,0.6764750611958855,-1.1410783833616625
2.039581803838043,1.1006908059473708,0.7486505970130728,-0.6036026328144509
1.2474696440676627,-1.4740970393282187,2.8786782200923464,-1.9141697464105025
2.2472289243713797,3.133808520956749,2.3282382672270074,1.2666313371611004
2.3011361188851502,2.4242874447476317,0.4409693327984831,1.3969824021761656
1.506329303988165,1.3173305632385655,0.9466908710299334,-0.6053154984122953
1.4651886628165072,0.9038366926427002,-0.06828960887774303,-0.6029138706053965
1.4930860299423911,1.2999310487617164,-0.10813964613768383,-0.04404121667141318
2.232850756959368,0.42416984008489916,-2.4072148463933334,-0.8813397338629259
1.76865318255267,-0.5234920427039366,-0.4766503708668953,-0.06490059280404113
0.8144795719916004,-0.8774007008555881,0.48419836809599454,-0.32549565686712245
0.7630881341439991,-1.2669697442479224,0.021192769034709305,-0.5189236902481613
0.008932060020118766,-0.9424380478607006,0.061786276193841916,0.3096125987299149
0.5105184101907457,-0.46691845827926864,-1.6498036821230144,0.9814923456406508
0.3737834381595147,-1.3756015934598944,-2.361885279927612,0.17587030519629906
1.122365187190064,-1.8812493140712518,-2.297748086511147,0.2599833918212538
1.4540211758632502,-1.8250237177350037,-2.4398041585978265,0.6089871876619637
0.0716487440472209,-1.263996385411927,-0.7412688211862237,-0.8433704276090606
0.8492615587628827,-0.7902449465896028,0.1899255866100697,-0.05175360197241518
0.5822295015176363,-1.1807519999037737,0.25487266197406594,0.5932853956211722
0.596815063573717,-1.4169469251792615,-0.1761369422433592,-0.7157536499205831
0.5077919499312175,-1.0558160678218356,0.9076669821938637,0.4094918196214489
1.6384702211906923,-1.2206047150102002,-0.33212903282267087,0.33062214186954175
2.0490801353827,0.8951475494425446,-0.7992355764571648,-0.060199769372873864
1.852324662907254,1.3351018346197188,0.3859226725447925,-0.18820722069265194
2.3896050536599676,0.9362064345848283,-0.7931808323758004,0.03520422749267338
2.402746807988795,0.5819623889763971,-1.7493926815569956,0.11445417811709056
2.3736980914779733,0.3638281886355913,-1.9631543901193373,-1.1901272548873971
2.5252201968306154,0.9987206653193802,-1.6115115310187782,0.6384785622789887
2.1839310658587316,-0.3908822141812709,-2.5678174011497235,-0.7839686085472111
1.3937169605287922,-0.48620707931490165,-1.902985899122231,-1.4038276922165895
-0.3797424772457532,-1.106342833940483,-0.3887460306581482,0.9628860003698998
0.8292807240597443,0.33689493758600114,-0.8414673204674086,0.8655945200338032
-0.6469607144583932,-1.168453380710524,-0.27993547419245357,0.29101596532669255
0.21463996822665324,0.5901433827414575,-0.28688677075313374,0.10491967062219117
0.222496377501949,0.6398245812774898,-0.16447936900103552,0.08958003899493357
0.4551209837108761,0.8123477611114108,-0.3785512646725408,0.4859454378133287
0.3449523853903408,-1.2891053198275302,0.2847640789502791,0.735752005664444
-0.17052664221833105,0.3361979542808319,0.19860533353220922,-0.5916661080921622
0.1391460744629358,-1.7967431072188949,0.268969349053844,0.08559061939799031
0.1383353562220458,0.619402291658215,-0.318608799735554,0.15533548272318135
0.1251274521087739,0.7161775130564958,-0.16732057161025138,0.1943316353351341
-0.37888634681491673,0.2195692989295337,0.11147987981209884,0.4149176466974092
0.06689891848057722,0.5503540755932463,0.05653185854942143,-0.1654526132782037
0.074110050723488,0.5285346179153154,-0.11065680804404089,-0.09826258354428768
0.11844992966907059,0.5299736599911471,-0.33809155447229533,0.04334144867510755
0.014324944632328845,0.19769743931030603,0.002318641161437349,-0.6250160345933562
0.47148303143840803,-1.4060225275723335,0.5297224951465763,0.3916877818771978
0.7196239943981126,0.2928831984156082,1.1781195395655406,2.528057297043702
0.15526988273144365,0.6559535946647338,0.07725523975946991,-0.042832085366867986
0.9352340985423879,-0.8433878405099513,-1.50596306744516,1.2688204124392026
0.34393081309487583,-1.2641937780062564,-0.8883938319102169,0.17968332883964377
-1.3581651504033838,-1.6616749236877495,1.4943936688882065,0.004150037155346853
-1.8549289585174884,0.8426201726992923,0.011696012029450854,-0.14533060032839593
-1.2751378157256343,0.8213951862629567,-1.4947381365094783,-1.5123857200149748
-2.14818034044628,1.5333581213765328,0.47496421418833873,0.4300970379373228
-0.48988283023580315,1.8471059209565388,-0.767315055837283,-0.3518600071103835
-1.8547137501756503,2.3636010752225936,0.6629274157790931,1.5380861699960215
-2.491387013910567,1.092706659594986,0.9828595288299484,-0.4718840205980887
-2.386553123929478,1.6923525872147762,1.8547773264340524,-0.12645075531016006
-2.485090833311972,0.9222403337445747,0.8863408136014744,-0.6407835026681837
-2.6836608226211656,0.17250625592113483,0.8440897485965768,-1.6855426951608903
-2.5458820877433674,0.12415687058077098,0.3266196476405401,-1.4215844166698042
-2.151900914550144,1.3728828336180012,0.9604480305623146,-0.06294054216196215
-1.9452852898679995,1.2577154858662885,0.22473752006252107,0.23444218762717053
-3.7708251428638513,-0.05879452148276227,0.6129623943426955,0.22649402545286051
-3.0193417795164,-0.034171958490025904,-0.4353814325944552,-1.2792266148104747
-3.540272970616012,-1.1228909026678302,-0.31936128544255205,-2.949095737097489
-2.536713221611578,-0.18482769072370464,-1.5341237249589508,-0.7874408052972856
-2.678220218742725,-0.6758141688523047,-1.520935049150708,-1.4916258044826063
-1.7532632509808503,0.9692046874013991,0.4078769362839685,-0.1576983779987819
-1.956235732143882,0.5879719648400002,-0.16206789097389546,-0.41463937290199754
-1.4259890370386707,0.6921889388590524,-0.052985552413778024,-0.20301285124683643
-1.4353790228738394,0.5138453730680593,-0.31701173954602485,-0.2982552510973178
-1.382362607504236,0.5314832820185835,-0.5680527336290179,-0.12203369937098747
-1.3283814988054745,0.7807233009935369,-0.2782796610872069,0.06508182157966196
-1.3140535342453066,1.4027776250372768,0.13716824337077305,0.6742450164773807
-2.4247847211362763,-0.9546373395764239,-0.752763579478446,-1.1039703616075578
-1.7128590456742085,0.13703883455769775,-0.40883624623876147,-0.8181807806524471
-1.831205408432814,0.23527590093225606,-0.32283235020781315,0.383349983806921
-2.7389973954025604,-1.2872357524699591,-0.9955063916964746,-1.4877369483786358
-1.3497116862951761,1.0568544713589734,-0.32411875972486837,0.44227806312795204
-1.4191451338517387,0.9148058704546659,-0.15791318353182768,0.13125214110838104
-1.9404979525604593,1.1748158720017996,0.507664015028134,-0.013552358934335193
-1.8991576994105737,0.22251099845376743,-1.143595430961407,-0.33618856279377035
-2.2188507946634504,0.7222781711948683,1.0365309681583417,-0.9528557538862431
-2.107178984394709,0.58547292908516,-0.26510805293398026,-0.35035067372754386
-2.7461626518094118,-1.0738772284064226,-0.5368293451594919,-2.620686613112397
-2.101852628832685,1.0034630215318057,0.34063670634424054,-0.1891147258309082
-1.672559969084078,0.960965292801368,-0.29398000542559277,0.2004912649758941
-2.125277594459709,-0.7435362462368887,-1.1433150839625197,-1.6822895163056806
-1.4508307706395436,0.7402537113907335,-0.744286006374633,0.25138327177239267
-2.606957684955031,-0.18817295954375576,-0.3678469037042726,-0.3054430112553165
-2.8810849162630228,0.16596197647829497,-1.0588419802411355,-0.6024242167671153
-2.9824723734372545,0.9214852766156318,-0.3843368959402414,0.04126077877021109
-2.6468506254191957,-0.037589513987256136,-1.4580334936821577,-0.6189489594384665
-2.0961693568768784,0.2707874961598734,-1.8505490465354584,0.05218009286041792
-1.4438520194642774,0.8074042633599062,-0.31334142390191366,0.07677665324909269
-1.7594134412856937,0.08573315984618819,-0.6751163272730856,-0.7755412681178568
-1.7059381172505304,-0.03725666995411136,-0.8133591120342005,-0.8550064214406834
-1.6307988564568892,0.2692017913315843,-1.064790382757459,-0.2833123355877208
-1.649952343612477,0.28746661586681527,-0.7539668025222214,-0.43709467706767163
-2.78152857534784,-0.10537927097904923,-0.3018195978022284,0.8087065620820328
-1.965167097729691,0.023686496999224347,-0.9143670013216323,-0.7831928653528456
-1.982178649915241,1.5138138616523618,0.456181384657786,0.4481948644351378
-2.6127661583180544,-0.7245333713084078,-0.9422297102190509,-1.9368177073963946
-1.4443967892950687,-0.09555813235973003,0.3208648840227064,0.8115509681354629
-1.4100865500594748,-0.14036476060654882,0.15552008999041658,0.8527627997449767
-0.7695397590850102,-1.308598081385625,-0.12503105663853423,0.29330913870914993
-0.30935569150890296,-1.404263769217661,-0.7625652860173187,0.9651050165906163
-0.3341554901744046,-1.744422249455796,0.29259805228739544,-1.0350930955413076
-1.3529757369621669,-0.7616743020169107,0.4972951839936633,0.9700973988313774
-1.2172430189848813,-0.661336723593847,-0.02038062348887879,0.3006774222654602
-1.2926370270533818,-0.2700042765715495,0.21367307664766752,-0.4528447141005421
-1.2242004851225774,-0.011642715602924672,0.850537508573698,-0.3881772468612863
-1.115875134724507,0.422368341920517,0.3424142123035636,-0.7602229739066693
0.11836441891233555,2.5791839657323012,-0.28297368635866127,0.49767576555061094
-1.272784287668617,1.835535025095276,1.3894169051783605,1.7027757181995151
-1.4404716277103953,-0.18033942630107636,-0.45765812260975797,-1.1763239994496608
-0.6876896497029699,-1.1188568276480924,-0.9427978215502516,0.08786915445653988
0.3266144602625232,-0.483391759721462,-1.4700491985897968,0.6334318354479687
0.5236566847928159,-0.6331566987136733,-1.8086561922724513,0.8474950892541895
-0.19353627497760742,-0.915678356276164,-1.1915061727466274,0.8881747513337742
-0.4630486727475486,-0.5613267430565647,-0.5685989688374739,0.6620729117083013
-0.5467902599285269,0.19114638944863496,0.43874540197086637,0.9561011269096756
-1.7494126278616922,-0.02551074322834872,0.1926480899196061,0.9071627505763242
-1.3643815712194876,-0.40595381279062603,0.44662564258279397,-0.5880796480456255
-0.9865529496879133,0.4563120017954494,1.0216969396500926,0.34696000405080046
-1.1099931896701103,-0.629588017606512,-0.004682482691718257,-0.39714170877468613
0.5492479272204643,-0.4808475181441871,-1.4403559094952172,-0.23158113820722262
0.11716331973393602,-0.562580087927123,-1.1568890015586046,0.6754916546063501
-0.7677941591223401,0.11210668144579267,0.4264360377163406,0.7019872632691593
-2.1020229472228,1.0718370192066617,-1.5268894809407696,0.9957971415691544
-2.219060906539049,0.8452558222300058,-1.459622134161769,0.6128940624893126
-2.04523849948144,0.7410284141098422,-1.6146893066962331,0.5817011660451362
-2.5824309729152337,1.0938945730485607,0.5112728315848143,-0.26223557925807733
-2.1690243523531376,1.9252786863133635,0.5391361758456127,0.9492152113886198
-0.6826813932284215,1.222247826644724,-2.1275066663989937,0.5899592900033784
-1.8653208545410833,1.5730675694533813,0.2702880532835306,0.7045670306866488
-2.0131472657269076,0.6935912223356142,-0.7880122068624631,0.05085689967461771
-1.2712922267285505,1.331958594153904,-0.8728865665874967,-1.1756669302576752
-2.4385164383175737,1.2293225986203962,-0.5526003463966105,1.744073531203865
0.1965969965393499,-0.8007865272470512,-0.6704028197970948,1.179757861878739
0.09214298191157358,-1.5189413505485405,-0.7027576745113412,-0.9449355924239395
0.5199376238632706,-0.05399166450008544,0.05471931141942665,0.6027310380948129
0.3935445718431052,-0.44793900480221754,-0.2303531123371013,0.12254463859754078
0.39857451256924453,-0.5418992107467472,-0.42412124052742334,0.06106452261703257
-0.3426121564702187,-2.372079704265628,-0.6222204120975948,-2.4303977310014244
2.265731151057717,-1.8343527374995778,-1.8183712039710045,0.47808882516640483
1.4453610449243741,-1.3795025818862785,0.05858525599233397,1.0697905206126335
0.614451868587427,-2.3796341547154953,0.06883278821789662,0.5526059737075982
0.6480674120929728,-2.4121271338080637,0.22850361750605966,0.5258708619388877
0.852919711859923,-2.485157087757651,-0.04976983261396069,0.6581637064953483
0.055768748749972064,-3.0426896475678116,-1.9115694858142793,-2.8878975162066673
2.255193648142845,-0.061462836900104796,-2.3412302090776507,-0.4488481519398769
2.518552971788112,0.9021406223256084,-1.6729280282277825,0.546491753060714
2.2694774936893296,0.45364817341609487,-1.3768119206889748,-0.2589311696877738
2.6616568525197235,0.8071539455944432,-1.147248755470635,-0.9659491844092811
2.0202398315585834,0.30268228196924946,-0.9577163677919782,-0.7370814859279711
1.9481876215541234,0.3855951666714029,-0.6254976261055987,-0.8296341024120382
1.8576593155831531,0.8435717916104587,-1.0149572805238325,-0.002989801223603346
1.3987044521699206,0.6418550965621885,-0.7200232892469322,-0.5436506591450583
1.906166994906241,0.04340583600597171,-1.2441348838779052,-0.951744570607018
2.6345198437718613,0.8566832212360288,-0.8995995309631395,-1.0390945855667681
2.7743039629686552,0.9785596971696207,-1.0292192892672916,-0.7773441847882185
2.8164578921742702,1.2968027444782064,-0.7119920172645301,-0.5205855774464538
2.2667892015310596,0.697019470215398,-0.6462984939407981,-0.3408761929497934
1.4825692045964343,0.8558314040023534,1.6204471826744038,-1.6484748087542747
-2.238233574772779,0.11269741044221121,0.29076935009153965,0.9506594953674465
-2.064521277671114,-0.22102879344537618,0.35011575640327885,1.1321603229609118
-2.0936138070060837,-0.397874986340675,0.5918085809132859,0.9764885105145801
-1.2348025693786169,-0.5429127724197252,-0.21274620112093454,-0.6401660283911822
-0.3189109214486305,-0.25621406740544395,-0.6095837838264578,-0.9944202138606413
1.6803614674774652,-0.7514081490317386,-0.6059723608305703,-0.37148781189140356
1.5761837201919058,-0.4247072858147457,-0.10816117222133403,-0.3107746647121493
1.0343029337838237,-0.3127821369331316,1.077918419274014,0.22080848925615593
0.9160354294411891,-0.9904334216403708,0.12817911607845697,-0.13991350950453074
0.6561123191649316,-2.1088544869444017,0.1089703367227962,0.7664255419443864
1.6726585901331499,0.30500806097311445,-2.189274869167058,-0.12060935299949133
1.1488690188753752,-1.9643572099185511,-0.48511733031018817,0.5329870741960472
-2.0167437423449033,-1.198416278632347,1.195205755388969,-1.1593232417982589
0.7275831619607914,-1.097054301873851,-0.9913080080956377,0.0837682212200614
-0.1747363819718744,-0.859693738714432,-0.2681236154856428,0.04615884903699013
1.8509334025426667,0.9758512189816321,-0.8480770152967275,0.07677347456578659
-0.03656762722122855,0.4057328010906585,-0.5536064357905559,-0.03609864158401834
-0.11090049935525179,0.533066400068478,-0.049236573541979835,-0.17889629539768517
-0.02405833196681498,0.5699020578972086,-0.2795584124628815,0.021804268478276864
-0.17014457907998143,0.24206187847650182,-0.3409517793442942,-0.4035873540908304
-1.0623321647829087,-0.15311034846142385,0.47900384321067,0.7114657609569152
-0.2934419714034422,-0.10020855412978749,-0.48951480193767266,-0.8208159770277852
-0.0010219135405386422,0.3511071585379312,0.16341642100245007,-0.5222670746154567
-0.003872916723939989,0.6905303497854978,0.5244271218034066,-0.27163908510511586
0.40559844006002616,-1.0687293842897876,0.765623400466766,0.9131426776001235
-0.44055155273737884,-2.0335553521643304,0.8779304214751277,1.651704814826603
0.7631113034349216,0.7129654266784416,-0.19827294194863954,-0.8785452754491718
1.8511573540248656,0.7112813163653249,-1.2326110116103401,-1.2014849631821913
1.8530587397044684,0.6442284575644907,-0.6073727867965593,-0.5015032661224659
1.8148043370821596,-1.6103547412036472,-1.2295197844405423,0.4056002104247467
0.9630488353888064,-2.0183884802479004,-0.15834738489707026,0.23862484237040169
1.0503539986454407,-1.1342555872496733,0.47752794841131063,0.7084830849275452
1.1254521190705058,-1.0741085787507128,0.7243055525195012,0.9610718250355156
0.11508697078347274,-1.7562545952245086,0.8063324409283446,1.7586454936763962
-0.13694344614068554,-1.4588959511988346,0.8797431057436266,1.339188513980745
-0.13905148629772965,-1.2795627788061696,0.8032860851112659,1.415517707015079
0.9358563855177905,-0.9888196691143605,0.4141627356979194,0.5836937347314516
-0.17066058816189228,-1.1545765328195101,0.8184782144891323,1.3465095996052001
-0.11839776056315873,-1.3613074252159416,0.9671266427838435,1.3159768210713008
0.8152668693152387,-0.7151948353570103,0.1263070404930344,0.45049805909909996
0.7918900126612933,-0.7010358270742661,0.4531393991553877,0.40300821296190464
0.973947065450112,-1.013968763826448,0.04154074974707388,0.5270638952424673
-0.036594000064067635,0.6629602002150298,0.4398282648814458,-0.28718978110657417
-0.8625851876843278,-0.12720729785075213,0.3115150142725532,0.8675874234486036
0.16741987974928124,0.5151555556132938,-0.26564816857469575,-0.02298728981820645
1.792401929160088,2.865973806937055,-0.018019196237848884,0.9695319227564507
2.106048269620145,0.6769166222193674,-0.719143646388991,-0.34716151578174276
-0.5891463503397807,-0.0759109954644728,0.3467846641273229,0.960847398051658
0.418159070984393,0.29142953187743337,-0.9945097531689445,0.1219927301706767
0.7102206535199301,0.30505397280364704,-0.4085210995043,-0.1450586487923712
0.4911117020136657,0.273892954281177,-0.4323716724272983,-0.20211019426120166
0.38184426506064423,0.13776214575836976,-0.573506361379271,-0.3369775446307675
0.7677288959879016,0.4495935774479738,0.030852368036565995,-0.15923257406820132
0.7523120909671805,0.31572023322542314,0.23821210131362475,-0.4613386137902542
1.0367201883286863,1.114779879292813,0.21805367737247366,0.6753110583953911
0.5536134864434801,-1.3165466752306407,0.8544303495642934,0.5375301484627816
0.7338329544584495,0.4653115284586374,-0.06343462142902552,-1.2692176026091027
0.6268188274709312,0.5093730507120845,0.0874152288225803,-0.16047329920989578
0.7268927717441553,-1.1909318006696585,0.2725685486850505,1.0828836093823226
0.5238712667267339,-1.1652709202107725,0.5905509434915677,0.9072863783148437
0.5263887159035042,-1.3800663733828997,0.6362486810784314,0.5890026219792982
0.15105410995848847,-0.09827792033315073,-0.5383600483285744,-0.7435689501238079
1.3544792984495755,0.5843104607685358,-0.8186645412910065,-0.5579995468188138
1.3027497605432454,-1.8863175848008034,-0.8106872743189206,-0.31844282178859024
0.4893895438805227,-1.5410297644065807,-1.5510742411979332,0.3316708856650682
0.5967763605836528,0.9796681743376475,-0.47819837915996566,-0.4659913895991355
-0.9489427196401615,-0.08601199679142145,0.477032631971287,0.8131027991323342