2.258028864154686,2.2179784745795983,2.789945712478928,-0.3563026367920829,-0.4439964593556633
3.1440371755418077,3.587491487078118,2.867058642783918,0.13925255773786538,-0.20113010928561822
2.414067609445643,3.965992032589567,7.134929711055385,-1.695474022767199,-8.054978486521627
2.8306150371835317,1.726633823308333,-0.48908139890487434,-0.7958117221156371,-0.525817150424449
2.2882007120523067,1.9107088770787464,0.6664838110656394,-0.8170059139339472,-0.4283209978201293
2.1567912906917406,1.7689760955654366,1.550996961719764,0.2643552959504254,0.04159706278842749
2.186754027372853,1.1143204497312615,0.5659371922810317,-0.6863429899859482,-0.4737478642759802
2.312732340090782,2.5257750281742855,2.3622471875490927,0.9053462178236443,0.6741447521981511
2.567996638943945,1.28693392252281,-0.5374215397058582,-1.104781505043654,0.9241786325432777
1.8841830431157278,1.500959726653524,0.04016173642378109,-1.3246547119055812,1.5933859768637553
2.8588272649796833,1.284535347880099,-0.5780749028683871,-0.5323419989823887,-0.7780111585721384
2.6990720599942404,1.0984248226343845,-1.3378373934453482,-1.0171806793853437,-0.570510893539264
2.8145739578637845,1.82315328422116,-0.4744139605500841,0.37472922555643906,0.07519558335554903
2.0914601749881854,0.6459049225860964,0.16844599856043416,-1.5072288810888441,-0.7724114857995769
2.7495585376746186,1.104832525300218,-1.2629583874237893,-0.8284507914685246,-0.4849855707040772
2.6362371219136045,1.087814639762999,-0.591701101833354,-0.039001601591326186,-0.3070195633728819
2.162928594388729,2.0222298738011992,0.7870423391831534,1.1511821441472299,0.6699573639035049
2.932376959556814,3.580310054400422,2.919826701739792,0.7506018914793893,-0.002381171820784291
2.146913220136583,0.8783171976799784,0.1629956124289315,-0.34800554690891133,-0.30020095477108744
1.226257691593405,1.85484908586349,0.628913216409048,-3.223468548015038,3.7602081047486533
2.7416223977114056,0.9928182688109535,-0.8721988084930399,-0.2313129457398092,-0.6974092957414039
2.033398953286279,0.009358058547655092,-0.942783112062709,-1.0669471197661207,-0.20656506906291408
1.9606994923525802,-0.03157500426079246,-1.0737247994972277,-0.86511325948234,-0.6247552029815038
2.0815638953694107,0.23562281895183212,-0.7112468299080734,-0.10039335513389387,-0.15205196013734257
2.603753822777424,1.7937485576706396,0.24794639992844472,-0.02141756466558121,-0.0953126323581468
1.1799327392737375,3.2310082691471127,3.089583855659314,-1.8028263709324055,-4.2030626868325776
2.09415265833092,-0.11572577805897818,-1.1426620092227306,-0.6513814217314738,-0.6047831877379094
1.909437734038745,-0.15208621213742068,-0.9096799395258302,-0.69846875656306,-0.636846940654806
1.9745459793201636,0.5287184456431383,-0.5919187819515344,-0.04599557050596966,-0.0499620233160255
2.409938049945149,1.446999484880236,-0.6891202707389429,-1.1286340595451285,0.7769825752010197
2.2968939390099155,1.1204203807886863,-1.1037242657000597,-0.5474342357117876,-0.3087809882066324
1.812601716226007,-0.009413384489537732,-0.4814886844078262,-0.4102172244156542,-0.485354263390165
2.1679007265792007,0.9500801957596281,-0.874978765693265,-1.364090743214124,0.2962680020273957
2.5803190254815274,1.2447342951890148,-0.7668117898332962,0.15445932873303725,0.13087694996642066
2.1927410205113564,1.2289958139321147,-0.39310361617821304,-1.6343019196962587,0.5966514047045305
2.077861930438557,1.1222646711848765,0.6965677352211902,-0.35884523116621664,-0.26117126426394455
2.2656456760192167,3.478653821803373,1.5353587588898165,-0.18045340686029795,-1.252774946921253
1.8073929269510678,3.617690979085183,1.2972638438570057,-1.1268904053008946,-3.1775284626641205
2.5937397294838673,2.211218216701637,1.2310828783896144,-0.7923231471253087,-0.6323326425400553
1.8098120183800968,0.39035735722689124,0.2511591754166003,-0.33263539823160465,-0.27241612395950404
1.6125131237625456,-0.14374562206054317,-0.8151153691393347,-0.7830545974990427,-0.2301893022004232
1.9387443326053861,1.1674706398723338,1.905468705362255,-0.6145914402234125,-0.9255307235566468
2.4092039141886623,1.5299655914268127,0.6004706031368896,-0.8944807437786654,-0.8894338486267305
1.3005270919472625,1.2228286229227614,1.5715059954568515,-2.4873558508221416,2.4919659190574386
1.472367942107346,0.052147134199395255,-0.27627366469971737,-1.828335035461302,1.133210170644165
1.7324968510341732,0.10488917242421135,-0.39682778141500435,-1.697733464989527,1.004862347930064
2.197915616488307,2.203733821382956,2.3340153811700035,-0.19276914811188933,-0.3884854799972932
1.645984491668784,3.845475330622435,1.5281874969448168,-1.2145819270674159,-3.5590327478160506
2.090618467433892,1.0859274689981808,0.8845754732638664,-0.1407781410218934,-0.19148113732250172
2.16263474215394,1.6261178669799192,1.9460969809442217,-0.36316567177222747,-0.3201250470750912
2.417421701541054,2.223445757003644,3.779535806872514,-1.196971046931163,-1.4283977191250616
2.1475474651348754,0.8177127913566582,0.46184209495516293,-0.6084835641411245,-0.4744645304047438
2.2165940709233145,1.5070661039711863,2.3437603295764196,0.43764903788479875,-0.027487475330785955
1.6942991305842008,0.5279524288407121,0.5460487443277767,0.3037291864478675,0.13073273168105604
2.5974582175284016,2.3535107006899034,1.8418862270118332,-0.19452130003636292,-0.09504713598515518
2.169526759264055,1.1871680916677083,1.2144213683722578,0.5400411623432733,0.33816015755514983
2.2443512695896453,1.0477454857907853,0.7935020448296665,-0.10875647535709716,-0.24311763606791834
2.2837332268216444,1.3187200171225744,1.3790134527116602,-0.44878601418112113,-0.37291343690784434
2.3728938146128518,2.0143207479937884,0.4724153605659426,-1.0307398442444613,-1.8922391816093247
2.135512961374989,0.7584131441288089,0.059294630799723864,-0.4120582502848794,-0.3559272445143783
2.2464821435130027,1.0089025609234992,0.9285395698585037,-0.42526120239129356,-0.4426009079361064
1.9273273977913883,0.9758425719358578,-0.3676661938372737,-1.8741660383319294,0.7289347797540157
2.301732243924205,0.8276657326566214,-0.7952301682601713,-0.2917437308242006,-0.29588569641057316
2.369675313022985,0.6872673835111446,-1.2743178225495646,-0.9220552254903129,-0.6268292482464748
2.160005026990396,1.4061621319073363,0.8379271832887208,0.08775374663635917,0.1088266783950836
2.0850475694230104,0.11512173582364758,-0.7986878908362333,-0.9476561840592276,-0.3084076248195006
2.1153332366386857,1.0376865344844592,0.8599596078320515,-0.31962175424765277,-0.2700650841992816
1.6470575765714779,2.8137250918123895,1.1178046515147453,-1.1753994519762012,-2.9872549637325903
2.384072538528845,1.0948153055744703,-0.1381971263762392,0.3336862854398381,0.1698718404800684
2.1453270013714008,1.8336312851164243,0.50461740841903,-0.2557937214770774,-1.0553329872350252
1.4425996057725339,1.1389335468681376,0.36931401296759,-0.6749319597504188,-1.7402517459473725
1.880802984492281,-0.07074200823879961,-0.5301492815014748,-1.0811008705900458,-0.07264279369629605
1.7265898549235466,-0.874012613464397,-0.9959078015887223,0.3504890145081079,-0.5894603643309727
1.731083588160353,-0.566806011243244,-0.9849527162104245,-0.5093910634529826,-0.6338092215680512
2.3315083628122037,2.283832016498566,1.7996785662483143,0.7925468431071826,0.2883052453378216
2.5130997685748486,0.8049428870852096,-1.2322689275566558,-1.0265341374421961,-0.5401992214440755
1.8054746615548642,0.02727119965158886,-0.14208459686893873,-0.4822804053250607,1.0680029212348123
2.113064294962982,1.6550186183278386,2.917814680607789,-1.0955153920619018,0.18111792033984983
1.7272521226301911,2.9683432746130194,1.9375564887471985,-0.4353246062736586,-2.0885396598541384
1.8011052664642087,-0.4705852903145212,-0.6541435465367841,-0.5052649939527194,-0.12584526711104152
1.8882683938576454,0.658240696294749,-0.5880520043118755,-2.044349923544162,0.8774740247915931
2.0366151297156074,-0.16224963023752675,-0.9922776006773858,-0.7420548089025534,-0.5864933539323604
2.3779952575699497,1.9567318453520217,0.8127344010003734,0.5811747125329428,0.2647808028490058
2.252629261138373,0.6075322659089356,-0.411288483365143,-0.31576126140159794,0.3214186087046808
1.297117111866107,-0.17783109407194805,-0.13869029149756357,-2.3003747788743856,1.6767678448803174
1.4785156348187773,-0.9227535769712176,-0.5865824991673863,-0.3258230988478456,-0.11552061409266795
1.7389530077785285,-0.09636768970440444,-0.7123375321973282,-1.3838040168617183,0.7439596743990318
1.9182880073852786,-0.27316188496439897,-0.9175660146082266,-0.8010744096051997,-0.29752118167936986
2.252362137534911,0.614544483949757,0.3378118817252951,-0.5563248777741333,-0.47110255123789385
2.245947167277771,1.0529811661221473,2.016598242290664,0.9277519832239761,0.03190803540893132
2.5713859573620916,0.8005364791443479,-0.4745201914647945,-0.820424386349921,-1.0077193227157843
2.0424966262989224,0.6917673263495708,1.264669581977707,-0.02007661499203691,-0.366424018459043
2.6662493438138437,1.4792252502744037,0.16155736832363138,-0.4424251041731087,-0.4097252014170486
2.5393046270749906,1.4021909928042746,2.2128340826248984,-2.11558541579773,0.19087344949567472
2.311266155310302,0.8403322165393976,1.3516677738939875,-0.4005733936094755,-0.6832959007295762
2.3734315601933904,1.3683942989317743,1.5208965279986661,-0.24529504053937784,-0.2649698019251304
1.097080862222973,2.445419005280785,1.39452072984018,-0.7398984266829183,-2.7557587980320712
1.7191170851741122,0.11991683247726694,-0.8092475086838772,-1.4024493763313552,0.0841115598567818
1.7001143680042654,-0.5990414762432329,-0.9507144487618524,-0.7597895462062229,-0.6362736496526983
1.4516672789039113,-0.19552701934265884,-0.7242407637611197,-0.6552214384284717,-0.3338046318066009
1.4804200746978486,-0.8264111819273358,-0.6646258721613566,-0.91877738931795,0.05475465638628011
1.651392932252539,-0.09847833703494378,-0.6594657581815475,-0.1280490468975152,-0.3124092117535076
2.007748899190527,0.053681019705117405,-1.1679388624664697,-0.7535264847195696,-0.6645381654817802
1.9983634238721562,0.2053473182481127,-0.7404935896156278,-0.2512665317095253,-0.25706713683976107
1.815589001917527,0.18917611913102725,-0.6882439855418206,-0.9451742073175725,0.06533147905564103
1.9556148899847068,0.8430227829861996,0.3350792164669926,-2.9893666012969717,6.411458244640572
1.589983833347797,0.20565885696462002,-0.4597144173076683,0.10375534011592195,-0.1434378927873937
0.9744952040787408,0.22305500078301493,-0.06133746742904044,-2.086558028197761,1.658846079740413
1.826836064369136,-0.2442934890509711,-0.6326103017907847,0.2397277881241694,-0.19283968259347173
1.331652694329562,-1.2386246962623306,-0.902772643005859,-0.3606186556662983,-0.6938244048791712
2.4795634856861146,1.680425204429197,1.4671341981965418,-0.2300349873977198,-0.4238223830948234
2.1798598074252453,0.41644786892097124,-0.9918673090063094,-1.2257321765920883,-0.17447802010467486
1.3385724920387536,1.2874776166693584,0.7345053036345501,-7.56019682411763,10.466938511389804
1.0476001156682253,0.059514868589873114,0.6171445064827614,-3.628281078787937,5.429859255688897
1.31618728231448,-0.6930335990422118,-0.40170037649246054,-0.5240450927252441,-0.8178018766874743
1.1817006032100066,-1.2988813067329534,-0.8123658057616939,-0.38513753695406433,-0.6705016278484096
2.2466369271150786,2.3495083471445404,3.6805381275935622,-3.3009802850698478,-0.6894941351978865
1.6539006564378935,-0.7795828591546257,-0.7531449290807618,-0.4307388239375583,-0.6510952942064442
1.3130375009340782,0.39406335682942467,0.02568397955571627,-2.9331363395284376,2.5645774248955524
1.2247888465286014,-0.9504066397172223,-0.7038128674983646,-0.5847960088590042,-0.5226850399034025
0.6125074312291231,-1.0508250182105268,-0.37568050186786045,0.044177126893384884,-0.36554775123762256
0.7562438113500466,-2.093644322094332,-0.8381646917645125,-0.0744294649501331,-0.805840528209885
0.7410203544437676,-0.8853141478478156,-0.41211043622378746,-0.47569884442587423,-0.344836895301441
1.1834273296125437,-1.1494220553867278,-0.8010199010612586,-0.5337269538464812,-0.6627953985222428
1.1010671654660749,-1.5677588880902542,-0.529660171474241,-0.8555272141490764,0.4916705333690386
1.7849788369032507,0.02472296848324197,-0.8751589626762565,-1.0429591669107015,-0.4464624371319494
1.6147881334603564,-0.4833923987650688,-1.0937700056675088,-0.6080233622800819,-0.7304891357881804
1.2701896674678625,-1.2419013468155518,-0.9062303752468037,-0.37222516339377154,-0.7120222279406304
0.41480815868622656,-0.8759388681122794,-0.34767376151983104,-1.7896062390821377,0.4330652197702044
0.626471293311701,-1.8497518096039958,-0.6370677599715517,-0.3987659862773194,-0.7078286025698434
0.575367399811686,-1.448250978372942,-0.4095122600411023,0.2371672754513312,-0.4529597406781892
0.14966380360658965,-1.1117146913340912,0.5131147674634149,-2.6375245945627506,2.7031303867011065
1.1006930897199318,-1.2448620163129673,-0.7814289155779203,-0.7634879419351789,-0.6880262086936358
1.0422764157467048,-0.5128065153139638,-0.5777451934548326,-1.4969937877790822,0.6249611369053761
1.0993219637866947,-0.9401548521801905,-0.7177041678949048,-0.2624026955968878,-0.5625818082259367
1.4729455278024566,-0.5437052567646362,-0.2627562073799773,-0.44656996545669625,-0.5484641436675198
1.657227869325506,-0.4367614839461415,-0.5453524455010637,-0.7340217772986588,-0.6093619482802093
1.3678668240254748,-1.669895881676889,-1.1064538114359603,0.1709366242448904,-0.8155985045059303
1.474967361734481,-0.4723801294764982,-0.5911434479467637,0.15103630872553367,-0.29361738268754345
1.084210965334304,1.8330999510579133,0.83774443324357,-0.9117947398677,-2.487848701721396
-1.9744853064914576,-2.016195912997854,1.8747091268835232,-0.5123527260459456,-0.5186583062750424
0.8358474883238196,-0.9211096639829692,-0.7132179553909334,-0.9460920615508902,-0.681798038166458
-0.09257099153346217,-1.6293098628769935,0.6746664094910431,0.3145083328984845,0.8163557388599079
1.3653772712190297,-0.6206672227805495,-0.5816916904426139,-1.127563717353406,0.3505724624502284
0.9413003333207312,-2.235718563433145,-0.9342574384309209,0.43488643054936593,-0.8076485066267506
0.8671543747478079,-1.7891745817444042,-0.477092472700016,-0.5666709973044495,-0.10520112291811112
1.439252771256649,-0.9086457104433832,-0.9873050113807073,-0.42256425261548747,-0.524503124985657
1.3912378314317098,-1.1295676910432604,-1.050092874674729,-0.013487997519868674,-0.7182439127596256
1.1094470332994564,-1.869780561114121,-0.35934322909761157,1.272434480617576,-0.12637732608236785
0.734036583270748,2.6041032284698016,1.5940174256095814,-1.1417597980737688,-3.348621023969148
1.3499222249429,-0.947090603535859,-0.674005052323367,-0.2927954865506382,-0.46904961525079725
-2.2625316733152885,-2.119568761862982,2.113989099411241,-0.41905221366739087,0.11321640409458074
-2.359697403581296,-2.137202185679783,1.8912318555282175,-1.1044425085445075,0.061276005265069426
0.46831290254540625,-2.1704585696159606,-0.7422794179040875,-0.3302867661190653,-0.8217338606308014
0.14804461068375707,-1.9372631239247922,0.03177487574755513,0.6070358351530142,-0.22244476993123694
1.078254858099214,-1.7308231918904384,-0.5033859757149558,0.3539204593204187,-0.5295679319321135
1.029096624845108,-1.9770148067754851,-0.6637103549674177,0.5440180952433928,-0.5176741365159027
1.262748376330199,-0.6118604274612182,-0.9448872760745674,-0.8165038187223457,-0.7171688689173074
1.2897522592465729,-0.8871483161289534,-0.8973574263729338,-0.717790150979543,-0.5009681210040573
0.9108825044372924,-0.7443371966790862,-0.2311363061118464,-1.209488096331601,0.19960557048288977
1.127462392150342,-0.7928979585256366,0.3801489945737254,1.4435092769458364,0.5943725561475736
1.0531344464326697,-0.04789733990179087,0.17202466289790047,-0.8695100323941162,-1.69695145121517
-0.29996552561698275,-0.7243160768969247,1.5824198308978141,-0.04112261766138961,-0.3221763635067043
-0.059811545721052024,-1.3793692179130967,0.918085546286287,1.2775625355351468,0.5176329477502365
0.43412049479098286,0.2446622117453175,0.6468624664098435,-3.7253370688195173,3.5480131526850025
1.1040153303712499,-1.0206578290133501,0.7498554866665584,2.3858290902602604,0.9217094559051179
1.6602428466557901,0.2557771578852955,0.13609278285403859,0.44853338333962395,0.26737743586326423
1.5003350433950569,-1.0874971884450584,-0.4349947613864631,0.23579376420862497,-0.19464198832425628
1.4013503000214846,-0.6019305580146573,-0.7605511347184375,-0.8966740785140046,-0.14051904605420518
1.319943412755658,1.0617218241242892,1.0242233217516121,-1.1636765110311562,1.5185855844510667
1.6444124132686153,-0.01179263185317299,-0.3506815354601148,-0.8640808589951458,-0.46434265892436577
-1.0310591362635988,-1.0771228508353052,1.4391071599499108,-3.3506814478396394,3.890930497831612
0.7331156231161289,-1.3607887508124428,0.6419865591387443,0.3272454580061614,-0.649595045605931
1.1885412440384318,-1.4644579243574591,-0.884458987978815,-0.4046973346604036,-0.7242818840641824
0.7902763696983731,-1.999882554693447,-0.2834091340804222,0.8114044097788473,-0.27086444596501513
0.5611391099258786,-1.084139509554246,-0.0384766813547928,-1.5003991364276128,1.3290775808562427
1.1673316735175179,-1.0678610481152508,-0.768831152131216,-0.09579205600234258,-0.5932173238230165
1.0266765493289174,-0.27778649368286384,-0.22465078777906236,-1.0705443917229418,0.4314028582611253
1.2783994657976363,-1.6157774114620096,-0.8650979900341152,0.046495949295711166,-0.7284747043404983
1.0356302151278796,-0.042654305413422355,0.2875764806198716,-0.7291652623602559,-1.8612524368285608
-1.8998607472005766,-2.2661117528037176,1.4996578115933246,-0.07249685797770418,-0.45182066100578083
0.0844681398337247,-1.3852383465667726,-0.3496205917289468,-0.919884807593214,-0.608681497625021
0.8290190448415555,-1.6864482752013557,0.30268518799394584,1.3714606667312437,0.324007266441076
0.27498631714014415,-1.5845995152932855,-0.18091401400252757,0.2790217018894968,-0.2757045837892067
1.0045842675358252,-1.04318674472083,-0.5600961888436885,-0.3734939053956148,-0.46825616123173885
0.27317074881757,-2.119719530774465,-0.23753134883374072,0.4033947511955184,-0.467482922406396
0.8657531106520013,-1.291089021781913,-0.6050769420533504,-0.016680352956164952,-0.5707672973100455
1.0419781802610577,-1.882504434056133,-0.4430292895320405,0.2282883851469401,-0.1348121000118543
1.0290346344770993,-1.4113225326212668,-0.7971328950975487,-0.6077502866107765,-0.7086898258088326
-1.5918554055674503,-1.7611402227831163,2.129394275044352,0.8647285546288953,0.6075984730421685
-2.2195294974127604,-2.056322910034129,1.8906081236723824,-0.5867504842561119,-0.562531674809643
0.9145994897999074,-1.913744636759991,-0.9293003044843627,0.5853323101027142,-0.75511926587471
-1.9607241696210467,-2.5683114608045945,1.266947459057105,-1.2564501303916151,0.1450919405425595
-0.5798475153481841,-2.5043093671921066,1.0837093585099364,1.6304180186055874,0.44178097447051423
0.5716053940256439,-1.2589728549112844,0.05590452739551622,0.48310736422054934,-0.06788711666405632
0.04380366406319671,-1.7541904183378287,-0.03186992038642749,0.2672344095957979,-0.2116237794033277
0.5637837848308209,-2.1951722831466425,-0.34396380233927165,0.2751308650016836,-0.7487941431234514
0.7114968897656618,-0.5542490827794301,-0.1338815082010853,-1.0087130610860804,0.7340574531405507
0.9580233615154161,-1.1246029868416156,-0.49614511213320084,-0.4441956112634124,-0.1614787578946076
1.1382125550177111,-1.0572129258291914,-0.6445888453501968,0.3504872207993822,-0.41281840411477305
0.3516556352683852,-1.41107462554397,0.20996864184865263,-1.8161076624631163,1.4049075522697523
1.2147823095247465,-0.7411780504658022,-0.5649645717949292,-0.4125817650740411,-0.4078580997575369
1.388517213928037,-0.4282351359336425,-0.543824475454964,-0.7970540052511262,-0.6292849221157107
1.2326602266405107,-0.10335964253552413,-0.38695216939975685,-1.4759095443347072,0.574261460364274
0.6659505656143007,1.636044659061456,1.2651540647829496,-0.8536936091676969,-2.9366737458630023
-2.0270835217046757,-1.8960540053812185,1.8674639119117813,-2.8419273773094336,3.215034717341815
1.1982537285113302,-0.9622610013606819,-0.12627607602818372,0.4494527208161512,-0.17210359969249722
0.9474665849755252,-1.1528960190151682,-0.6139373142269001,-0.38757669621279917,-0.4121583265059776
0.5144756811515415,-0.8350365930104774,0.29241867191903304,-2.1901780621738007,1.5479407690178724
0.816926441225872,-1.2675954586694351,-0.5297793446252489,-0.8087364121031775,-0.014093265687534955
1.0257217993713652,-0.8429821818369865,-0.596185910930595,-1.2731770299544773,0.22294871208937994
1.2241532207897619,-0.9081253662134577,-0.8679060395435078,-0.5034061373544212,-0.6860094067132577
-0.3322398362319209,-2.0978318454289657,-0.30725395284091567,-0.7972858441819859,-0.7245709622272618
0.5445850942222615,-1.4032871389995956,0.15205370011886649,0.16150718639383693,0.26980835429683725
0.4870270546689981,-0.35764873564482036,1.3232515291305744,0.149565317716881,0.8398181685606597
-0.26138617780099127,-3.0080568745269267,-0.18458190990805157,0.5645119682314281,-0.6073215325687348
0.12987562965085284,-2.1857574238281776,-0.14030049663201707,-0.5017276275833482,-0.2529795315170723
0.33367493480768495,-1.8577825784780353,-0.5878802512915907,0.12247084717871504,-0.6292455678368245
1.2809731309091832,0.5317093121021107,1.2187397101163244,-0.3660642004104962,-0.8920400151172113
0.8846419207230853,-1.4102919834315333,-0.12861384078940388,-0.8821573708057273,0.43222852223579317
-3.0308354358010887,-2.751833357180942,2.1432473917668338,-0.7453382909619165,-0.6507203042128014
-2.4027426218742023,-2.885201418437047,1.8777728680902044,-0.2357801519620358,-0.5268188337158659
0.2786986831427964,-2.111291595878345,-0.6556820619166749,-0.5571850015032314,-0.7740900900975888
0.14899328218466057,-1.475923168438826,-0.007322987114638466,-1.8791880786754598,1.2892103984223768
-0.06276071664905303,-1.4146459776613223,0.6988239180996623,-1.1871483579621636,0.8302074372954932
-0.09764796664858871,-1.5728737227739267,0.24591030129324914,-2.063939456319472,1.7151134824580905
-0.08472462319331309,-1.8475987177268438,-0.09538080398924263,-0.46867783328674506,-0.5091821368665927
0.38995877147504426,-1.4541659918463596,-0.3443865783380571,-1.4579025725608414,0.0938618365607751
0.1243975940508826,-2.7814190252977946,-0.47605360779960254,-0.2168563396586824,-0.3991260692644483
1.2462033533436072,-0.8476891573925733,-0.4705313020020383,-1.0404023637146504,0.2029004931598429
0.8643558948209796,-2.3146430840993433,-0.6405265405422499,0.9843167735737617,-0.5443117408547147
1.320045837915748,-1.467183903056638,-0.314926062952536,1.230793714296534,-0.02334991633343969
0.5297658047009274,-1.6356167589552597,-0.13748350855750086,-0.3018902326530806,-0.645625023025104
0.44209263049376246,0.6634557304609908,0.9541996461125354,-0.6352874944242387,-2.687137554928718
0.48512316114374837,-1.9007055276803368,-0.33194085413302277,-0.08579641371083582,-0.5350218390956456
-2.9397734113863776,-3.010436247424449,2.1487352189701694,-0.5472078257130389,-0.6269365991275222
-2.6018633635058706,-2.176982302961791,2.2073043595497097,-0.39467345356620065,-0.16589373936207932
-1.7209653229429602,-1.6989674179860677,2.0946017785945346,-1.0893577810626103,1.2929887285151598
-0.09332968703078111,-2.4527990567887965,-0.0849203241782503,-0.26879899659635537,-0.5248370489694824
-0.5806006655965394,-2.478305989073524,0.13203359283588964,0.10553972451236723,-0.46917688419372927
0.8078044264285595,-1.0922178949599977,-0.2689786682460454,-1.6607840922001504,0.5366909251466307
0.764172671870556,-1.393019485910986,-0.4746122771122271,-1.1744705598327667,0.30041720219523266
0.7870506383881901,-1.422050800336752,-0.6871468375439883,-0.857302668198867,-0.7098461154461114
0.8727381548792102,-1.8184118641055242,-0.24691779894932944,0.053274039602519065,0.10030485469542058
1.0708533405489313,-1.5317068340932305,-0.22895379735335686,0.7974962411157881,-0.12606637343291938
0.41905026904311915,-1.7786655644309282,0.025239929238975854,-1.4639924021855628,1.643177086643883
-2.1925792467727074,-1.880898642220441,1.9168577615808213,-0.7542905398032909,-0.5756391574108833
-1.409239555434014,-2.395326411273859,1.5462112220932016,-0.20794294516886055,0.6077483337014074
-3.365413587244662,-2.4767594906506027,2.2000121529816954,-0.28682790281816256,-0.09014153809018832
-0.8298600318468015,-2.1817413141480224,0.6162554811829136,-0.4163528363737817,-0.2414912708472419
0.43276849861338285,-2.42325108978906,-0.4563103449576563,-0.09939354563695822,-0.6304524093654695
-0.40095167169710877,-2.3476089325996954,0.07285102147395545,0.07763111650505602,-0.4671578362546805
0.11100497577709353,-2.034533139223089,-0.039391040838630494,0.0986529126585298,-0.3240011654817182
0.2615319281255423,-2.4245172097838688,-0.4426456642525629,-0.06334835120864862,-0.676615381051377
0.6904614855414059,-1.942746750037762,-0.6976937452116063,0.10082891286317963,-0.7159934363920577
0.11034868470017041,-2.1478995717263443,0.616066100332811,0.7470158809035725,0.7327233892315702
0.637151348681417,-1.47517494082414,0.11127531966749835,0.33124113399024857,0.16017745785257406
-3.232128996011758,-3.3314360819976643,2.2087204220962673,-0.6179234391891423,-0.5167557317978275
-2.4992542406854126,-2.506654834760713,2.006690918048912,-0.550980138449081,-0.5820305307930733
-2.0082457689076008,-2.565109820505678,1.8156044116569026,-1.1916405101357386,2.008155743843575
-1.9117864681258958,-1.9848944865784177,1.8405625300807589,-0.4018906634369651,0.001156923579604995
-1.202132102816701,-3.0488851181219907,0.7788170737056389,0.6028879624210094,-0.12088522039930265
-0.4234238269235611,-2.4990278565852395,0.4516288365244849,0.2672468781729452,-0.1446891350805955
-1.7516530174953706,-2.01370548036204,1.9492710064908563,0.2932428722148686,0.8726712204669779
-1.9663610394303246,-1.7893438197816136,2.361933980661814,0.49901067019836953,0.7355391447083479
-0.36911419913893784,-2.355537620446211,0.16125671176355458,0.37614116179041246,-0.3292021668254862
0.7634189272768499,-2.1160952585071344,-0.8257866495716097,0.23289263117225806,-0.7816368112641914
0.5711865454178221,-2.0092546424613498,-0.395365140563367,0.4059823565508562,-0.4916083369912385
0.05945314225711683,-2.133967972731962,-0.14113953838982296,0.35708398273447955,-0.4852457353980076
-2.5691412799532483,-2.050764207202086,1.928700588167288,-0.75897558777309,-0.5998791259279417
-2.6612709408086324,-2.136252897338987,1.941939109112013,-1.1876336802651277,-0.02460759228433699
-1.725061881252521,-2.1301393387673317,2.2559094565752553,1.042706867956521,0.8386733632598974
-0.5335397465437625,-1.4762342863556823,3.0073122650912274,1.635298199313054,0.19522163358063582
0.11413497708283664,-2.459872992923906,0.23388591091721936,1.0067747948855972,-0.023986689917752737
-0.014560049185980434,-2.6303938663061843,-0.3024306996164839,-0.14138432559832545,-0.6590969881216885
0.03478491510654038,-2.9743012415109495,-0.0841390819304641,0.030913781940774935,1.1859168620611074
-0.12210375660752987,-3.298689119527841,-0.5029212270505159,0.8875528309831856,-0.8021743977700689
0.19700524609404055,-2.6271706197648674,-0.5618020695883562,0.34390347135632127,-0.6951695163696826
0.12621538323847137,-2.3136971159956703,0.6651343155447327,0.29477102595310295,-0.7883781912016822
-2.9096589194513798,-2.435037089767449,1.9324373230776284,-0.7992038251444739,-0.2988829591125375
-3.938461098969355,-3.6949208697787843,2.350847504215829,-0.6574757008086483,-0.7222732994645992
-1.5284768420948904,-1.4689024297561057,1.9325978480721964,-1.3022573751091198,1.4716220712893386
-2.8700234912223785,-2.9513278310089786,2.1650694334506135,-0.48965302880165695,-0.5505916666625622
-0.3457453792516067,-2.0846744713619207,0.4230115537544203,-0.6863440445460817,0.06441414484050362
-1.7343637457587968,-2.479684415394981,1.655857338084087,-0.19678616834979099,1.0471034919236664
-1.2437109351958684,-2.7784713669252024,0.8643830404636401,0.7774115062115129,-0.03652086450231315
-1.8254247781133173,-2.4853688617126655,1.948367225445078,0.29120792863106676,0.6264077869652865
-1.9877775092702092,-2.6341148494328497,1.6863978392050976,0.5390095357412135,0.12269829575523447
-0.39599908157442104,-2.3001999406102622,-0.2567234989383063,-0.36249036910830007,-0.2935590286371121
0.11517645328667574,-3.0732699184657686,-0.3399672968816961,0.9674418281463729,-0.5685799030208699
-2.8343658624691663,-2.9845396072156807,2.1314222305055224,-0.5213739514674803,-0.608316383657273
-1.1404374991617332,-2.4937704223124255,1.0290431106714724,0.3918922346363876,0.4084343773143953
1.8307754661742823,-0.9425437870980062,-1.3615278021373187,0.4084735834511638,-0.7936212181205856
2.143047283663822,2.025373625920011,1.2550021625645846,1.8459886134276893,1.2159017922708892
2.1670749938100493,1.6556621989166331,0.34823294570790536,0.27364111337237185,0.07250106256363283
1.882872726876128,2.0219698240347257,1.0466535600670026,2.9157660303211133,1.453887905190925
1.7555285307017905,0.8701322411853217,-0.9013726356186517,-0.68916209093112,-0.16009304683239803
1.6325533672472505,-0.03941445144061528,-0.9113362245454112,-0.4658479737694864,-0.5184868750826398
2.2260084350367353,1.0595808285010666,-0.3105040106054281,0.7685687395340209,-0.022573528705570094
1.9487025792547104,0.29137340062041667,0.5374670474868722,1.4136044461076835,0.42471439901529545
2.2115260307938294,2.4272126845857867,3.0393080848624274,0.20314398349845889,0.1268289711333033
2.1172484609170654,0.15473242232753662,0.6829841407920055,1.5183836215076028,0.27479167673075844
1.7815903623580094,0.7059146666032715,0.7705769512407835,0.26823126405009345,-0.30642794073701984
1.4914518430716124,0.2152254523033483,-0.4645392698474726,0.6390056002561516,0.12286836677997943
1.8692633416214206,1.4155965617206758,0.8693988108403541,0.5896139735197637,-0.3238795881719833
1.2404969032264825,0.9107427914926729,0.39775272798779154,2.110553565443589,1.1072577589360961
1.7947993988540898,1.4253739823647849,0.23746217101897793,2.5738711879814113,1.6341715386132538
2.1350636130787564,0.6074240176070692,-0.37803684872682153,-0.17638572799300412,-0.18551501356677838
2.0818397063427168,0.3272233091331521,0.871859765212559,2.820534433129908,1.40011741348182
2.453278636379118,0.9103722174957358,0.6556252263104638,1.282950863256212,0.5807250180457992
2.1154428978951674,0.3595411216268349,0.7427879221716008,3.260712741497303,1.5734351592949347
1.7350829359174513,0.3024566458537768,0.3927437475082183,0.11704978236614845,-0.6563151596180191
2.130535130884752,1.5021902990707627,0.523498664045534,0.6629498094349919,0.2431376509776628
2.3235605093916556,1.4021810983222478,1.0091896000773122,0.30367031892701296,0.029377953662051082
1.8323537244127712,0.34735750915724445,0.8788497528436781,0.9688970815887961,0.2730875458985473
2.200537484541704,1.0396163549601056,1.0497093591773785,1.747748011102114,1.2780697651142707
2.1268961233619277,0.687694265065929,0.5839964087537326,2.4980799703330057,1.0890866863446023
2.2245515591420335,0.6933015442672767,1.4101367468494375,1.1124181825068113,0.3221071301407367
2.3694734420706913,2.3316006135130616,2.771218573123521,-0.18239546416486083,-0.16307278366776545
1.926992620437055,-0.4396338774112322,-0.16869168584109726,1.5220968884062152,0.47958781623208885
2.247765423585398,0.7339443794723328,-0.1645800454655756,0.3140744280212023,-0.04539128075695039
2.1731475125219726,0.554240532165941,-0.13510891502452324,2.14715880413733,0.9399158267472042
2.1652390316033627,0.8340346847230332,0.8332180290555264,0.955243875142058,0.3938743589720985
2.258324790750351,0.799557102938697,-0.3172225864008839,1.0595386460696392,0.9269709466617124
1.937376860293051,-0.08288569295058824,-0.3915312035246003,0.1463964577923846,0.5505080409720549
2.036365953586571,0.9516111908162403,-0.7500174616143054,0.2523363075316805,0.13970813531939913
1.945616460529728,0.2710944844672696,0.2039245402877803,2.2289497115749484,1.0228594726354
1.7804305105436053,-0.4114321274078779,-0.2340731868122802,0.8425876315914135,0.38999795395836995
1.9962063682467797,0.3867527810006893,-0.8320855958301135,-0.12711061994692,-0.16577397045161127
2.0210720504938973,0.22995354431847764,-0.6765388846736499,0.09778051850049146,-0.17270475352253267
1.8872482197706972,0.14548287689110753,-0.8803743252354581,-0.004702846508553899,-0.1072992904185751
2.0261058839102315,0.8535813039482897,-0.009390846054494488,1.1243798535848128,1.2377182121784525
1.8133629286953532,0.08586398264501498,-0.6688925662114423,-0.13357578330711078,0.01574946476341288
1.9752845004336637,0.3878504089977763,-0.26889557993938434,1.0643828821599521,0.5209315577082961
2.077617897437394,0.16856431750563902,0.13395371860933938,1.298412342827705,0.9968630700016228
1.935145296551544,-0.9464228842586189,-0.8030576589242513,1.507504622089563,0.10272903525781797
1.845877877037268,0.846083940712202,0.15423518430548563,1.12049761041398,0.6411424814609221
2.081609602637587,0.10684690966007053,-0.17699714169572367,1.452151548174169,0.5515941875485811
1.6608050815500006,-0.4236827221885207,-0.07476050860143534,1.2200843145941063,0.5562719303737219
1.6091931246428868,-0.5704411962497524,-0.7784244596098534,-0.3428723729645719,-0.18121315281554307
1.701676819974208,-0.5345027427151677,0.28523534973147724,1.350439829033262,1.1375664574611835
1.855773510749054,1.332913049883427,0.40419038645913014,1.1871304079715361,1.536182422045011
1.8526312794161424,0.022793590434743077,-0.8765145383411064,-0.37197453241572104,-0.11329802912917741
1.9934546124178396,1.7505631945135838,0.6428715821081692,2.446508759209394,1.6280931654530961
1.6566756312493662,-0.5088792908735649,-0.09324706209421592,1.040001996073467,0.568754711644212
1.7808380922251958,-0.760523084560758,0.9800939338780695,2.9968132859195946,1.6540122916363729
1.8539718284783364,-0.6609285099739568,-1.0609490536699564,-0.08119183495917022,-0.47392670696611283
1.7652198490013726,-0.13809245430438524,-1.0858960105897035,-0.5924227246348366,-0.35459072811345094
1.766838777007884,-0.11345632453742834,-1.06705196780593,-0.3475911268958418,-0.465600803366779
1.8548938999417515,-0.3559596393403282,-1.2666446645676457,-0.17031894259847496,-0.6097136607040072
1.9414833968628245,-0.21390766853330384,-0.37983098335316623,1.2024816089452095,0.2956170446981875
1.9830148033772552,0.07612438027632343,-0.04547618285854838,1.4732714309847,0.6596614371716224
1.803698695068928,0.4280242888405479,1.1447242160639515,2.5946583352299735,1.3598215870200165
1.1703691384648216,0.21833341285361108,1.3091034109570086,3.1937603676894137,1.98078587649569
1.8826284461193117,0.17192695123268711,-0.06409657000752858,2.090592332044631,0.8880186665160694
1.2645672858676678,-0.9028866054375135,-0.8653663374400684,-0.08403457147983714,-0.4192898301773657
1.4735796150324258,-0.6271533842839976,-0.6629893386945042,-0.40123140103014565,-0.04129985259532623
1.7362437685352066,-1.055820156612277,-0.8522251364808339,0.68555152201048,-0.2733369459097703
1.2668910759418865,-0.4334329114955613,-0.3743012895925771,0.6650304706630006,0.01984422084564894
1.5874305399327022,-0.7076645201044008,0.0014856571223671997,1.2491886800987428,0.45187427935319285
1.8533139186848626,0.46461553796012456,-0.16190819668510115,0.010372310433997878,-0.09973781933991863
1.5490027114210474,-0.5915543038819162,-0.9516514130623539,-0.7767746811446091,-0.3729959369794201
1.8402228166085808,-0.5166336369889144,-0.2149918908580067,1.3566584457908424,0.9283811258165802
1.517448479987386,-0.7923694529661719,0.1733375937027028,1.6840402106720345,0.9845559676020545
1.7362745888077757,-0.1742000539100421,-1.0676587172356464,-0.729697939345791,-0.54064528241125
1.603908999350467,0.14253104529135363,0.4510828678822928,1.145490921085551,0.7520060884756041
1.5767649209139523,-1.3821008069722704,-0.6684498304445223,1.214113697234872,-0.12718469536062046
1.815657392984527,-0.39561235358593394,0.1376402600352232,1.8499636813462437,0.7445529334673701
1.1378103294205315,-0.3704064215388644,-0.7831852620846369,-0.4153481257479261,-0.4675539147553283
1.1510297901488729,-0.5355992468828007,-0.7058335295859406,0.10341032528937623,-0.3546842441446704
1.979097222204264,-0.2424718203042922,0.2681066302969486,2.1052704519934275,0.5844562940175344
1.5407390681855753,-0.9657525204185462,0.2551260575016713,2.1339970209455976,0.7784100220262993
1.544740370152573,-1.00352869131849,0.12923212369989193,1.8617159631258717,0.6190103828054824
1.4525464022870986,-0.4693336122373394,-0.9875338975161063,-0.7359736201229107,-0.5750960953169181
1.4587432415943,-1.1820555059779398,-1.1567445823153757,-0.04251151038134017,-0.6715990045136051
1.5692208153552374,-0.15382890858443377,-1.0443150427308767,-0.7771970638814176,-0.5527586648878011
1.6136103292629358,-0.1286324180892616,-1.001477813103641,-0.7115850726083439,-0.5182610724801563
1.7682404783829764,0.08878223429735398,0.13328619845376966,2.401770989351893,1.168028139996154
1.6593363647606003,0.22960344479595413,1.0348078543741552,1.6915348712144285,2.14644981832523
1.4865785999888335,-0.9575268926335475,0.48685523241235457,2.6876596101972705,1.0668772005341298
1.4030910828118905,-0.8952032834493988,-0.8913763181125123,-0.7106416094149773,-0.36223116880807193
1.4382047743084032,0.2081959411523816,0.9088191270822449,2.8229397356840797,1.3854005018970104
1.7372552641195613,-0.6745406720102014,0.36458861976475754,2.702917891246062,0.9798751866883764
0.9266453765748665,-0.6698303357189477,-0.4852866401512851,-0.09061701301167424,-0.23945978909742469
1.0377066463531033,-0.10531880182533067,1.3979860121908143,3.005295220517596,1.235094712881511
1.7545165962441664,1.8693056538180395,2.710917851065951,1.9752886072573104,0.6607046720709822
1.5523123678787534,-0.49197808487440825,-0.47184747138204514,0.8339656474746451,-0.20449995133236368
1.5954672148231979,1.2424730491378633,1.263451700767063,1.3573287685321644,0.8140446019128529
1.4654857248775992,-0.547144178837023,0.7885277355905289,2.8249768011749867,1.2659836147521986
1.681406340187037,-0.7541180851104483,0.2730147837774684,2.478383684213492,0.8576872214410675
1.6616390949041135,-1.3024843289532173,-0.8180080466808353,1.6577003898580764,-0.1647307118215627
1.5868817707266625,-0.823696937138997,-0.3221066481739589,1.2200304254999799,0.32859931389409786
1.4468750042510277,-0.10509638449539609,-0.19385235759506067,1.286592028333351,0.9214404994368786
1.4684541090429861,-0.9253372636440238,-0.9979512116038551,0.13256840669393533,-0.5073201719648401
1.0033497908626674,-1.30428328454079,-0.8057050603200404,-0.46992196944212383,-0.49335986787441866
1.6370209477496902,0.3797184307049985,0.9107092414260429,1.8527889387104801,0.8372420448417873
1.3199049604555186,-1.5683962209270763,-0.3259528580580396,1.4228204153442785,0.3374539056393774
1.2129301302263924,-1.6916065135913183,0.4036434276683952,2.626329122778965,0.9078582594288314
1.1322355926041752,-1.634921409421069,-0.534290270217758,0.8750646705303777,-0.18010444167025677
1.155717360987794,-0.23293518286846304,0.9304202575429982,2.9278290317719198,1.4363020034487095
1.4337437397178874,-0.8287655501830409,-0.8597430478259492,0.1954519450036307,-0.38657061753258665
1.2574949085118452,-2.038941873486598,-0.4176273905268247,2.0315843013813897,0.04377765909900925
1.0894145510048299,1.0107122927623964,3.731063643024607,0.9759641342833402,-0.8402016950586322
1.412325036676681,-0.42134506725741866,-0.7515648271237281,-0.3212803525850457,-0.3369990158709571
1.2104970300740197,-1.0274329948977232,-0.9958609173666128,-0.045356962445784826,-0.6214964202378326
0.6950109936776635,-1.0537967399814276,-0.5396295935273006,-0.005552162712501334,-0.42666045851290924
1.228490587213206,-0.9053476176604157,-0.9565099127788077,-0.2741174723838976,-0.5808131928441587
0.9240697267112943,-1.5375166893102865,-1.1963052959001466,0.5723435274536417,-0.6861091594012201
0.4766052671034507,-1.9536952464598933,-0.578725915470921,0.2684690564043115,-0.5282068438839339
0.9136964066506869,-1.844046089652538,-1.031173882718278,0.36901416551114274,-0.7357917938737626
0.9976522078925187,-1.1025604121193673,-0.7636654719028201,-0.3770690494752401,-0.5072715136040963
0.2775587365412151,-1.5913529440424425,-0.05830623934216083,1.0306226692140394,-0.08194934403430909
0.539126340979083,-1.9144763188400453,-0.7115030828034482,0.023696824375529477,-0.5825428183319136
0.805385731283242,-2.4157534102879477,-0.15824525121875782,2.149204778328448,0.13393477372181847
0.5287526694536673,-1.309070709034739,-0.6057019531560958,-0.5224537516779872,-0.5702338544420007
0.5708653169373896,-1.6829802227854258,-0.223127056742757,-0.5349400315255827,0.2010254971206307
0.7621673549591936,-1.9444012064281,-0.0424023182713137,1.2849496792965567,0.19753661639711811
0.7103672092158257,-1.8451690019012537,-0.5516879746384247,0.2634108890446572,-0.3774028410013936
0.6401691959620964,-2.47382810909919,-1.0084158711505629,0.5018000785094652,-0.7795147104101412
0.21629429338679496,-2.1228309382897734,0.9031984813156455,2.471461587861433,0.8921087499754572
0.15627072947860557,-2.56667334323607,-0.5653861354340186,0.9467596156723931,-0.5726920065653188
0.5776304748564972,-1.8527030941271,-0.7149071539285554,0.23360573188647796,-0.49486831356995953
0.018364156748142412,-2.311173954409723,-0.042217935212060555,1.025786360674877,-0.15298985243783297
-0.2890940904127104,-2.0438575900674283,-0.23823570383748446,0.06922433168175023,-0.49162312070453984
0.19827860614927909,-1.8558369633635117,0.12833510999309347,0.663199549967731,-0.023312809299721148
0.2958809473894847,-1.7314010193061602,-0.3092832734169191,0.1868074783820215,-0.295634246945758
-0.35173254046585795,-2.123417909726784,0.04640888097859187,0.49542423935202673,-0.22908808339086678
0.29045852633038505,-1.7684388969315885,-0.7078966208498689,-0.7075516222342074,-0.6936713020764985
-0.014808566421390747,-1.9800399188480595,1.1538554141303476,2.694846123642052,1.0568759656168176
0.21343555796599023,-2.4213759468191314,-0.7757976392369099,0.37898130948455017,-0.7140800476070721
-0.07622704075724135,-2.093660402836393,-0.5137568972111425,-0.39348655994871334,-0.608933699910319
-0.7976081858402898,-2.1947636221421494,0.22403307417480803,0.1661023810796166,-0.03554126811195334
-0.38827768010884933,-2.0832032158668814,-0.3587946209863575,-0.5427569945511088,-0.632898623324612
0.0034905000676957324,-1.7772185302231354,-0.6181784582446906,-0.8958665182096232,-0.7289387404700883
0.3124942197785322,-1.701308898080573,-0.5313723933679033,-1.0124626372998466,-0.24054108491776874
-2.1862207738387256,-1.8968350912595373,1.702104383672631,-0.617053548549045,-0.3297553661815409
0.3798619306137409,-1.7028073210737673,-0.7294605671956615,-0.6981937864509371,-0.6695050738848757
-1.7843992813222722,-1.4195339831867355,2.012235761045233,0.36275404768453073,0.4716536511642812
0.12525080666949395,-1.9700227555726424,-0.6454069098320957,-0.6479875587797633,-0.69403607863534
-0.15648920812878173,-2.0230543049322454,-0.40051721897872783,-0.818895984610298,-0.35692373135369865
-2.4587061689571508,-1.9597162458674642,1.8646104398675323,-0.7507965583424032,-0.44250233172918685
-1.557122725140344,-1.807443692468427,1.5441143859272801,0.7931410459504334,0.5271412343035393
-1.8823255905145893,-1.6743993365895435,1.8640763093467956,0.03043807777591905,0.03455969844535203
-1.7989912740980576,-1.7200695249052598,1.6374245769461062,-0.3580843267992261,-0.4405532424411102
-2.022365312918964,-1.6613917691619446,2.02817935306903,0.09976860466976639,0.20549254300484326
-1.8033615816820834,-1.364873791736389,1.8700509903155969,-0.3184800428892982,-0.0736828360369939
-1.7503481959595664,-1.3915547963276078,1.6903209671810893,-0.6003200080489964,-0.4524835853596677
-0.3220563349468806,3.2081814375022226,-2.6333594217470284,-0.05483423137078097,-0.14817641631919232
-0.11829766869757308,2.91480782557079,-1.9094952001520715,-0.32479990480545706,0.21786397841601063
-1.2079896250330375,0.4069022302429631,-2.7481094441390277,0.6246213013727422,-0.7210499614110008
-0.4202317708536462,3.928199516810309,-1.8390357534333135,1.8817718977141964,1.0831565013853925
-0.975764942630919,2.1049657502526666,-2.663652853130756,-0.3654167158996831,-0.5753727781039254
-1.521328968196232,0.5690004196207405,-2.2248689658053755,0.7413368588134934,-0.2175389744340655
-0.5909497694625078,2.5043883509560825,-1.7691943919688684,-0.7136223410638494,0.01045883231127715
-2.70482977167349,0.09389007372701867,-1.6338896774104374,0.7287255548521032,-0.3049182373967871
-2.000758501351715,1.291327419012758,-2.1478662523250422,-0.08024373943236497,-0.47786632660460715
-1.6338043635773598,1.2560229909297473,-2.5078124792246115,-0.1180397020287936,-0.6449768523341246
-3.9768024225804224,0.6750449844182512,-0.34418046612206243,0.6499799453379119,-0.035791202697167485
-3.0177517573672445,-0.2146478845416165,-1.808453978287786,0.1259083020630103,-0.5413282992219017
-2.044969863870052,1.1715794611019135,-2.3906447694754394,-0.6711840264318177,-0.6929526200753788
-2.972980698457196,-0.20256286417496033,-1.7017473374562904,0.4017962798870216,-0.44353851249011966
-3.6071357738360073,-0.2324207939845107,-0.9497383623983918,-0.11652801579998502,-0.537214900055842
-3.9174801480990884,0.9126798996643671,-0.16018312468651044,-0.058995301769567444,-0.2304764395962042
-1.8315917680567515,1.860060269185971,-1.2722433479996007,-0.2090044378406105,-0.32769137230288814
-2.814564485093539,-0.5273809601088507,-1.5972888978769002,-0.6404277252096214,0.06694954604781354
-5.293207151399714,-0.20580365752022406,-0.07342297690364424,0.06243447278806859,-0.4726575631334493
-3.3356706856509866,-0.6843963837323094,-1.6970500508165638,0.23414797706664695,-0.4301141806411859
-5.059989586834662,-0.8086463463635087,-0.04948486515099761,0.31092371727315427,-0.27063029914393977
-4.967230331751819,0.5319909085089846,0.15387215468418713,-0.3975174672671852,-0.5229917201087435
-4.497431082264335,1.0204969348144843,0.4728123842362017,0.6826005245611629,0.6834970391784314
-2.08953029622161,-0.10668917619659954,-1.8255397207401731,1.404634111854518,-0.13247418363369667
-1.7589155793088311,1.137259145852998,-2.3754125846236844,0.15428784649750063,-0.5700869897298962
-1.046364589846023,1.6428644619023471,-1.634817183834144,0.9297344680129308,0.8423601681600283
-4.4299507266326215,-0.46414301858707874,0.5047009601020996,-0.9141860088957432,0.6336883281460975
-4.139731429867014,0.9319283894085868,0.09609133872860855,0.06731704773428687,0.24342986911732512
-2.124590668089612,1.6167319002566092,-1.7380331264342015,0.524918891074023,-0.04020526208089448
-5.122929528728978,-0.38798031705053926,0.32472351858159487,0.14813534871849066,-0.27556301236017844
-3.5516976243058744,0.4706283737528094,0.023041141832407346,1.6019974099237786,1.182706440014001
-2.8334605194876215,0.6014381786584259,-1.0832655567007365,-0.14659089549238835,0.5308613094818786
-2.559029783326267,0.4946394817516106,-1.6838306256313122,1.2360084005711351,0.17092335671737255
-3.661057828586842,0.8918346646312535,-0.6305719165866612,-0.3650709812355364,-0.4505283344700679
-5.673029328374534,-0.06626368387587994,0.42359910390060496,-1.0329359943929408,-0.09053748474838057
-2.6248339150492632,0.05234264183843358,-1.019078533277671,0.05452731879985154,1.1238358492505633
-4.648589944225963,-0.23374898074066228,0.534324604427214,-0.02363699876828977,0.514443661220071
-5.781724258096891,0.4041801403882931,0.30942740874980273,-0.6998871158947183,-0.6444866219759495
-1.2784304922540919,0.9419761419344834,-2.4232403690909132,-0.23433891416832534,-0.44127786177092415
-1.04034015725617,2.699840341742403,0.5100681626212061,0.04815598090470987,-0.32087023461327574
-1.2562275301930774,1.303341726224692,-2.1946027781132504,0.48982826269404794,-0.08029772390057588
-4.29011751912498,0.7872499315407863,-0.2591840789403997,-0.0025676721801415952,0.03570810578889825
-0.8359790792080138,1.502742011251,-2.6682841744228925,-0.15444190967859875,-0.5819809739658237
-2.2775783172376887,0.6809700186291829,-1.7842679865125521,-0.4835434852983659,-0.4675524653445477
-0.5596068782704746,2.313610931645847,-2.46461766320694,-0.9229862727007935,-0.02753573084513448
-0.5871329515174869,2.1010812432934247,-1.7334172074579646,-0.5472626898198847,1.1021042250687199
-0.3542999422722789,2.190014948644155,-2.234214404906829,-0.38280662676971255,0.22074442814648826
-4.9605352999707035,0.030349982211082975,0.4343346128256374,0.1349885469690745,-0.16686388783753453
-3.835414240394445,0.9829108661032385,-0.4208114993921533,1.0572185175546307,0.35470546398135155
-5.9629892670743185,-0.6572840810968966,0.5224147664710909,-0.36782271307898795,-0.61204318272789
-6.5500779016452935,-1.0725975996459118,0.6531175550505388,-0.43258433572598415,-0.6749297764353097
-1.343182330769645,1.1480479622331616,-2.1907994300478113,-0.3580888569908492,-0.35100240066094834
-1.0847009455191088,1.5230668906524052,-2.034603657983285,0.1268045535752178,-0.12850732638293072
-2.66494725213195,0.7336860826728944,-1.3224266427384639,0.1805133251246997,0.22009659404640233
-2.8397866905791007,1.1973251291545353,-0.9227885373111502,0.669833613018703,-0.16005836547479216
-1.1058444189041683,4.259986567848877,0.4071754871393167,2.320814805635671,1.1020816750380964
-0.8950135014753459,2.0264782088664006,-1.6570302390320968,0.9157707570278324,0.3698117720180235
-3.076220152816677,2.8344422466563293,-0.32570822009126876,-0.43518631642853545,-0.26326486869736726
-1.9750266878010077,3.783734819195596,-0.7078462219009444,-0.495953032372337,-0.19560027562728147
-0.44212058155650913,5.873144038795882,-0.11286481536084157,2.34915754033794,1.2662752898460379
-0.6404606832325197,2.3691785277343476,-2.476648003551545,-0.9495224535405739,-0.06192527212592696
-4.894340274495905,0.6900221729400158,0.22999049811516742,-0.562056731125641,-0.5423791227949283
-2.7179231009396965,2.7696325746405885,-0.1347087291153354,-0.3204136444433333,-0.07447710169000482
-0.7101167759999428,3.574197112480444,-1.0664667763496714,0.0574039787470926,0.16962742034422504
-0.8861603667719539,5.616592523443953,-0.6634410084015809,3.1769967080683976,2.413989426066197
-3.6204713576248966,1.2053402295224245,0.06279526558356166,0.5390302166498218,0.2477992801730069
-0.8650877139640955,4.524328348617791,-1.2216796197797934,1.9822073776484777,1.3412395131572745
-5.2242758251638595,0.7083020098771515,0.20992095077657874,-0.5946360013442207,-0.5794335147302815
-4.557917286464712,0.8435741458961725,0.1561503513773013,-0.5531357351230073,-0.34619612256185484
-4.908244035070962,1.1989883734346953,0.12106555861027836,-0.5839501771991016,-0.5019229146308752
-5.240913640498674,-0.1399106367181829,0.31146318948443324,-0.27848757480165337,-0.5342605343302053
-6.086610917731746,-0.8736084593803533,0.5576848813266737,-0.34707150543712145,-0.6189196134638647
-3.630185796569292,2.497856321423403,-0.2601742141572421,-0.6199323856461728,-0.44608397731596117
-1.9572918352423312,4.175712152419965,-0.0029891651810878103,1.752954012922968,1.9441454865305716
-3.4968352767699242,2.2625083662232615,-0.3762615134700832,0.1961783897726871,0.11767595577735986
-3.396785910662969,2.807868124659073,-0.28443093012835924,-0.760894338329205,-0.09240354378383968
-4.264993387821018,1.1423277494921997,0.024750989552397306,-0.28484105696496154,-0.37149019405059885
-2.2460364613441377,3.3180165464588054,-0.3680341270162365,0.08677749919321633,1.5013271122367569
-0.9119481469965715,2.9660161855008242,-2.4453360529078343,-0.3479721256219053,-0.3017838745180122
-2.391461372667009,2.7273250416798342,0.13017322675682194,-0.7833901385803481,0.08391086405985362
-4.208675894425956,1.7848979347043175,0.03334130884647732,-0.8698747200130458,-0.21557682441844256
-4.635211677154869,0.39394187914380974,0.28329282107977377,-0.9464332694075509,0.13921887554222473
-4.885978039667601,1.2065047001948939,0.10850684991165782,-0.6799806261237916,-0.5644047155205509
-1.1853510020423788,3.2565767155896843,-1.1929380422984603,1.8887355483441217,0.784888921112064
-2.832096286078128,2.827307887672527,-0.39812155338457755,-0.7268540816215044,0.09187436437323299
-4.635370375509564,1.0297222043552983,0.14706280732896398,-0.5677367513086361,-0.5236551498432691
-3.1186601849714175,1.6011584918636181,-0.3082529586335443,1.1347759363154635,0.6183284312510426
-2.7534550379803298,2.349367102791759,-0.14364307161460202,-0.4619284229364354,0.7776926802023739
-1.1701629991391092,2.3533046209576067,-2.5722158873104712,-0.7599506212072513,-0.6157283613666767
-5.134223576819641,0.4855352256870671,0.18971541293670233,-0.45406027577130376,-0.5473251530141136
-4.954816608932289,0.8685769283046045,0.15247273853579438,-0.5524411615198963,-0.5491228678702419
-4.504434975369814,0.4359179033990323,-0.26386863208925543,0.1419878284889849,-0.38309477408940457
-4.648466837318117,0.8983438213805777,0.10897965820559667,-0.4770686344928301,-0.5089242919911189
-4.640110674294335,0.5348014282242289,0.40002123660910205,0.9067052425820317,0.47475321324083825
-1.32022246371983,2.672433974957366,-1.0071508739508457,-0.2326034155094565,-0.49731948911966367
-4.5481882982326525,-0.795705411255974,-0.675750492429415,1.0982262119026094,-0.24469709401530917
-3.444552301545657,0.4937371375839003,0.298328567279219,-0.6404363538720511,0.5239865535759376
-4.515648588716961,0.8859257741449154,0.020231313337671246,-0.6904376705106308,-0.09064885107058929
-0.5801194215560866,2.503238173957719,-2.10446366798031,-0.6818875093716666,-0.0663263535101587
-4.638137207439715,0.44341347693722594,0.15477118630458153,-0.2135848669205593,-0.4741565271386975
-1.4069519241420978,1.669759060575663,-1.7420234535056331,0.13502456259366277,-0.38299569044487763
-2.004507094658501,1.9905458575286556,-1.681351203744684,0.30575704235411566,-0.23657639856325097
-0.7401652099382061,4.070278335851219,2.001770931397131,1.3783161355014586,-0.3480979270850328
-0.9658586136316484,2.089953159444536,-1.5920856119628988,0.5993882979269631,-0.14168266503464977
-2.726924411004807,1.3623615969627891,-1.1269787760417722,1.3482523495735366,0.20738919828385294
-1.9100921277700742,3.9440743244185588,-0.14476721372533785,0.8289717195081966,0.24935623728445563
-3.2541316072053434,0.7731734592080886,-1.417746067403082,0.8048865938398744,-0.20039816126600327
-2.086035543103901,0.6389152569984513,-2.021331370046682,1.0598200646386753,-0.37331084115980084
-3.5299037970649176,0.7735212334808793,-1.0724924042033324,0.8677487293231224,-0.18593296033268192
-4.018146616850797,1.7630147161794212,0.06136527806266093,-0.2313830994072348,-0.1330376094100508
-0.8537226847293434,2.916472525760454,-2.3020838804606294,0.8961499384954265,0.2918086746092156
-2.944128302042269,1.9082438366861838,-0.20876791624043084,-0.7694003927820775,0.22776865672125018
-3.0021365095912733,0.5089961084768793,-1.2547973278522024,1.3263313367708287,0.013502694021595442
-1.1603804556721833,1.9931425747587201,-1.7231282812655597,0.03698992365351103,-0.4002349858061987
-3.0523034973274763,0.8703551980881229,-0.09674493214236948,-0.10443866375334115,1.2808920752450168
-4.3376790966277365,0.8130810809240003,0.0364707831679344,0.5258556789315425,0.22080055018500716
-1.3655703377032034,2.0183784408995256,-2.2449877326856336,-0.6992387496271106,-0.014549262547070117
-1.6031702338238356,1.8820430886671922,-2.224059846568025,-0.18125029220457178,-0.46156063093309513
-2.19539446397594,1.277424360561732,-2.1166529267581877,-0.11912426482434518,-0.49842266447151884
-4.092155462809206,0.991431493473411,0.14910912994219197,-0.592201398132647,-0.25046744161380224
-2.165438920275955,0.9024054137946341,-1.2270638637392854,0.20886237352397075,-0.25830313268232485
-2.654700088210559,-0.007903537180365985,-1.46190087700252,-0.5321785786477528,0.46918581690514904
-1.4370342334899942,2.432704186541262,-1.5286721860026218,-0.5236141872604974,-0.7779124092039087
-3.3202862580334567,0.8578542606891917,-0.7078578404311926,0.43777005095463506,-0.2627925171888706
-1.4296292893230635,0.7961659301581172,-2.5181814389453243,0.45056943274254196,-0.5994630897232105
-4.115831869418111,-0.4521634906738525,-0.713758193658049,1.268311105675845,0.04842515146148987
-2.5906308227903385,2.306426365720109,-0.7612079246260226,-0.5143910040939124,-0.363001469977792
-1.4432226915236852,2.866238247615202,-0.825009452874166,-0.8337264213278242,-0.3433134095467965
-2.6535009161690044,3.0425753576022223,-0.15532310991126458,1.1402470185726992,0.5953891670470974
-5.282282494243044,-0.29756835049372793,0.3765516694996419,-0.24244245492745686,-0.533639942782773
-4.046621787006931,0.9624094598294591,0.21932607717887231,2.233359388144632,1.326133761713753
-3.976325755779579,0.9770615249597904,-0.2743419356546255,0.00260525041981576,-0.05160431633317666
-4.3253645743494475,1.077470966824017,0.30721352896525034,-0.34129545922134114,-0.2504078491454239
-4.999682582398099,0.26389154007260307,0.251733095768303,-0.28953665506757814,-0.5244631925631021
-4.16549375998878,1.4878879669734983,0.3531251735531933,-0.24420644258969648,0.5809308410360338
-3.6875968604632625,1.663462266529524,-0.10727860924705664,-0.3361021332572228,-0.3372055367151995
-2.672879385468865,1.8266706283007383,-0.38270623698063816,1.101540649228873,0.5003960516484824
-2.948582597818127,1.0491934511112864,-0.6280014453335379,0.6607086716634369,0.053496274161746425
-4.718326566953612,0.8326685992191368,0.5708560168838976,0.2781632924100353,0.3540328029253687
-5.149285229709512,0.13731617482319028,0.5392113258586216,-0.06302233175548208,-0.023605479394119427
-3.792631138281684,2.0121876029954873,0.19311901243147003,-0.3330651418650619,-0.18222510576292084
-3.708058390666665,1.8682604209487403,0.5347069075386004,0.16590143626549467,-0.23103119366917735
-4.587214249695229,0.14404078852965607,0.9705234849363172,0.3223504332667209,1.4183275782265488
-4.603666770854167,-0.24365767991829224,0.5966681621642953,1.2328835863945475,0.771740264885687
-4.39529672143952,-0.0803125553918184,0.9621781764361014,1.4232164906455802,1.089519210065116
-4.560803616957711,0.23167996060123297,0.9228340811448967,1.1224076456719583,1.0178940722157874
-4.543794392416815,0.6922330899498677,0.3306988975616964,0.053317091802109105,-0.05494471295728312
-4.232329655503625,0.5303225226820629,0.6469811178676201,0.28874942199435005,0.4841404924809146
-4.446197950643624,-0.07195629394725042,-0.24126660885831652,0.4138305641091103,-0.35028184022888076
-4.130875226973858,0.6807034639813654,0.021585467006831616,-0.7471500120453916,0.306344545131229
-4.862324654134006,0.4376582788508396,0.21658843898739583,-0.3169679481821918,-0.5130155726698719
-4.379530052617454,1.1044338635743984,0.10383515651175071,-0.4596215498036696,-0.4738270098074633
-4.154490232004346,0.9153079420572655,0.18364495680528065,-0.23481662850986365,-0.32595505242493455