4.347309697823629,1.4631653640628288,0.06978791152978063,1.5332621978877568,0.2213809911595015
0.70037567219826,-1.27127129083301,-1.4445639417022251,-1.6934480673053551,1.9852284799711246
1.0824691960847834,0.6226525952277799,-0.09400950081300039,-0.9493545842036243,1.7251226058870663
4.462430289135609,0.559845049809577,-1.1256108462622267,3.545319167115334,1.1177129931197793
2.0782173561469315,0.25619265835337435,0.4475483759090086,-0.9350710714320589,-0.3083452221320429
1.4933888550974335,-1.6920732335725044,0.484176224729465,-0.5252621600432893,-0.634291435580459
0.6501430911533858,1.49601080731498,-2.4743951269624604,0.684808993744989,-0.11671390728265911
0.04358014362757864,-0.8695072767686116,-0.12099452163118443,0.7018487946894281,-0.6879039776041895
1.2063393543523373,0.8504133428987685,0.5762687757631882,0.9030159382424576,-0.6184806867982788
3.2272375606470742,1.1322484155711097,1.0306307268621078,-2.9571346062523127,-3.627213229672802
1.327783467027008,0.19213299032613418,0.3515145228615184,-0.5619656739650988,1.6977601859315203
4.103157299678991,1.5663211518564424,0.9994577866560909,0.028303643811580452,-0.8024282855951707
1.2885484168079837,0.8711634700028996,-0.39413985517115996,-0.25120803828742916,2.2433830987783576
5.25935680741607,0.04259461213920284,-0.8229010388307271,-1.7453527789063776,-1.9924099780285613
-2.2073230017275365,1.571924706132801,0.378408317055755,-0.2004782121870069,0.06812151918518625
1.8869813054197049,1.394341471638332,-0.5553352087020333,-1.1077863625178437,-3.8817955066322893
3.861724378847474,0.6841969371805083,-0.12136308800972397,1.5652900405875207,2.3626361042479274
4.374778441262006,0.46454219901976906,-0.9577579118754977,2.4293248068957953,-4.5023263084699865
2.5762389405042887,2.185063812776805,-0.0023769046604026007,0.2755735071469922,0.9729331218894994
-1.058124147629212,-0.6956339340407321,-3.1493154356215256,-0.8990142531342402,0.7158821874468665
0.4843078700352011,-2.355929046099397,0.26121104376645093,0.3687807111257817,-0.5273291979530291
1.8746513810108512,0.845774655692685,1.3931517957072932,-0.6531598736519674,-1.582672888179842
3.2252351183488797,1.2345117709839968,0.49540217579441276,-2.026366816930751,-4.0013945101132915
-0.6756227204819067,0.11340477844256673,-1.7055068693161985,-0.9420818508361792,0.7108766373864785
1.4545398371989915,-0.22911998423970859,0.588985735797998,-1.2382213831811613,2.068380679482638
3.9667778011470585,1.9487372978509656,-0.742174646064656,-2.4094827793818254,-1.9750158483977933
-0.42896530093241264,-1.3676074658975133,3.237482086274717,0.42059109164657005,-0.23572467074250408
3.1828489667097517,0.23389506413713498,0.02291743473950863,-0.4570163499888252,1.5122788977386767
2.5650815054041454,-1.6770708419762679,-0.02787052441755571,0.5774619698963379,0.33389529267823365
-2.6828236770157337,-0.05982668407184897,0.8001141168251975,0.5027985357789376,-0.3804907479454064
3.4911754504391963,1.6819916868735056,0.7265176933619552,0.869515658076278,3.128421656890474
0.7791226965365511,-1.2365998189274594,-3.1247697288221707,0.4214465645255719,-0.22006010337480314
2.358065776343252,-0.6276026996004977,-3.3081285905736335,-0.8043227896062656,-0.7798559753954454
1.2453188811350024,0.13484448769358978,-0.3759416745111777,-2.169217917125102,0.11796029726461367
0.29518209942982965,0.1255794980711881,-1.3835576501259008,-0.3710371619475361,-0.3928330858598728
1.2832980681352617,0.7505865445267516,0.18288662196296002,-0.35680291662772345,0.2694983404314562
-0.14589896905862412,-0.2163717726919486,-2.919861653818796,-1.041156968065746,0.3617541101118899
1.041503016833053,-3.0205035880290483,0.8839806598854762,-1.316173394718856,0.509163392978703
5.252379728394184,0.534975529213542,1.2667571779435047,0.9317889159198562,0.49610454855901986
0.7292015549178295,-2.887564526337193,0.5759943693943375,0.21723021942754042,-0.44069160301279475
6.488738205069101,-0.3336575448020355,-0.6746531148638365,1.463786826015588,0.5989110770075871
1.0510633291907652,1.1259333009507637,-2.2168104751323723,0.3723991169825499,0.27137807578512185
0.7236990162873013,-2.812256359584403,0.28465720881813383,0.47698465705827486,-0.25405501151778354
3.11182460225154,-2.353415331566817,-0.25417686599740524,0.10603158921915411,-0.09987017074051854
3.661801332392752,1.6516683252074342,1.030902213939703,-1.3796780052107074,-2.57506077256572
5.932018666132283,1.2352532317846994,0.03924409281810526,2.6776221113003906,1.7770773650468377
2.6739704394076447,2.1315708494276935,-0.2190248385885019,-3.1016795496526117,-2.4559666336910455
-3.221781868253752,1.0972355597952486,1.27621045947401,-0.6129558973999927,0.40619969306899284
5.607761993152589,0.39962491870907574,-2.5669517559309587,4.6776998273013755,0.45629618959973356
4.837722635460624,2.811965459015089,-0.8143506787811666,-1.1273964072015261,5.162908624937526
7.180893216047833,-1.1902573057942396,0.3905716278540442,2.8133044143065797,1.0417268720023931
7.587309343598503,-0.2839234518352207,-0.41173257086452514,2.7764534005216976,0.05916685048160234
-2.53458400112506,-1.1688335118850732,1.7971997718318262,1.193110705544879,-1.0159711468617558
2.266402917387671,1.5279836878830162,0.8343325640287662,-1.077788998164903,0.7946201956759955
1.3022883486844372,-3.9595492024140513,2.5348444080392745,-1.1505348171552545,0.11778770830406908
3.2458578248924743,-0.34939970694851974,0.5172454501717688,2.7106307592463583,0.04020918537430247
0.209802702387544,-0.9214252602780924,0.16627393813634686,-0.8195210727110768,-0.12505779095063388
5.285609474274604,-0.2699287516186945,-1.252299406490373,2.7996779610215854,-3.394932162614727
5.206748879592728,0.3220459413380691,-0.24503209171411713,-0.1737233350136893,0.34176688487198886
1.2926583592967846,-0.751607270808284,-0.06554553291179392,2.526782668397432,-1.5536268286291006
5.828229252190582,-0.7646537892852965,-0.22671133403610028,0.8845125752558135,-0.5679927303808
-0.2716836825829136,-2.1707247147407283,-1.1505054660837974,-0.9867719373604458,-0.044596820386089045
3.085287417328998,-0.7081722484577723,0.37141486788860695,-2.4726363498263075,-2.496799161025382
4.566877689578545,1.4605879586591228,0.02459433349318186,-0.4499690274230021,0.20298151320772895
0.670938043116099,-0.324592652430852,-0.18693053699831294,1.350539936406214,-0.021796175591002626
3.087397747879672,1.8946293424847087,0.6253814472396556,-1.5502218551908062,-1.2995757598499984
1.5066484549212553,0.4872063590566042,-0.676462891265023,0.003802757823573802,-0.8328014054487277
-0.5314700163007149,-0.4515588303429124,-0.6679761246988335,-1.4111338361703847,0.4867493531132497
5.5588612387297704,0.15038158427054144,0.34502683519004507,3.1424104156812285,1.1366027760182327
4.20690599524772,3.45883958052665,2.0764135999645266,0.5430745224442974,4.073024329892854
1.7700564487663113,-2.5992710726027783,0.4825729689470265,-1.711244223259431,0.5009182778825854
-0.7048950679115349,-1.0037427439110793,-0.23093225192659625,-0.7087771711563718,-0.17679518249466053
2.632311910693021,1.6093288257814524,-1.3041797625822236,3.336433994587861,-0.7672485599377857
2.9680565620290005,2.098695847786896,0.45221945599154245,0.3162895894190732,2.057799690486311
0.0723436984360296,-3.8771483295710234,1.8527654636676851,-1.0456968576783205,-0.22645039479603177
3.4054106165681217,-1.0827787203550756,-1.2707685638397939,2.310242372294367,-2.8087117103510466
2.917349199811922,-2.1051614041852993,2.272185300550541,0.3655032326932369,2.292728547809537
4.52683534572272,1.4628755789472587,-0.6291033625275074,-0.5777423028201565,-5.417739309583106
0.24013641382790446,-2.5510525609097354,0.2938657848779509,-0.6495597547046223,-1.7206939812702249
-1.5806725829754555,-0.5829012521299951,-2.964386392272301,0.6884515780466325,0.4760551716368029
2.9392219448674477,-1.1044741108442753,0.42625674939030905,0.7845482445602111,0.8275855498542147
7.262231426809183,-0.8944984141321441,0.14193698324147924,1.44255571767704,-2.278949033860757
1.470684185118492,1.387467973789767,0.15059069638228154,-0.12180863156731095,0.06165331929655795
-0.1394751335626373,-0.9318566074936939,-1.2972408127588173,-0.46686173758532323,0.3767767839991797
-0.39026311197472324,-0.2682040032996273,-2.7711739727510234,-1.070807609688493,0.6326299240518425
4.671402716692937,0.14784663791583483,0.4618318895715006,1.0687434011287582,2.6167898896075523
3.7160179379444704,1.13329869768014,-2.7078070200994198,-2.133072313895773,-0.18694918807418445
-1.6132036555846814,-0.3197454844284188,-1.0166448019920873,0.22829595930826033,0.3255659936289028
0.31222629168888333,-0.4845953987529409,0.2042975309563167,-0.5499138380197051,0.6157457804568166
1.829826505198,4.893288945936835,-1.6555443772886715,1.4939052146521288,2.2447879725543634
2.7613893447812483,2.0852307051307264,0.06733865005473792,-2.446224867600392,-3.420551832145924
-3.3333864329443617,1.933403258179968,1.0518768508932965,0.12120709294482859,0.10783051673206699
-3.385249494373891,0.06655324240067087,0.4167446453898447,-0.284619856697309,0.33108901178838906
-0.7049627903287596,0.45000368611604913,-3.781337027703081,-0.6897457597124445,0.7344905108172296
-1.5177262061615537,-0.6865392510788235,-1.2152313973490323,-0.7469131692746814,0.46252158351520595
3.4797365427827103,2.00988062786266,0.04364265863835845,-1.2295729178221388,-2.590689655668399
3.7718213236327833,3.2660048495822944,0.9339258647177038,-3.582669709787834,-5.68890169719153
-0.29310940749289116,-0.760697456424564,-1.3229513474019055,0.47622196276373624,0.37881847670162294
4.138838517612433,-0.624306087209792,-1.7054757861139747,-2.468927294447119,-0.0777044731876589
-0.31834690117427716,-4.179223751768458,4.101662890092316,-1.1545899892366729,-0.978341724606869
5.534454380762012,0.00843420285382083,0.7369364373750797,1.5009599935629518,2.301079178707847
-1.5887706253098934,-1.6629399324672016,1.9270077067233828,0.7811224931194242,-0.5905376694286142
-2.3921522008706626,-0.6484658236515604,-2.4713195300285324,0.6178269011980135,-0.10655237851503639
3.314053548650884,1.7122863558861448,1.0795924017671596,-0.9910188488650391,-0.6112455220360685
0.8299489942380177,-3.2218118317650846,-0.04495498839940435,-0.8124764298141793,0.682788103830864
0.5371881286956913,-0.6201431446103003,-0.33408630365730485,-0.8372099064595327,0.28847925676514236
3.250852001589401,0.05831015911205666,1.2138637429520416,-0.043763885141809865,-0.6014137123561248
1.4732962421740792,-1.33473981564617,-1.6067538318122294,-2.0723845907833174,1.0818081897620064
4.9971428297795155,-0.508499886585779,0.20030395593749414,1.4122009701140545,-0.681457675594986
-0.046927979277537064,-3.2553847582323194,-0.7123656361268568,-0.21408723921498757,0.7949214526144085
2.1829051079134207,0.6016756115851302,1.0414619785846877,0.33651549533828234,1.954786292535324
0.5667068367064102,-1.8346994929352773,-0.8031914729377588,-1.7292360229130967,1.0272827696920783
5.586198021857859,2.223119701861243,-0.15211377138634502,-1.0304833152672077,-4.079431546942086
2.823860743893353,1.9675111332432929,0.024493016204327495,-0.4788359982702506,2.310060337969624
4.235467495286893,0.9330035254710092,1.008131247091856,1.3287697977653803,2.8648556038796285
3.0443594867615413,-0.9147402301929961,1.5259261131715631,0.03989729847261765,0.9102145097145604
-1.2976232872916995,-2.3715459576832014,-0.8136194626861156,-0.4896069179425036,-0.5185909466141146
-2.704131917467967,0.8973623593412602,-0.20061167519263015,0.7342414362724273,0.025806212952922
1.0878390660941553,0.7775385551087622,-1.3080067672310354,-0.40841166812809737,1.12438246128362
3.083700919154084,2.47526066957059,-1.9728460841919069,-1.7044331736933924,1.9188129871230837
2.661350884279281,2.735599029108328,-0.9493589476193224,-0.6106024713327871,-2.715134652950225
-1.1145975632801255,-0.5027157457070123,1.5795480208738724,0.2844225669898756,-0.3082580695927126
-0.8416613783295921,-0.1281340700578204,-2.014878045007454,-0.4848061717929429,0.5190625571081818
-0.04545395045720095,-1.3938488420572135,0.3221847709052826,-1.261276937113176,0.976396294680627
-2.760103319010062,1.8498005392048051,0.49731879132472706,0.35618961371263924,0.24046954642281954
-0.8189805315002514,0.4731528069623423,-3.6664900220193344,-1.3425099463685417,0.4511794011830674
2.9207572305593024,0.10077691635067368,1.0573691338540085,1.3477297946711546,2.2349952434766274
-3.925697917605003,0.34893965478807903,1.0417491173052804,-0.40725691085096666,0.32885313101034486
1.4041854786873176,-0.9273870967178501,1.2385671561871332,-0.7774252337057951,0.8831483252566006
2.713914192644706,0.33181587532958656,-1.9706889348615284,2.826292349712566,-1.10678628380815
2.402330732540693,-0.29292615265906935,0.38286489782619254,1.9154390780710167,-4.03762133957255
3.7830637986735693,0.5754292195982029,-0.5636390977126449,0.6070637652396711,1.7247904887473582
0.576463652107941,-0.5870166855712727,0.5692404693685831,-1.0549914271573348,0.6784290384787679
-0.20541797688783148,-2.0152566333722195,0.5838347053575982,-0.5708373125198057,0.5076316226336435
-1.7057012000552223,-1.8126573747296713,-4.492874855949493,0.06907233606432808,0.3473409354330525
-0.8107600265534398,0.11660601385969184,-1.9620516989217458,-0.8050452828573276,0.6282049455840992
-4.048475989206944,-1.435870334234547,-1.3443592981793997,-0.07525475433093656,-0.21672779717608795
-3.150187057901386,0.2889163793024832,0.9907423247382755,0.9027322561728093,-1.1298696760323865
4.27573446885552,-0.9836163281979267,0.730975662771946,-0.351097864248618,1.5454914653876968
-1.0950452082936293,-2.4665143195460293,-1.0798395078997094,-1.1756986828507276,-0.15590998196505806
6.816925958555788,0.32684451491587574,-1.48899408001133,1.2149060210885203,1.8851996244655331
3.7948481592867385,-0.5345578882528766,-1.499858288736797,-0.6790305909249812,2.877000208994674
0.7858835501075764,-0.9019695230630294,0.5731068004008595,0.8436004617242877,1.0724384125141697
-2.6075734876115115,-1.5182466855204324,1.1527947757620278,2.3608605652325005,-0.9999935787721181
1.5743554251128804,-0.32730579825993555,1.1189019481248883,0.33402022646744267,-0.19749011656927604
1.0313416165877618,-2.487868585323218,-0.5279243243878462,-0.8014449384904114,0.8068588882835278
7.810132735978351,2.1621663146984766,-0.0902413391326033,-0.15413315579897488,-2.7117946428737234
6.378005414254586,0.5134093695941031,0.9008587183927723,1.6284216632287505,1.456144641464886
4.861923376613026,-0.6753595331015092,-0.369194276665054,2.580626812465592,0.6295814416520321
6.07003354103337,0.7465651360954341,-0.13764260972185235,2.1657209296134017,1.982731056037059
-0.6892837110106691,-2.2656446664879755,1.4284598381117448,-1.0101614263918026,0.3258828333070421
1.7578553329185937,1.3079059699002744,0.7996916955227384,0.07833143536537591,0.20523836553282546
0.6442910055926067,-0.9281384752005383,-0.14918869715920885,-0.16582677504025356,-0.6825360735097837
-1.8473930866043444,0.655007658948574,1.721841082779751,0.08502621014447352,0.1871378358769725
0.12083649608797924,-1.6592327836061387,1.1056014747386924,1.654159365760095,-0.43221587905575853
4.718551192142284,0.9227449233759686,-0.6833433828352599,1.7982149499551476,-0.699115721016193
-1.7703750212886693,1.3472125040545062,-0.09202356885457993,-1.2397518425585279,0.982430847016435
-1.3860365736103533,-0.7372541996882311,-2.6463524399812717,-1.2013928187333358,0.6846822319428167
-0.16648161899044167,-2.3854304079876454,0.09099099753858109,-1.6542755496318649,0.23038255551242243
0.4071883614781668,-2.453165170429196,0.8061393964023916,-0.46810231927350854,-0.25598790939640587
0.025034037796924095,0.3913308893517136,1.7767249263194729,-0.8811232938450589,-1.0853849236780968
0.7713125507191745,-0.6019161086217703,-0.41536030834091325,-1.0467315911364548,1.4069256934778784
2.1783061076969497,-1.073247986796575,0.19566704418234632,-1.7600077715994955,0.04142200817289972
5.731356902284467,-2.485714988384978,-1.4691058084339452,2.9556409568045203,-0.9430974300936532
3.5370001840588143,0.8931683422784228,-0.04633997286534116,0.017699248800383142,0.1531661734933127
-0.42923285970450487,-0.013245018563678684,-2.8461009395371355,-0.6148375049486552,0.4983399900154648
-2.614488935955356,0.5229689391124139,0.4690839558920076,-1.0461534480803296,0.954549885355645
-3.0463590481028766,0.050691313647908555,1.244323967415733,1.8744539282204387,-0.8351842480586541
0.9968324893916493,-0.2433100229674639,0.25439321000438053,-0.9298370230406785,0.569539604484837
0.9152240702603978,-3.255660215161285,0.01690770701999345,-0.5449714400078705,0.5663024335108187
-2.7705213865235234,0.785027813247934,0.5287835879675499,-0.9938749466260138,0.5735426778976935
0.3440754036785163,-0.039104371525619394,-0.5507148644234872,-1.064807599755779,0.5765004195560572
4.8342704867065285,1.0163016077412739,0.3269126773440983,0.07330070017364951,-0.8387085539395039
4.342541331294442,0.20683277798555952,-1.2412575146797222,-1.9166007446936437,0.09921912184477684
5.0472201040090585,2.6701121723622547,0.322140100723254,-1.8967005793532854,-2.9502142093188946
4.3676735076305295,-0.22833158590418143,1.4978366498414812,1.4234608547327101,-0.3031495648112097
3.4704098992548063,-0.09562193107725098,0.13930227932282555,-0.5086886786070238,0.2095856662123723
0.8974524504870363,1.3166842263381617,-1.3043528910830728,-1.8822501534349214,-0.7462897988972915
2.350899971594398,0.3186593475027581,0.4963064878372693,-0.4556861767272889,1.123617378802738
3.8719658209777577,-0.27863376760717296,-0.8302013368603891,-0.9225516271384842,3.762185177012586
4.0559063859882345,-2.6383974378302306,-0.4662422961870903,0.3378729569493356,-1.5720629171591751
2.1930788080352346,-1.1275402397692131,-1.6308501341368566,-0.9188294026588183,2.825230702182423
5.118886992578499,0.6043953556662082,0.569919106104698,-0.055783850365348074,-0.138867345358874
0.27958428803019225,-1.9257369195227658,-1.621931376888676,-1.0593524902079452,1.1177063039428878
-0.2422212254480133,0.5152995442092868,1.90319055996686,0.8290308709941726,-0.46801772277567794
2.631101514382088,-0.9673731076939731,0.5745412666637891,-1.0078719859702931,0.6753820895179109
1.1593340316599159,-2.781249948487566,0.14814442819238374,-1.440695985767594,0.4522431040605196
0.7030710368772999,-0.04355047333109494,-0.021325404689999414,-1.4558771652925093,0.19686257620891479
5.637122951024013,0.9602373153495091,-0.31814645483097515,0.36837282684217965,1.1925768018204599
2.6479286257606907,-0.6716523367193669,-0.13693323904126817,-2.2601845845950814,-0.09270813077188896
4.645480222498589,0.11454862061504759,-0.029711428191457577,-1.115952043932912,0.26080513601217503
-1.4171690768906429,-2.4111334720155693,-2.547372859411893,-0.7014333024929758,0.07601091320823043
-1.9219665545869267,0.9944090467732322,1.4015593706970515,-1.9157463711497804,0.8814712664116887
1.1686933313963943,-0.4292011562667785,0.21054767144011224,-1.2442496743927625,-0.46739303217088835
0.9888587907656984,0.14835181738722272,-0.27521613831686365,-0.9607352952660339,1.5912421702406307
1.7451645772847997,-1.3318637629055712,-0.9426188965869745,0.418537094189891,-0.7378093961586067
8.282255649234216,2.1085290734407005,0.5936744331083397,-0.9824020586752523,-1.4617196014897795
1.2442573920631372,-1.8526239807828044,0.5302791633718221,0.34703428797356717,0.4283506862149149
1.4139874454164372,2.234505436761005,-0.6429904834703188,0.2841877711405415,-0.9590424079294293
-0.6883398705794893,-2.520381862842304,-0.16738741310141936,0.15850851424260579,-0.2022508109925583
-2.7319527729820394,0.6173815258464964,0.3423182092215388,-0.9399730914475399,0.6538394011002818
2.2523175910306876,-0.7938051559881313,0.06403326982931354,-1.593134102745472,0.24665455976332568
2.504997078442753,-1.20320469068931,0.9281674554102686,-1.6614312248793244,-1.316508055087359
3.0394017834569613,-0.9780852478592836,0.37001665213227436,0.682526449534868,1.082618644214472
-1.3831791553519808,-0.746886745408887,-2.1472472378042755,0.5064035482710333,-0.5758765916816361
0.5121039935122763,0.06319643190699624,1.3676246981253037,-0.11710024316208677,0.4618560932293454
-0.21744015537851583,-2.803478876702999,-1.4450170148838382,0.27859405894479966,-0.6044880550860269
5.16249570016027,0.12357763612930565,0.1569333515772738,0.1330370744434425,0.9989722130975812
0.37697539269940167,1.3578040257100428,-0.7354529084577095,2.4431967653949527,-0.9214681023974103
-1.1406511661500887,-0.03845794618779937,-3.35400389285226,-1.1492403505128799,0.033443020484221986
4.140239742750766,0.5947119244685474,-1.0239724696222425,-0.1353578436281979,-1.9558465611680935
0.9061673752653148,-0.40739304236242074,-0.8349099777824308,-0.21717053658774904,-0.9812480236426028
2.8454257637077034,0.8100642230927589,0.9628606298873871,0.9236448889364995,2.129090948027004
2.8407335901850206,-0.7901953104358498,0.25645913943949594,-1.0838256401382587,0.44284201895403424
-0.1692807543722889,-0.8779684787830468,1.2962611465226488,-0.0030087339324289517,-0.7581773941845525
4.410516007448835,-0.6535809141443661,-0.8250270043281354,0.6668269275318384,0.9369365891606667
6.005529267932126,0.08789417999197886,-0.7622593034204767,1.2866717539215546,1.1598610779592955
1.130363936316549,0.4056571739147544,1.475771128391644,0.2910748055655943,1.1382077769928127
0.36980740328284994,0.6734963140734445,-1.436606853769263,-1.249896913224861,1.425151823642572
2.4248873801783093,0.7470462066241849,1.3216864350051678,0.9482508611708447,-0.07302255756213674
-0.6394575190469237,-5.2749149706298795,4.54060783974272,-0.9641313580477258,-0.5993807054448054
1.6222504560004678,-1.1774902902102404,2.2442641940268966,0.03584901596501773,-1.1373404959951585
0.5235017050500984,-0.4406367245033148,-1.6818546035991737,-0.9625323370423641,1.121499034782962
0.8142405079795954,0.9366028777875578,-0.7846993776222058,-1.6078476584744341,-0.4304301873570755
4.336802339211634,-0.02667308408371159,1.1003316900791897,0.5809238016124311,0.3342089360174459
2.0780930529130104,-1.64883391734843,0.3121210811134653,1.1729204925970007,-0.9570551566867764
6.097286012054814,-0.2888134733626431,-0.7639970333799225,0.760735307637746,1.1514378563676244
-0.7279218670279405,-1.0440609902758953,-0.1294598613728004,-0.7091730032429892,0.4333364664130235
1.9720566804632462,-0.4318838015146027,-0.29739748103448627,-0.010524719152045177,0.20552999620834725
1.1436491134800173,0.578741988564585,-0.6417290816168508,-1.2624485936743712,1.0578658571648305
-3.1234409990027676,1.6826070148373538,1.0963465807079371,-1.7609809919129655,0.13101034145990292
5.364217992258968,-0.6430030805981654,-0.6365894016897993,-0.0012666989264564857,0.582625649057378
4.204290440127376,0.5430080656035814,1.9006875993511896,2.0049184874293036,0.782239695294149
5.161667695603588,1.3319029446072366,0.847811261542752,0.8178430165382667,1.4388446398082473
8.021126593096572,0.0092298568777969,0.036607663533524695,3.143109073016465,3.7137491593552827
-0.06701645360025697,-0.17956182533764647,-1.4124275434730817,0.2253086742514442,0.11883739706912289
0.3499822652681059,-0.888829757137825,-0.6813872496169149,0.09632049827698713,-0.9014056690435842
2.4173817711881744,0.5300133646355774,0.9140777655760822,-1.0534169667072533,0.8971300311942536
6.881166385676414,-0.0021403692284923427,0.568855497892159,1.544563740936452,0.003700278363278037
1.6198319517596422,-0.22466416620002305,0.7698484972323163,-1.7679575000842922,-0.31490682548807764
5.951888689581316,-0.656907045925968,-0.5009723274572809,2.1471149714880644,2.0065822250703684
3.1196608698242336,-0.7862325205746702,0.46316366062348524,-0.5507717951792138,0.7485099776407258
7.0293360541412575,0.8809452428202584,-1.279115329219956,-0.32934942656566957,-0.6446060086547178
-1.9886948951683237,-1.4559443066176372,1.5335386296945832,0.5452945637267146,-0.4245831598341204
2.4407257601933874,0.4278541009318853,-3.874385086731157,-0.07058620238415926,-1.9851931997899412
3.1283447235907005,-1.7077047887588648,0.21848350054580265,0.0029517296586592384,1.578848630858604
6.512176041636653,-0.3192704961298688,-0.03547875345920996,2.167155837641173,0.929294788110866
3.6629904402127473,0.34985090843542255,0.08144081982155094,0.23381360361066414,0.10910504293922002
1.3288977411910932,-0.2431332608390405,-0.14208358113037792,-1.4167986917541862,-0.45566523373556506
3.743195400063769,0.7958375387290901,2.2538301376698504,0.18309213724504678,3.460737787274349
-2.6615762563044183,1.0122475052525102,0.842940181749997,-0.985573804929144,0.5979283123802549
6.048525201782262,0.40444188355273475,0.6158786662870895,0.6526330635287011,0.8106879120884454
-2.323095862863846,-1.074392089860023,-0.41135994708364515,0.0009436017399318331,0.2461552347901489
4.32591595727912,1.2084497976605288,0.972584419407486,1.1187813856169657,-0.46534969079609295
0.0015375138395483869,-0.7562970138645155,-1.0638114909941456,2.3534567812438936,-0.29383159539473414
5.282694919642052,0.8122932148123871,0.7558874821470546,2.1604781667388653,2.0197965677673504
3.0546392586978306,2.4183725931645363,1.019379901294159,-0.40057804111517586,-0.8891144584726157
3.067414549105317,-0.06570101930977827,-0.2049811901186858,-0.3221366032751969,0.2841062353830374
1.0405736158792271,2.6447980369200432,-0.6557993676644585,1.8869943063344163,1.5891472441276466
1.6445973727249785,1.6761479105630483,-0.527730920492794,-0.20579505465685952,1.5445445861522753
3.38437457857109,2.270738235831893,0.33209859548281084,-1.6558646525859833,-4.361795853721913
2.213591101536441,1.9932023728753498,0.5578745241946053,-2.4016678337422954,-2.4612394959932127
-0.19093940679985127,-1.7571707722012098,0.3674822470336062,-0.07605316103353522,0.07427536158091608
-1.787295842459873,0.6578872192553615,0.8256819982001921,-0.5190248776663596,0.20044854706025986
2.3642517383308657,0.5624959132162166,0.834135424325332,-3.238773111591251,-0.5916819108345089
3.300459698786953,0.21257149181241683,0.1272443282519149,-0.25751134927802344,2.4551928393457705
1.6846301237988173,-1.0465126115018426,-0.4825787066592926,-1.6296996722990706,-3.1332105439165643
5.704919251821951,1.87980651900014,0.9829623405378708,1.7932636438271086,2.168075024779008
-2.342599311582057,1.05775621007877,0.6390061846697738,-1.0320852070418896,1.2666954751748678
1.9372513666627669,0.14471882482495194,1.2917517569904118,-0.4602110720800888,0.13074622255595592
0.8415876367022699,-0.052671213400561655,-0.4236231391821629,-1.4908887757498444,0.8972794269492566
5.329166862473588,3.671074814770372,1.8000531659466121,-3.4827586717848256,-7.010592722154885
5.259448673560212,0.3281074157404591,0.027797977743920354,0.38660564095559596,-0.0777603501589122
-2.3700887785114486,0.6626224034066819,1.139757627915365,-1.0440369613668918,0.574974797476271
1.1646914683931617,-0.4416661688730721,0.8653894445091455,0.32934308152041875,1.1568136958539599
0.12898052987976932,0.5821566840739696,-1.3365695166146165,-1.4482963163122562,1.262706602285456
-0.24684449567571126,-1.521833823357188,-1.3934915856255163,-1.067631257268662,0.5027147415485081
3.606924681063792,1.4453603150239331,0.5493241573783502,-1.435721978328219,-2.1792486397556825
-1.3944752810743524,-3.771437594804537,-1.1698762881138625,0.8232962357992945,-0.37696498017265784
4.902412726067402,-1.11867537460209,-0.05023400732721469,-0.8026616782093913,-0.3938211607294204
-0.9432343627390715,-0.8256046217182837,-0.9347326524648119,0.15480573353481258,-0.19591409091207024
1.247444962795879,-2.5523339156859457,-0.03640160680463679,-1.1989555568108052,1.1085358683683169
0.5483746375604329,-1.4438274392747297,-1.8116206389406402,0.09297728179081464,1.1232063487916215
3.2871773995781433,2.1127704726256247,-1.5734156117900437,-3.1272037546048925,-2.23324115401843
1.0282799035482812,-1.4416565876505731,0.38138261103624455,-0.14909288919972438,0.4904225980119807
0.6112785965782854,-0.7612661239469658,-0.8347338774200017,-1.101849143209977,0.31404064632528855
0.3232949216455031,-0.2566556210286195,1.797946754451124,0.22857175927086607,-0.3880707009720582
4.3555523165374055,-2.0049557404220497,-0.7325861104153755,0.7810277175554501,-1.9706210709323857
2.946595299382456,1.6587431207989118,1.4722507680850263,-0.54569552312006,0.6400742173194963
4.759974558977086,1.6178229678140341,-0.1648333208925905,1.9606296005888588,1.3017361904260416
2.732720185357241,0.29824068847942525,-2.2311654029367487,-1.193439201104617,0.8583584487795836
7.537849742886988,1.39127501651268,1.8000494944969436,0.9974661728224614,5.199156194740671
5.775866925755663,-0.23015819877014823,-0.7362775201961991,1.8976184494318837,1.4795388105329386
1.8823504633316954,-1.1661369592052873,-0.09648022930163032,1.7623274309209431,0.030324208258544625
0.9258906743856937,0.4027299389486573,-1.2030877883490982,-1.585541209218936,0.2936546136641175
2.646297915042821,4.004416579639849,-2.0031155825175366,2.0865878798823325,2.5517837840771547
4.397045682645212,1.2913906554421513,-0.006311686132721894,-1.6999527738269005,-4.260475275098812
-0.4354436232022047,0.5806364264638348,-2.019302881969825,-1.8159525691155338,-0.18779986091288778
6.246952869065601,0.15413134683684687,-0.58535685861538,0.9630270663599516,0.5756466238342174
0.12000390787545373,0.6461618882891363,-0.8723948360209701,2.9885939255988956,-1.6279561284011796
0.016936261448856117,-0.7600122742964265,-0.055541176632852574,-1.1834195858708443,0.16099335290558633
5.00122412873587,0.09198331702612728,-0.5734043324506315,-0.5186799374415417,-0.10110754370097381
-2.0382641997588413,0.15796366003822734,1.7848667470510848,-0.02960056986715149,-0.030239634592046455
-3.0150524762627757,1.8586616677391787,0.5625634266995305,0.5875520270287813,-0.24505180278544483
1.6203345607737543,-0.8563290847049604,1.198280737627431,0.4751255574693426,0.7514280400880851
4.566556195749743,3.234764255174572,3.074742241162926,0.9226617699028178,4.125902538624642
0.18329317571970546,-2.848153459983388,2.510659297951183,-0.49464800127169806,-0.08123249994174957
0.42408717468080964,-0.7810770745675367,-0.316083773205718,-0.8008261075848794,0.14950299986730867
1.5043582302360246,15.446708637244786,-10.002674344658699,3.6094059059642336,0.5335029477673069
-2.625975887295226,1.1121164392088119,1.2398273994239584,-0.2827011060660416,0.1793651608681065
3.60738816240463,3.9104989116897007,-1.1243169443000103,0.6920325978693733,-1.3052364088602797
-0.6748576115147353,-0.20496755538258535,1.7773954985369285,0.022217090421403927,-0.5420072201864788
3.206529710720651,0.484909994196371,0.14306617145048212,0.5853624366217666,-3.1683049955365634
1.1649568081775692,0.1102742230762412,0.06004733491793873,-1.0586800921908883,0.14472723481791566
-0.6263395454463241,-1.3112816703643233,-0.555770355435927,-0.023467905819992318,-0.17429623071127867
-4.023996901352714,0.39416993112311594,0.22721711371674816,-0.1559610142125291,0.24942063920798843
0.7779505958620687,-3.157417263656811,0.3083551013971212,-1.2743695261418242,0.13534388493834446
7.865077575200734,3.4060345387432482,0.7226051467150549,-1.9522864487630722,-0.4517396454504902
2.0414941694610755,-1.2364778983106974,-0.2524681367484019,1.180563121121888,-3.0519496140707054
3.8085215888665935,-1.1279439307170658,-1.8052230724200262,-0.6234423620121793,1.895084782453665
0.14004591063841457,0.5406740040421274,-0.15408709656709738,-0.5510450502962215,0.950175348753428
0.3413927743106705,-1.1226280694889998,0.619501979044733,-1.1102801297816784,-0.42326359224075505
2.0915894252577876,1.1336700775084168,-2.477072699966277,-0.9493302010548975,1.2522757676704663
0.7327259558881919,-1.2818733668990423,-3.349825092415127,-0.41912611140564476,-0.5351896357628331
5.8906928790989435,-0.6228530163952422,-2.227786192591991,2.147971552230157,-2.1179645412735537
0.010427908669213285,-1.103682141983514,-1.349306765836291,-1.4894334240696707,0.6603703389488965
-2.8815765885351556,0.15016208622407212,1.1675690379765926,0.7760772584879195,-1.0421348268274337
3.3978044181676745,-1.3475955897182108,-0.6709791459840696,2.4338869968055934,1.5741880814660878
0.9776350185566433,-2.514285623447685,0.08172776424553824,-2.121956311500287,0.38291294922067354
2.5134994662791192,0.1573914092232274,-0.9100340511302267,3.430721993680379,-1.8868999226625827
5.026304731697528,-0.4579082724283702,-1.0906647382839543,0.787554203822198,1.2146204541304377
-0.21519876619184936,-0.7387569676977622,-1.7162530037861978,-0.17031624634857173,-0.301570042393247
6.261409415619019,0.691182631284329,-0.37003396622159845,-1.1144856320205443,-1.838302840957621
2.8196475819234847,1.4662512691997733,0.5212671969710924,1.2408623478920642,2.0605720666886818
1.8662351308645995,-1.5700600001726968,-0.8837492621090924,-1.481066506216934,2.127968495663031
-0.2708726495788222,-1.0482922537774466,-1.0786690717978837,-1.106278136817142,-0.3030831722407737
-0.8499819642200266,-0.9323914436691336,1.1328182752415497,1.2857649811368252,-0.5215285223229453
5.909652381151715,-0.3330057392879273,0.2576866597488078,2.6716654429769706,2.3034369382443525
-0.4127772422976096,-1.7341334864159332,-0.774843568660377,0.41249219142147814,-0.8846482471855867
-0.9910354576477592,-1.6780242809190842,-1.3035437669166483,1.2829589445654765,-0.7250739422419751
0.09587763623113868,-1.099484474510354,-2.5459219630976393,-2.3926605401902865,-0.1982607346276832
1.4682208144460602,-1.5062979120372655,0.5092193050921563,-0.8021065365050047,0.7551061342736052
3.2525480540737197,-0.5930450692159241,-0.0796469358383247,0.6479047430959789,0.21058922278758574
-1.5452369265024983,1.0291068336317675,0.8155952021328233,-1.8172918422726292,0.8515434716041483
4.346199540668417,1.5443973521779173,-0.757154686641612,3.219574691372218,1.5987518987070175
-0.0664026754456159,-1.3882092585849752,-0.01446759334427831,0.32317876376134747,-0.736892547643066
4.710762120283996,-0.799174148936928,0.05421999322300838,2.4930983484680858,0.12584437542040006
3.5197192771660246,-0.6819792285337485,0.41922199616996686,0.44692199588806497,2.1945290628231624
0.047135114187692735,0.2374508067943733,1.5917024351805518,0.13533671060759514,-0.42864912572261
1.8902343368425734,-0.44119316876858183,-3.200715555227973,1.6538995901835285,-0.03586282427032715
1.721376211623275,0.26382485440182973,1.8020266276670451,0.9554466121782325,-0.4474880117298058
0.6348701442148057,-2.682798618865437,1.0882825128996898,-2.8565716211500316,-0.7052214838372806
-1.045957279021548,0.703148273524933,1.3017795467699633,1.2170197374779779,-0.43633002457835757
-2.293147961789284,1.1948599059021336,0.9751615342415285,-1.9870264357353695,0.2121443183045279
1.53387414402559,-0.6897232187565469,-0.7066442130548063,0.5820955219903635,0.44533732308996177
5.127457372495561,-0.11724382134331796,-0.3078367690995838,1.6198133478870815,-2.2945635643801525
-2.579170647355355,2.7369117193791808,0.39355327835989795,0.325183424355305,-0.312071949773147
5.575443906280862,0.7143844414240108,1.4250686113054836,0.91353635594461,-0.1859827184062842
1.5019346590306963,0.09753386844928717,0.7897204665110601,-0.12298920617227957,0.052785247196988384
0.7662140550183539,-1.7496750106867949,0.8375425060504187,1.4000552210596893,-0.9573581472439857
5.350889199841801,4.359057267158406,0.45704341115250074,-2.9836087521675854,-6.663857245322097
0.3877866165084319,0.8863460174143134,0.8208261431245025,0.24931087880381855,0.5154555197987303
1.5920602077831039,1.2888712813560936,-1.320383809144027,-0.694114586933025,0.6325029383114767
-0.7908513936589062,-1.5021381897876538,-1.196131041394076,-0.43372083061724337,-0.05556541593118745
1.7394191068200915,0.7858985112142565,1.8188113468037734,-0.6889189724266931,-0.02559091202656061
1.3103572567280712,-0.47166869062245054,-0.24986269290062052,-1.3731167279469874,1.0176331148311328
-2.1266059702065565,0.7125636420980125,1.117413385593345,-0.6372651258476656,-0.40563321362575944
1.8709652684810152,1.109520963840807,0.11334452243137783,0.6271159835719906,-0.703916092838618
4.978512153505776,0.4826913101626654,0.7557194101661049,-2.377393346402752,-2.255553038011988
2.6997793960363214,-0.5082818650747459,2.544623813610784,0.6406202378060268,0.15064587819337033
5.380597593458875,-1.4228014756488239,0.6669264505786672,-2.918041694777636,-5.445164260340909
4.624705819677875,-1.3205879345474634,-0.5238223017954149,1.5162892383222837,1.3634090141090163
5.268245426968337,-0.032779826249294576,0.4908773392666172,2.877491397751059,2.795888910180539
-2.9721277830051696,0.5941005285170583,1.624636226185015,0.6281679514097404,-0.3602588133029268
5.463497621291676,1.4897201491612568,1.1161775807042942,0.888084179340407,0.9849200622480578
0.20797370769507326,-2.8787267202774105,-1.7798010905246728,0.3000025209414684,-0.5399679619771717
3.0255566275122625,0.7053494576593623,-0.08796153190269712,0.5727713933305724,2.5170333369203175
-2.8659650389405122,1.0114068516856618,0.8296750602449154,-1.3678734107527328,0.6280218059215871
0.31730614186998535,-2.903428955406088,2.1638957772968306,-0.9328456016640189,-0.39561601853716044
-0.22077781873248076,-0.2809326988415426,-1.267696488053359,-1.5873335977219332,1.1766073668538535
3.4135674997675998,-0.4500575308423607,1.667025791687741,-0.05232333806926357,0.6035423782462395
0.3731131210643034,-1.0981681628877573,-1.228800220923898,-1.4384032620964817,0.620454259445436
2.7396993044629476,1.2237927616814974,-0.2762197810789819,1.929137555304986,1.2201218816108033
-1.9474314528006433,-1.5650649349963515,-1.9633927874779284,0.6707844811024859,-0.2871458135607908
3.9916206995815964,-0.4643053269985005,1.0070683294540599,2.7530576241328837,0.9743013186771715
4.058743975078864,1.3553404096464132,-0.41153836708548586,0.9720143287596438,-3.1153959271757246
0.22061221331830105,-0.30074020025211556,0.09594497134239902,0.13825632855861725,0.6014848756310162
6.6123406347557925,-0.14737656989146958,0.08503723819024073,1.1724508497134407,2.9327164251420847
-0.8955805669835292,1.161185279914322,0.6848232211707374,0.7488086397804617,-0.2941896648343801
-1.938946227093209,0.9179773966912957,0.8266281831178186,-0.7505131484727711,-0.13340329697040254
3.5107762907598117,-0.8942326282730568,-1.685542187318536,0.5230706864680167,-2.154928829733908
-2.3710597370200457,-1.3874204754090858,-2.9023605845996534,-0.10779068218144244,0.29520437792511844
2.2091668891211103,1.4955534120511775,0.15960420792987948,-1.7705162330843938,-2.0337573011735923
3.719604854009124,0.5010111848660964,0.48180927151564445,1.2312382580286947,-0.5552786831448203
0.5357068530722734,0.4184934246263841,-1.867511880116161,-2.1009462826405367,-0.3496327737386065
-0.9389596979003775,-0.530697924576607,0.4416552395362638,1.7858757179048546,-1.0130405070655664
3.1163854746613993,-0.2189368804533763,-1.7272852964757384,-1.6659523523463569,2.190110923114687
-0.8297722827559616,-1.77542268542424,-2.5712068549538483,0.31238798022072195,0.38078692811203824
0.05883814749672434,-0.030902901981972715,-0.6359242383340196,-0.8493694319016708,0.5083919156598912
-1.8643259923001683,1.248194278487885,0.6222238750737605,-1.1725356864445176,0.7619605055157351
2.4789523612598545,1.6599504114018446,-2.6151419248263417,-2.375620194956487,-3.2384749811300333
2.955785360169505,0.36249337717207386,0.5859778852109863,1.67278149166318,1.356982412978509
2.2997802104131253,-0.6874308285574201,3.5658893638964693,0.853889565979107,1.8508357009627714
-2.2960712681732023,0.528036103115708,1.1646781989324453,-0.006550123459081798,0.15054947352703196
1.161619260609129,-2.7916937564090905,-0.3605996412041769,0.5811062672056254,-1.376744301535912
-2.3074411053706174,0.056783199248929744,0.27733067592388677,0.09057482026361723,-0.718501609458358
5.649174516623198,1.0546934782836144,1.7622526517191845,-0.42236726945994685,0.39365646850119146
0.8418727712607837,-2.643045810262852,2.2169153795981167,-1.1509430816984605,0.452787158091529
-2.306058146642972,0.45217584676134415,0.32192501936348283,0.32317177365971694,0.34688805905833114
-2.6099516821469697,1.7884317070998006,0.19668118390249426,0.3617017226556933,0.015903895667661663
1.7886192335729456,-0.34025521959914756,1.2242940788729948,-1.023083422025829,-0.8300779141877186
-3.0544201036410663,0.8080675306801255,0.3919734319884302,-0.8273897775004566,0.3591698611345467
0.680215608177726,1.08777751565842,0.6939939318363136,-0.4921938840322411,-0.573191683659172
0.31254861768492415,-1.7526674920614276,0.5927166233139324,0.3214446446768027,-0.22813821821176763
1.6009878198805734,-0.6154291563233603,-0.21349913160796014,1.6233227221990123,0.6203199598125209
-1.3287785614023158,-1.8702186069803004,1.5580950702413592,1.3794017752767642,-0.6442915140708159
2.2304401869072072,1.571436412303457,2.2424215840721264,-1.0341793916234026,-1.3286353182089268
-0.7632247075619617,0.41379828745447583,1.7123179416958434,0.39656149861541007,-0.05501398992547414
4.2823284404622095,2.2601800185707774,0.8650515752300454,-1.3240492555215937,-4.259725296393002
-1.294158090029857,-1.72543449285373,-0.23039459836314277,1.890070517551956,-1.0250597302474405
-0.3189783497273579,-0.3781923676151686,1.4027814524086926,0.1587634108472419,-0.47681774759391177
9.400768809339056,0.6475943953556912,0.06793582462469414,1.1421631213497705,-1.013270177939875
-2.4286985017581375,-0.6580700141171975,-0.5288069533352762,-0.31045307226207397,0.46670097510333397
-0.9896187782572993,-0.29006115050612824,0.2759173263905288,2.040130823000572,-0.9211495358859101
-0.23519392796859742,-0.838629081417698,0.25196137483394737,-0.6047942757776854,0.7008954122324019
-0.9353395575593326,-1.0234835261477149,-2.2649004299388067,-0.031233333425107115,0.5085326122918526
1.7882306120236764,-0.8840807838495511,-1.0151265000043757,-0.8786870538400535,1.7329179888616002
1.7666766470225594,-2.3966669547458657,1.1780628966350484,-0.2345708927865574,0.2004908263821916
7.734832415638634,0.22579934705836008,-0.41584554078509717,0.6105704784626041,-2.547837394700212
2.2008728426495434,0.6291500924147444,1.0960329114133678,-0.5403202583212636,1.870278047296128
1.424464268823323,-0.8962862167911428,-0.6146877742874532,2.3381426068474807,-0.8760418497261794
3.4434854108505615,1.0826195996218497,0.93059745826117,-1.219894189088569,-1.333793716777829
3.9857097180502317,1.451392543914707,0.3511877138686892,-0.8480347925216402,-0.8461271000324662
-0.29522267404828356,-0.9673284941415708,-0.9419288433657036,-1.778584413349399,0.53956165562095
-2.7056081040238964,-1.5133214627785034,-0.03466870883397432,1.6198919269374552,-0.7862575187775964
1.0736307900365427,1.5419552063270634,1.1188885233398735,0.20175339465090403,-0.6348466366829478
-0.843001401198245,0.10385649677871178,-2.6265836493845236,-0.6553336685242882,0.694387035288719
0.6100801524403171,-1.864163929171152,0.04977631843985617,1.1024052922539669,-1.0214602981477017
3.1392556137367946,-0.14958484234325872,-0.2858856844111597,-0.6947001545394806,-2.05026712373187
-1.6194021195544372,1.5768622804020727,0.011324725037947776,-0.418028265804672,0.5468357893893001
5.373977594545035,0.17494158195256765,0.06376186413356831,0.010251619181291069,-1.6915738566186744
0.20579216730916303,-1.7824124249158124,-0.7581175710255302,-0.8208777714555439,0.45735925619221107
-3.069231001771999,1.1023233447220768,0.7996254078125464,-1.3103604224655698,-0.04062278915389536
-0.2822261220324554,-1.1062236179123461,-1.4395611198171634,0.8999344137163884,-0.12433253682027902
2.0844971869703195,-0.7048435920966293,-2.231780431261456,0.09737141751450729,-0.4127030960676968
1.162447844237576,-0.35122662213682326,-1.8165677631374264,-2.3999270349589783,1.4203222291169122
4.734455407631976,-0.1670258534011815,1.773092741745787,0.5815528092038623,1.417818727229073
-1.1193325237031695,-0.15200566725346024,0.33548870194629615,1.9879774356496063,-0.6807530034846349
4.664441571288575,-0.4360192578754245,0.32686116187158054,0.28705875851996127,0.12846183096357697
-0.05643659712830313,0.47876478250105675,0.16658179805686174,2.0517752739112196,-0.7100300333222832
-1.03905971996499,-3.6914471060082508,-0.28207341904462063,0.7949109319535924,-0.6227687020863047
4.655079232274938,2.126781562500718,0.591847010257976,-1.158068145977633,-0.9575663803540048
-0.6683233669751998,0.1526291619851039,-1.9866512640721667,-1.0032233630780656,0.7257899838102544
-0.15595890456370368,-1.9257556496858288,2.210943606154401,-1.1286256467993214,0.7720286715024441
1.3266045233238828,-0.4608429902722163,0.3304125934890719,0.06223722637081179,0.19138505198049874
0.42183701365747855,-4.107327312297435,3.87490562935626,-1.0571194104609407,-0.22389474505919724
-1.6789291281223522,0.6303066529341007,1.1967071924147763,-1.5130972328324788,1.288656189441925
3.1061903647555242,-0.18286523544834907,0.051243251440712095,0.13940988691160672,1.4156160593372356
-2.3199936075694096,-1.6800854395377525,-0.03561215801764663,0.21763832971302813,-0.4694148489013242
2.784168889139524,1.3547113220178688,1.402624539079763,-0.8576113936080462,0.6078829404895433
1.4211666776658944,0.5277961345485576,-1.2107951765518754,-2.3579615367027285,-3.1303998899653385
5.536748213489948,1.4960548418083577,-0.551542687647066,-1.0662427170602897,-0.8984320098335231
-0.76453797291053,-1.0608443829964544,0.15956837558004433,-1.4493714392481114,0.7790402061734536
3.1100581364933424,0.9276280253376779,1.3112447654691268,0.3510815612112437,0.258718629232542
3.681184916826418,1.4250867332818113,0.38227960971774677,-1.0050122812383795,-0.2350597679441653
2.417681137781428,-0.09070907373259657,0.9179154346637458,0.24564870002152506,1.7496406743573687
0.2645433195402278,0.8787887864882596,1.3349478104588959,0.8438677319566159,0.8490671552983838
-0.2321892637598045,-4.485127022400144,1.6501492388820798,0.4224367968027965,-0.969146922620445
-1.2842436669608952,-0.15883492380744993,0.023368611469063594,0.77861067512077,-0.22313463094620914
-4.4358755389735185,1.5459595204122805,-0.01972572046288738,-0.15643604101841455,0.12430397014137622
-1.2584004346038766,-1.9626237833321043,3.25550162731709,0.2864257866376263,-0.6830728637102261
2.2931620444473433,0.4982091264247574,0.3756591588245068,0.32552352099455345,1.46991360583936
2.082403954485715,-0.9591868567938626,1.0283294502601428,-1.6033397780173335,-0.3057685053817104
-0.892805473858612,-3.4793466762238388,-1.3443858225323597,-0.43024327930563905,-0.831227607875847
0.9504398645009993,-2.4072772265970372,1.9189538239111568,-0.7708534802090087,0.382493183414742
4.137583835860452,0.44875843734685,-0.41035721694912436,-0.763009774757363,0.8819819789145179
2.439052764332835,-0.442476074754413,0.04962286000665112,2.5520891333097695,-0.7942299248100947
0.5009459255113701,0.6167929458897459,0.22665473312945947,1.5671120265994007,-0.21897692423797874
-2.2277752405968103,0.16899720045273486,-0.07534861664838037,-0.5405610141184511,0.2963743501060467
1.7510907811279632,-0.4725111451052365,0.3800958083922799,2.3353627019384327,0.7014584557230454
-0.22465327381602643,0.5420069090218339,-1.936230356862007,1.2484170603789682,-1.4949906799841342
0.39724957669342525,1.7204872181500948,1.7024638563448764,-0.08841874910306649,0.5483591797004178
-0.5882652049464624,-0.9035960253070108,-0.1364887926458731,1.591883766527513,-0.44726523193440776
1.7643971638171339,1.6555086830612165,-0.8493339537382153,0.6603145737055446,-2.2574329416814396
-0.586222152076533,1.2825422819179768,0.5559316976766321,0.9579171893236619,0.4509538677211536
1.2723527876394005,0.6488788910206262,-0.5839635955792115,-1.687554262242499,-0.5798599245762066
0.359742082098584,-0.04411385921054411,-1.3774734684292553,-1.2968198515289482,-1.1363068103798415
-1.8457577985265203,1.0579833434568755,0.9976396641890226,-1.990046140051554,0.5325582786870268
-1.856476544506459,-0.8459457141962424,-1.8348595508465766,0.9575665785810813,-1.1424377917724937
0.3751623136302288,-3.305122751607583,1.6493978934372409,-0.4758448157905061,-0.13196502876236685
-0.6604966595867241,-1.2071602493026818,0.3998673338748706,0.9742991415969233,-1.4336630927275262
4.815797884538672,-0.7209107256522806,1.2089427904576502,1.046534373908237,0.7204570681865936
4.45390483009037,1.3182019941128436,1.216277815936222,0.7196239337477942,1.4985313949000512
2.60452830342904,2.140674574509221,1.159208523903197,0.06463816299701373,1.7908709178274
1.975372482214327,-0.6978643056703573,-0.02131679779117227,-1.3077307129440405,0.8276391778441127
0.6609422673647687,-3.24297689277924,1.9711479104049758,-0.8033727173613339,-0.11029200396991487
3.0153459227565493,-1.7151079001186482,3.0012233501112995,-1.8779898789101754,1.679910163563365
1.0689646650741123,-0.12446087179793598,0.019922989331370634,-2.175116803882267,0.20455655585892163
2.1599417828931826,1.134768695426174,0.7455676241154015,-2.6625628090931475,-2.298196710876384
1.9917122081779,1.4078633196206625,1.9598774166754804,0.9580286645938608,1.583477416646786
3.761972899573261,3.2890769423870907,1.1095791863658557,-0.9810300305728676,-0.6628788252284582
5.009840221271927,0.7895579605915793,1.2020462897624593,-0.19972754496880218,-0.3381329383004404
2.319999226687982,1.8979309674622946,-3.428464091735463,-3.232291330221199,-3.2691304806804653
4.006032938985546,2.9016123756193384,0.3759019295181838,-1.0877650005616424,-3.3478274549153055
-0.6220454618207248,0.2865606019717671,0.5522648833105382,1.9581246069650067,-0.21695369779019016
0.49123178633256026,0.1883340601002042,0.966053949814384,0.12695085282788973,1.0600896192864906
4.060431537867501,-0.566228921710448,0.995142416296419,1.0761195358979228,0.8669670482927347
2.8208061209479594,-0.5874002787702517,2.3836246471078115,0.23888195500171813,1.1725358566663786
0.020828882503098608,-0.7054252476200995,0.39420845078697875,-1.921323407359482,0.7269345142789178
-1.2126153517411278,-0.6826457491939764,1.4972260082338,0.8661633310505497,-0.42474044878729666
0.2279433982352545,-0.5730792099987961,-0.9475960883597183,-2.6405013641857953,-0.3084667915188706
-0.8776781597153933,0.3614936298533317,-2.2321884388741062,2.1785544326129287,0.4094057806584333
0.07345811226865373,0.06720765054247081,1.516339443266602,-0.29840479000980946,-0.9639689568559411
-3.0360313376743675,1.679531883475275,0.4611049983645072,-0.5725019824841884,0.8494358158321144
3.4321773850212685,-0.40834684196872795,-0.7974322319057269,1.3201444798944661,0.5175555564621183
-0.013150535493037649,-0.9832718960524125,-2.7302747683874453,0.7882209858015206,-0.1911127702490526
0.35877458256948097,-0.31723311541746946,-2.705876192352256,-0.60803673417811,0.24731215501916878
0.3861204563780896,-5.188640394701863,5.491689240496639,-1.9024917482197192,-0.5928771999477076
3.2093183115923667,1.2983227783556852,1.135961632557601,0.9843903377731559,1.2093496973718343
3.9000181520320383,1.9476055294916368,0.7536272776843802,-3.1896383332709886,-5.003741239384022
5.198095621276562,-0.09466688477974806,-0.39988809216760146,1.9276232480457776,1.0979484729147029
4.50012912200814,-0.3684585937407389,1.3850572510060342,1.1120213950613484,-0.7208837519704251
1.827390602359374,-0.024661021031061242,-0.10418214141356787,1.3673416953940316,-2.1621188306312566
0.665493678853695,-1.3559449837456299,0.3175778871322274,-0.6088659960952567,-0.5935078321257823
1.7990543427121752,1.0533759378405911,-0.8436562237715592,0.4008118605830075,-0.3157518783035511
-0.536984991853712,-1.543889173897602,-0.3115957114043632,-0.910279953508348,0.03127144252900328
-0.3701654433863668,-3.3907541429004615,3.650062583371808,-0.10117051186215407,-0.9511625073678344
0.20134177766987787,-0.7897476070768942,0.9643787640184379,0.2927334549571712,0.2725545707083625
0.4351907486503298,1.3637635175014426,0.7498272099368902,0.47438650835490576,-0.6541081981056925
1.9866433017961642,0.5658960083132019,1.6972134370316099,0.5601935484058489,2.2082430151589016
6.762422580764071,0.5650205908645632,0.0655249468375664,-0.19308019103905918,-1.3482590382797712
3.4908827557234012,0.04517294302589583,1.97349941859173,0.521499451533657,0.8418170922800021
0.6420529081194398,-0.2275181328832698,1.1913787482336424,0.5420481311755206,0.2032204135903704
4.5261610067277145,1.204302920801619,1.313916201603672,1.3162680539367035,3.0562791771071187
1.5368466071338946,0.4502534881146029,1.9477457255209054,0.8269060014095568,0.2936930396788324
0.6136252297891214,-1.2310053701989188,0.7975605621691214,-1.4121046747676187,-0.28678948120491216
0.02409777139406173,-2.3376141271750903,0.5586627561934676,-0.6504472278101054,0.2502873657203483
5.407567842228578,-0.04349513702009469,0.36484105176961706,1.2298501634754473,1.2871984553513078
-1.1490214297124628,-1.5440970411789647,-0.11001641761045357,-0.6746888831137983,0.20742763604435668
-2.049692973917124,0.5862979331289493,0.5651001549349526,0.17369739965891637,0.1258895676917658
2.2743350727084914,1.04308887101798,1.0175679784499634,-1.9750457178387388,-1.099934620083845
5.454666409668346,1.2708570627711835,-0.18830540341751453,-0.4800986286241452,-1.8659906263730026
1.7079083282908896,2.7347812662124587,-0.9015540001974254,1.7929953277579755,1.4862686912878054
0.8096360408012532,-1.1054885183913217,0.6841673994510895,-0.8488546448562023,0.03965013161811751
1.5272325440561045,4.734753769227543,-0.5881947414381924,0.9068901824808743,-1.2761999251616658
5.994326207913467,0.7842769188522565,1.3138656194699172,1.2082358235839847,0.1283342411251127
0.007592816358052237,-0.34292630511819144,-1.4574140294929756,-1.828237722540353,0.1311916984218185
0.5185404280006447,-1.6663736834960032,-0.061160501097656694,-0.6779531527434578,1.374315462670915
-0.10770128885473047,1.0456188538794902,1.5430553639906126,0.13717538801292256,-0.7683942817807896
0.530728797434896,0.6753011317590096,-2.282845848589085,-2.449986733619153,0.17504474229522995
-2.4867387968129067,-0.4421080145852292,1.4919379361912997,1.2373046746324488,-1.0664958203740322
-1.2469805304799253,-1.2678753932378617,-2.109029015752063,1.487073576388108,-0.3788191367166755
-0.9954834239339486,0.5119563832582422,1.2166609140911386,0.5680694898222182,-0.004363936755353486
-0.5963130783011602,0.2015592745430014,0.33596567170776015,0.9141646530552971,-0.8969018095833375
0.0845368918671443,-2.9798166700622777,-0.25938393635865,-0.7957052184668031,0.23867188256360197
-0.421256235339436,-0.8923308303634607,0.5578431228649716,0.23027427248420976,-0.09484953890805646
2.5999079319892586,0.7969041119814884,-1.7234193859701399,-1.3810475659002475,3.7747005855372797
2.2685354559220574,0.021414238197501163,0.7348990222422737,0.7312298260055449,1.4176613126619466
0.4343717555735841,0.565307399174605,-1.4403289551989749,-2.4524483904004506,-0.43182282325173194
-0.036084716153337144,-0.0886165466157829,-1.0249452065254845,-1.290582170243185,0.6195741032606603
-0.47839606316189276,-2.204931271754939,-2.00446275927472,-0.8488960834504228,0.08574969559609877
-2.1751140806324156,-0.528363180760749,-1.2495325557723045,-0.34955781939095854,0.8997439926158476
0.9732518799204123,-0.011703112966104316,0.2900121065355403,3.181125669971999,0.06183992353651253
2.734040227472412,1.055929391204261,0.5512070898595008,-1.8215097400697688,-2.5359460416208894
2.502001754418459,-1.6128139151042293,0.9351887570469326,0.15062711238783663,-0.218664652447432
5.106070969280005,1.6212433833447932,0.5513499666456233,-1.0632415857284356,-1.8753656259652154
2.50977548084065,0.7034134411994835,0.8419476322248429,-1.0761984345901152,-0.060779090277520015
-0.4916966352446345,-0.37367740694379326,-1.7501653980871061,1.4092131684111469,0.14176855671324878
0.8454622820517765,0.3152964024945809,0.46436110484335524,0.7088114789282107,0.026805872819743278
-2.1280048554945474,0.2990155334061097,1.8158760605025368,-1.9001382126663333,0.5756759814698327
-0.9097236285728191,0.3674708033584642,-2.2330825005683996,-0.626834408181049,0.3593195284005295
3.637346175711684,-0.6986626176755261,-1.8352101541930312,-0.9969564168107492,1.8281640669662385
-0.2751504049412058,-0.6759430762388352,-1.2567176150541068,0.3048909655932152,-0.5536574412718656
0.01654028162586458,1.6958262415757492,1.664242556783646,-1.0555032272970717,-0.8257377616555586
1.934928486154712,1.211140376420335,0.48182667488189257,-2.253499040873716,-3.093973602238711
0.9682299313984671,0.6263797000738859,-1.2654723288409992,2.697621545537546,-2.4046202180883314
-0.35161433583037666,0.680295254921477,0.7682610982577345,0.4564783343817991,-0.6259231701361302
-2.9448310635442883,1.2281476924791943,0.7862941623681008,0.3287195680469972,0.08034291215129932
-0.16308561764560098,-0.5104387081503025,-1.8415482315196456,-1.2737148525138655,0.7652473005879811
5.347234426779494,2.500240976271938,0.9770774381382621,-1.2623032693670009,-1.0664945729509339
3.7726379633345863,0.9041820752226403,0.6381499702198699,-0.7855882707955743,0.4512846491359583
-1.598181684416937,2.2904152452546813,0.012892875901215448,-0.199465377096111,0.3828140344799129
-0.9272667044807775,-0.7142143247957187,-1.6322171958387977,-0.5061273159256533,-0.06159499964575908
4.096492647046697,1.482801067346941,1.5567411074593371,-1.166393102260986,-2.538867442327987
0.43216060046428356,-0.4616150337696745,-0.6037270000145414,2.598244135688167,-0.3697693293657975
-0.29356577047481075,-0.2865627417798587,-2.8976463848367944,-0.9824599534039672,0.17355327323829417
-3.0230694622334484,-2.862324054213783,-1.4907409038842447,0.6311182385575966,-0.03559245881203586
0.7878201044884352,0.8332101232798013,1.885001835017017,0.9731806003593936,-1.265235381196472
4.048329136759761,-0.3585186496418523,1.1001157454575554,0.08977234208288065,2.295321050537225
-0.10655714358143166,-1.409807265990866,0.5901529009878511,-0.3257875988507149,0.12054254100936324
3.5990707747238813,1.2720874745856465,1.134194483526302,-0.06638500991220246,0.254179696811868
3.556782309228046,1.2540972226501252,-1.0206922293200988,-1.3399773192261868,-2.154819104628808
0.3336782558739245,-0.563127845042874,0.2292789527037861,-0.8078020745495554,0.7475945279870755
0.9630005948483709,-2.9033925399976246,0.2615729252751292,0.07452022219328183,-0.519004084299931
-2.2909933698520177,1.1702427742166603,1.4742054945526089,-0.7776621423635398,0.8536406910773303
0.5046970440429162,-0.2995338758549536,-0.1431260854653636,3.5366277865058495,0.6688549335220993
0.6797694484358152,-0.3852147424927866,-1.2404158086524126,1.578224819773332,-2.5649446250149435
0.6956961525242974,-0.34020865599810385,-0.9588319395795677,2.197588467670299,-2.375315780320348
1.84529254663659,-1.0895527272264882,1.4294347531488827,0.8458594410422828,-0.8360312262343236
-2.6980116135585885,0.9735394903057321,0.6679096739785825,-0.2937836849885494,0.5520199216368892