1.9165140976952142,1.703735220917851,0.5001071227650856,0.961287027248189,0.3131847113484817
6.4683497126023095,-0.8533053961622089,-3.5791982067361006,0.808145073052522,1.318603967129935
3.26607216094313,-0.9916525219074969,0.5495217874158363,-0.5638138836469955,-1.126289028198798
-2.0093387156455873,1.0216125946093622,-0.38420538481314337,-0.3455703512592007,0.10099168896644796
-2.948454109453085,-0.9193489403715068,-1.0471931481697117,0.823324810755567,0.2785862950154644
2.1953589864054246,-0.31498197832789504,0.7395907735350816,-0.33800173695514213,-0.20333701403748622
4.8641050803244035,0.6404591303686948,-1.1028648186867793,-0.00023387744852662842,0.4679320363024309
-2.4474265678769163,-1.2794713312736552,0.035390998013088364,0.32788778418728454,-0.36573245635712387
1.435167483082331,-0.43832005687003023,1.593476157816599,-0.6407978873301649,-0.8139358729596687
2.7453158014964645,-1.550202690111638,0.06183993382195104,-0.2517334362631354,-0.7132843750709016
3.868944282544799,-2.44382481994856,-0.009159511651401015,-1.8801222691561408,-0.29854441375732627
0.9930222055382095,1.788310070171867,0.16568167798058867,0.6237182661614556,0.37274198889399374
1.9217606303826769,-1.1953666474276634,1.5233873279807313,-1.351495319976854,-0.7564032399456999
-0.9965802070004719,1.9475535885195232,0.37270999917294956,-0.051602969810010835,-0.017180045415802425
0.2021770665745447,2.4110518197282467,1.07527903441557,0.9619660309661804,0.3709011721467396
4.144927096329901,-1.3540319474404756,0.7150321715933088,-1.4140154648077916,-1.3972789957093887
1.9957995046071917,4.347195699120351,1.8886029491407703,2.947275159085242,1.3636069485206619
3.986355650538282,-1.5228528686588612,0.931756688645379,-2.076337413199772,0.09693101900628143
4.227483027559345,-0.6041344091973696,-0.10391184037365364,-0.7328432609455408,-0.0828824235924223
1.8463451635863295,-1.49377647542702,0.47403375599089936,-1.3127965585401387,1.1570915476457928
-0.9997570080178209,3.6015426800642345,-1.2394721920685945,-2.0727433816962177,-1.195570051054783
-0.8979344996715398,-0.49346482214783016,0.8542770384497383,0.6538182337837156,-1.1261509063769992
-0.9405176964797071,-0.9083446176430335,1.3951308597429688,-0.18440236002842358,-0.9234915515532423
-0.46760638003494376,1.996397024522496,0.7368699545999949,0.3651682775368766,-0.014963232436442398
3.011784525475814,-1.1716259304324128,-0.31965491504237153,-1.035639049550215,0.9452801446421017
1.647973598598662,-1.0358982572101498,0.6120632366519032,-0.09855275177144304,-0.8567326999458339
-1.0215538302172569,-0.5926851019264427,-0.09088619994821492,0.8095220568548819,-0.7019054065618171
6.93325435497575,-2.9443086902633526,-5.5017850844175475,1.1822103571814153,0.2965707279304132
-1.4163819177832235,-0.3568971269294996,1.6431652128836194,-0.4443598328721766,-0.2378712083892044
0.797928154477809,1.678993824857681,0.553855024781545,0.9596941400242539,-0.14179961727870694
0.8868867159214456,2.226750132680886,0.8780836758135933,1.3163693070880707,0.09505637170777463
3.598809649262076,0.943035642015886,-1.3695883065538332,1.0314990624940479,1.5018481304204065
2.083363748916791,-1.0566734605344335,0.732910416217185,-0.28739923075313556,-1.0046977308286464
1.61555072458477,3.4712115908476795,-2.531070591301238,-2.6625692711801134,0.6703524513365867
-0.3908429283916082,1.5218026788474848,0.28138011095529714,0.5176652813781054,-0.1899360500644945
-2.8988872534595997,3.283625838228783,-3.1552757202880466,-3.114376464876386,-2.986324225821188
1.7418075239324236,0.0209773240765467,1.3928762653642384,-0.6113299088603149,-0.5324001645489541
3.2719677779769083,-1.4924075821057778,0.14402567451341325,-0.3809600664019965,-1.0721456873364952
3.2579145797870233,1.243185781729964,-0.5840176187115464,1.5646203161102854,0.11143199262551111
-2.643724529969759,-0.44465944663498225,0.8965526640561147,-0.05135449810762055,-0.3009749828985725
3.3620771146985646,-0.825149413633176,0.8735344165825628,-0.9681527395127824,-1.0499026585185094
2.703798701283046,-0.10008226087917126,0.6499888475527511,-0.45147958886256173,-0.5128558280145206
-2.7989618478807756,-1.135109386028114,-1.1340837861311743,1.1317811116430891,-0.2997735346045608
5.582810491875183,-0.621830301686898,-3.031403136323038,0.39962067611536517,2.425564882877865
3.2095336873058806,-0.9408361374465751,-0.13388288308441296,-0.47269545955951225,-0.21224916787953213
0.7499620392937284,-1.5800874639230484,1.5887315721358535,-0.9139063778473314,-0.8518078855012107
5.311156774536117,-0.5748997243925712,-0.863254355215809,-0.18858807506705136,-0.2541295864857251
3.9943587022635283,3.5404606030838583,1.3192235005405564,1.8429240672520113,1.6352079731407698
-0.3334446079180363,-1.3647820477863037,1.1820232717696162,0.45116102592434,-1.909088019279944
-2.0400135913411366,0.026982538931269548,1.9799276201500136,-1.247973456077023,-0.7688284955018925
4.396082322264325,-1.5625036140030995,-1.3574131622514465,0.22254851591013716,-0.8364952884120496
1.961824961656828,-1.8742742836553876,1.2611910603430514,-1.6673908643811872,-0.18718121113530953
-0.021342408860446898,-1.4555989110147058,0.7555230036438223,-0.617663865124383,0.6337989642206172
-0.7942962582474491,-0.9335861509547707,1.4086191755166149,-0.26674067006170465,-1.0226127105104805
3.9358038888691627,-0.9171454642649097,-0.3856889853929451,-0.36470891408081835,-0.48764012981734606
6.07028042705577,-0.8509514942194408,-2.0253716936132427,-0.31822990466927925,0.01880970818844439
3.6774317528072817,-0.9022629649187887,-0.11337225190241236,-1.383891752799598,0.9238121814527143
1.3471602893987829,-1.317169740557653,1.3378871885622778,-0.7096678021592957,-1.0942561152554473
5.9658693995839105,-2.1351228918654157,-3.719821238334978,0.4407465418173069,1.0119507124724882
4.857589416699023,-2.006764033065551,-1.7088872142834577,-0.06591234625497586,-0.4362317103135219
-1.8035240920524527,-1.386982742443131,0.507010917981424,-1.0695953332358574,1.98450747051511
3.675079653278374,-1.910941110632027,1.0090825136103867,-2.568144338142557,0.10559010703012427
1.72701500408273,-0.8808578230734999,1.3536162926765622,-1.0334417576142347,-0.2884908319931056
-2.1193316639507587,-1.3262971867180902,-0.020305565191050166,0.4649005976988991,-0.6610268199493089
-2.293041882774456,-1.6633853363507591,-1.1982858872611077,1.2859840545216787,-0.6892954383566376
-0.13645305930122506,-0.8700039573836084,-0.8256820107807988,1.3811605163095195,-2.9160573033269994
-3.148226466604857,-1.6153380894306097,0.3045656069567278,-0.45000915388013435,0.7735828442194529
1.2574289297606978,2.910693622586469,2.3372918919829755,1.9769981335888058,0.9254231080434969
4.736136101528752,0.517903986678433,-0.8170680824565469,0.17008950231605044,0.46162454024805716
1.3214765881931805,4.9709976070929525,2.255967126592266,2.690984483377793,1.126306773169464
-1.2364061350418725,-1.5946389749517162,0.7055265907411488,-2.4271478089632397,4.4455351841287385
5.739787085726638,-0.4769443906117687,-0.5603392343685228,-0.730506613789378,-0.06108801482782674
3.260787112682993,-1.1336909658086798,0.42774547672671964,-0.6750168588218569,-0.24207778064419536
4.608815829068237,-0.15358443476999054,-1.3573976750316743,1.0160316226899122,0.09740317871800425
2.593339517376917,1.7371933262378076,0.7313562441163382,0.5358493659203895,0.7750000164134965
2.40973135158434,0.26084623230972315,-0.3665529225702578,-1.9382619877294693,-0.12806483171073035
2.69641833566601,1.4798756636825539,-0.5178056175425552,0.47101301555768943,1.6123223864870146
4.135454429528187,-1.2632923841572097,-0.1754653388291889,-0.8159545319680966,-0.4731609269622125
1.4140364171652164,5.216759078794674,3.08383900917525,3.1038510516462807,1.3342805407603715
3.342170740522201,-1.0854806593054447,0.30783029107961085,-0.28721842549640225,-0.6878667817238586
3.3517976297071295,1.5741114980089599,0.12577794454379854,1.2379427897213362,0.2515529696867321
2.493608608955353,2.3387879301193144,-0.24849236293735819,1.2474101289349027,2.0739445672032013
3.4029448811708876,1.5204969974467555,0.009418591650697458,0.88918434499816,0.3079561616510704
-0.082375233652844,1.9010016711923696,0.6222398826370666,1.8838876066381702,0.23231018126662065
-2.905346513491924,-0.8755597103704527,-1.1345046104287488,1.0506377871506556,-0.14031985819646725
4.1875259570836745,0.6513442026379591,-0.9313620093760777,0.8398222732548639,0.42347605422832274
0.8720052270453668,3.6064044041743943,1.582774990926884,1.925312948679779,0.9025967091125396
0.6880918508678933,1.5404789981283242,0.800693799057709,0.4783529991425386,0.07012952036305754
2.699083767142072,-0.7093026075549538,-1.0155127059751623,0.578536486554578,-0.04843515914847591
-2.1775185160229342,-0.39577465470302164,-0.0701357313837544,0.7422524260912471,-0.0987599520600259
1.7195409658827348,1.7446751297498726,0.41364874467645674,0.7677184573416769,0.3798983984419021
0.2173006228537228,1.9038992810371254,0.7744573635639269,0.7311785025609155,0.1027798898904153
1.6133840601357583,0.8201790578449596,0.9500350027901416,0.22411706443359664,-0.16807813100713864
1.8630233704124135,1.645133845891979,-0.38730499681194536,0.007124039254346013,1.1333208052196422
-1.7986663750668,-0.3830038935219971,1.176558253006357,-0.35562058861819085,0.2948102015843332
2.153541117376867,-1.1000559762941506,1.0382089918866764,-1.1401125140472361,-0.35992358296926363
0.01976696907419323,1.6615956665481724,0.6013287937248887,0.4705885174431844,-0.156660744231501
1.0199980101053452,1.8724570549906105,0.8442045779690095,0.8941158951897828,0.2950234523694509
3.686455678118793,-0.7895208495014957,-0.17176439999477175,-0.010371830138344392,-0.9803509507314204
1.1238598626668197,1.4942471535061954,0.5528395049977846,0.6946990358475046,-0.016174476478516414
5.464827813160892,-0.09355888370008447,-1.623268947038579,0.1196182936810048,1.0033017713135461
5.689728076845896,-0.6351067713514201,-2.116446471865321,0.11034050282745536,0.2032678029175807
0.30429756637427824,-0.8788521496012865,1.5444333963026322,-0.19028875458179537,-1.3547144857146762
3.677287103408903,3.7871853797889794,0.300988582442403,1.0916215788578338,1.8102428179739802
5.200437938223396,-0.8901186293809271,-1.7507635534231354,0.7246116690949671,-0.38024476313289657
1.2707769785396543,-0.9591623610519247,-0.06779543697315797,1.0505217263518933,-1.5994644778088951
3.8959175659409913,-1.811266935293325,1.7459863387246988,-3.3484850947564317,-1.1100926129850708
-1.8341785470677232,-1.6558369049234876,-1.776793217766989,2.007008152041957,-0.7911319327707422
4.156226693127918,-0.8262535391789011,-0.885710090835902,-0.034118976850853466,-0.08672659115900962
1.750920226105143,-2.676629332050023,2.148950285347416,-2.2578342400646414,-0.8932156488087201
0.5849883643907385,-0.8176861595381621,0.07509198653559619,0.761356593163246,-1.1572455772895451
0.6477684932430628,-1.3615077066404107,0.7799957801295391,-0.488008164407947,0.06938397499570229
7.461551700874357,-3.2130001477728953,-5.814061299800448,1.5570103855716586,-0.6095406847573963
6.435540670230538,-1.7521210672951724,0.2562315070015197,-2.2760290373761265,-1.1682388436449214
3.7680689281091237,1.1364354709890172,-1.2854851491907933,0.8072673986664212,1.7153734886871548
-2.0971138992397265,1.0029596247929737,1.3037506659413907,-0.7987163280671603,-0.5325200304472286
-2.1115818164944296,2.1006700204654685,0.24630572959852798,0.4886047807671414,0.35340298346213384
1.8815199012809811,-1.5796691666922331,1.4786121665725116,-1.1875321420820009,-0.6947287609780249
-0.6765113754542733,-0.2779959255947174,-0.2513634313777105,1.3297460295737076,-1.0612134213941904
-0.286203982603025,3.3537039984151646,1.2156590118498793,1.9663746316614905,0.5649255164300667
3.9682124693590435,-1.462930759858144,-0.9935400093902901,-0.4370792487483741,0.5293452608955851
3.9323951131448265,-0.5322440464883925,-1.121525171048602,0.41646194793808905,-0.16949974235735965
-1.6563981668467147,-1.4286797940963472,1.030834938211074,-1.1549082331811107,1.4212159725271354
3.7993809101246407,-1.0684595157132426,0.09294449205736265,-0.3902226708688109,-1.0845157848360625
-0.9961268618130726,1.9472185439749519,0.7289162987919449,0.2554017149346545,0.04027773984702557
-3.390886305273723,-1.8752848400683129,-0.6163568732359491,-0.1674623536895395,1.3287955736738606
0.08591519458710652,-1.0067710837257196,0.7416246303322462,0.17319063008820113,-0.7993877397564539
0.17933399977347836,2.049606183847002,0.8403098400525041,0.8378739641344904,0.14242127021569978
2.3630725289241443,-0.8847520053554475,1.0539566247298426,-0.6333182008012865,-0.39298542308870404
3.458710056767136,1.280060121436431,-0.849869004419697,0.8403828935609594,1.0095729433216667
2.090461384376523,1.115458646377456,-0.42702036888427436,-2.5538556573228846,-0.8364569500497597
1.9433406334905097,3.9751437573262987,2.0581274220690395,2.0414259565429025,1.5281811036288513
5.4312010746970545,-1.151965934426362,-1.3276610924242622,-0.3363854824190147,-0.20652316027588874
1.4096824537735544,1.5185564285319442,0.3881312502029129,0.6008693388241685,0.13705773004158234
3.343498602124581,1.4015482057432067,-0.5008207314305196,1.8085164416799653,0.08633697355944832
4.045525891241244,1.4000608713049054,-1.224044005846471,0.768177445931119,2.4795708499820743
-0.8372362847769674,1.5347939550510237,0.271823739211758,0.676287071431089,-0.008981632866197587
2.490254623082406,-0.9945677419677517,1.5288648425760099,-1.0547639910210425,-1.034995123878615
-1.2977930807576914,-1.2248414764218625,1.2390776121435785,-0.4613993718525003,-0.3969511451172435
4.31847622903042,1.1222017990042346,-1.0637495071909682,-0.00034082955012142575,0.9862926857040909
1.1167269497824162,-1.4009381550039077,0.7474794880879451,-0.19128912507005866,-1.0732673643210038
-2.8572703996341495,-0.8428821824474451,-0.09534763477346751,0.050614026840188744,0.4150847815663387
1.5899660425050668,4.310524140538982,1.9685665140569495,2.2420957021878984,1.702534510421973
-1.1328440696689845,4.061261869336373,-0.1587336730395444,-2.6843258191216104,-1.538666216634684
5.727223324776806,-1.0556924926830251,-2.287429611252618,0.6053485233743373,0.1510048660073448
2.788918075467297,0.9637162357613944,0.03624303151211124,1.1071410913958029,-0.167770434629682
-0.512635683586831,-0.8398775453958587,1.2056834057898858,0.2769590472629899,-1.2923837945008931
5.607409414265175,-1.2839747108709418,-1.60735844265812,-0.2130593591658394,-0.297876585022091
4.8070366290066335,-0.15520146830147374,-0.6850884043340739,-0.703204749593325,-0.23637279466227018
-2.888368848706421,0.45036546009262063,-1.52423181382475,1.295023241579997,-1.355316112662221
0.7689984988234714,-0.3541284018389147,1.6346942423469522,-0.415849129534949,-0.9323627361152388
4.033591350137804,0.015850157252536513,-0.6869596498767379,-0.2646949298785999,0.9086660862816154
-2.5861988979216526,1.120336756622502,0.8991230926212936,-1.9976657031060407,-0.20121828320037258
3.1579242880888896,-1.3348939956494672,0.6931739931784323,-0.38849005021290023,-0.7306467265900493
3.332770417419411,0.9159677945397444,-0.034055683479774466,1.1685555890740045,-0.36350999388198957
-1.5982636171105213,3.4219964324198378,-1.0224059648766535,-2.469554111449914,-0.7064526191732484
-2.181016243531333,-0.42783233606770227,0.11429622333036142,0.2751053293167118,0.22346704323048147
4.158419987152694,-1.2042770135161818,-1.2275441060403873,0.060422705021284905,0.047847962682188334
-0.9235655634378663,0.5125083670919565,-0.18691646651550242,-0.45514501154424986,1.0713170461646055
6.049306873988417,-0.9606983071711107,-2.6691150274831648,0.26008759552942073,1.7435384685496254
1.5618320126616616,-1.729513476369922,1.2569141439125677,-1.2896191102168801,-0.7381229498018653
3.516849334481104,0.5456334827296538,-0.8907341249035456,0.48539873833347685,1.1322474032132765
3.3037198331042434,-1.5305542905804113,1.2967943694038404,-1.7806193470608835,-0.7937687257294465
3.8053305832987943,1.0650073624899048,-1.7397034999678658,0.4128548134670715,2.458377309899574
-0.07580034354641325,-1.7039974635844375,-0.3910925849816458,1.091034988599009,-1.358055228326826
2.661656792258956,-1.5042658960968007,1.6771057526600488,-1.4629099555082068,-0.962312443904317
0.5715977380732605,0.2534670884415158,1.5431385475597514,0.06187937707132501,-0.8434224851204246
5.011491017112607,0.06877074618953886,-2.3078454544711886,0.7673316195249043,1.4475174532034645
-2.3704762178391054,0.655686161088505,0.37476508882573223,-1.2229340802085005,0.20853333858099032
1.3377396143270266,-0.6224168544275271,1.287918356372122,-1.0121974460983927,-0.27439595859452537
2.908445927755278,1.8883342555817793,-1.4406302402888906,-0.08111011591581695,1.2876310404015576
4.641751959282913,-1.7679633437913493,-2.0845987364734153,-1.0285927557400305,1.8127163395562809
2.8648282759584935,1.5095794798872975,0.5024772415607024,0.27864305379898874,0.3251789560200008
3.151235424631018,1.7349079894209127,-3.3630998154632135,-0.9478083027183027,4.067517940745102
2.3526169337225347,-2.2208198776838066,1.2485696574050706,-1.6247097771464871,-0.7530395930611308
5.116101318261747,0.28144246270928686,-1.9331314774550281,0.5649201186363599,1.461382298040093
3.1808172813856768,7.029255063151388,2.5583188772521415,5.0811639491181175,4.432962306306063
3.854908786745991,-0.663373451287913,-1.893803676095652,0.11406169449798431,1.8225610312737686
2.013642283198228,1.7020127821440356,0.7749763264448026,0.6679873025675365,0.22571044731501497
-0.3445157116817778,0.4300591861472545,-0.2205646992960001,0.020746863048247,-1.1434479057998883
-0.36309257445187404,-0.8504117938394311,1.358291856387232,-0.1315140488985935,-0.9919728280459634
2.9766133802234123,-1.6418811666262265,0.9739483631304668,-0.8541923680692664,-1.465645812052461
1.2788995535663303,-1.773973581857424,1.628547492458389,-1.6006193024536621,-0.8949350362080756
-1.93599656307329,-0.08195533938828697,0.4122045191061704,0.8158639541356316,-0.8914557866992797
3.829305327997449,-0.9903471078427849,0.4106751302326036,-0.7394195471725773,-0.16352828449419957
-0.6341234693450769,1.6946028142994083,0.5868450084052614,0.3601537882676314,0.06616119016377958
3.447614048092549,1.1965697109484925,-0.3872015198653287,0.2836264129807077,0.9259969424191679
5.002467096015017,0.8366435561172039,-0.3802661958386572,0.3513004326904458,0.8369092384140598
5.56917502398259,-1.100593191980466,-0.5693510774287482,-1.451216064528313,0.28286665239166475
4.1820535844525955,-0.8190754578769927,0.6053410480466399,-1.2719094875256334,-0.3403861890020505
-0.5616161111047474,-0.8585304157897229,1.7423476353653917,0.04275481579327125,-1.4466042862828197
0.8140631087203671,1.9860908319271213,0.763077748073043,1.2011764353954422,0.06533069370536664
-0.3753966703457874,-0.24961954528372043,2.2257108095342213,-0.5855884450147217,-0.7501116927635747
1.2490554998637793,1.4281700081901172,0.9091385725327409,0.5217702843893589,0.10261530175780291
-0.05133128602027208,-1.5845332288278642,1.3596822723083108,-1.6543584278204986,1.5679134090441218
0.7915979358335418,4.997866701301807,2.0838156296772907,2.608733163180116,1.4910091503510567
-2.9596232527168063,2.113094030570825,-0.8238775705212336,-0.6109433638723486,0.101205167552217
4.722607668147176,-0.9099670907462708,0.3730146570442031,-1.1371253802299317,-0.9299993096084415
4.663115372996655,0.03057148246618283,-1.5432709268521094,0.33720129849964203,1.329727890040042
1.256594497712868,-0.31928212669282996,1.8389379873472151,-0.658309136805116,-0.7405191628977654
5.4557558386853175,-1.0210005666605764,-1.143318187984806,-0.539207098291739,0.5152463950999715
4.104401141841044,0.9054053472357215,-1.4294720368127618,-1.927706736055897,-0.03618092235033276
0.613837862958098,-2.838980999172951,1.7086800619949052,-2.0127070897101325,-0.7726091957571741
4.402612406812697,-1.401888715659845,0.006492078864921383,-0.8027034856099953,-0.782947850512063
2.40521743845103,-1.0089600279111617,0.28492446803994675,-1.3897120127923317,0.8225400905325428
2.6509942628615875,-1.8231699501428427,1.8423149852161773,-1.7215099464668138,-0.9322328254667626
-0.7442050670887038,-0.832835102943451,2.0146660602288478,-1.562832092325629,0.45241380462056713
6.3761168415507425,-2.5305002661375964,-4.213842788711939,1.049554480300785,-0.6688510262364664
3.3294814324933255,-0.9738097702511425,0.5359773131649372,-0.556453161430302,-1.253691347782244
-0.7573354639357607,3.0949544926085193,0.04128598737001328,-2.1399596366790767,-1.5886503598316595
2.582483544546057,2.0172197157573017,0.36493615900145804,1.7471817198620998,0.09315739871684488
0.21144105168176947,-1.1023698647591966,1.888714836982608,-0.9163915845580477,-0.6871186345805499
-1.2748229985096176,-1.1108980728014866,1.1378025654541508,-0.9081972832627796,1.0639341051199442
0.9866611122886112,1.685771013886478,0.6077704842281086,0.8344555892470157,0.08245224471832222
-2.6674241613729968,-1.0351570891192794,0.4628940802603592,-0.08895343361475827,-0.013888830315842194
-0.1947686821618226,-0.7777830969528777,-0.6321274109131775,1.5769686662275753,-1.9467610746138195
2.977366835918014,1.2137323100125252,0.13060311133214983,0.6668307530508792,0.4539159300115234
-2.1912322066218484,2.4166618399681967,-2.583985310964386,-4.018488079710507,-0.26574691176650805
5.785322532816419,-0.7578739940556904,-2.782428550712418,0.7753625084398108,0.4504713831458323
-0.7693405124175374,-0.3438562701054513,2.001789372158272,-0.4419418030982043,-0.6998320520843734
4.223202565571135,-1.2562291999131046,0.47663105370525094,-0.7865629835597515,-0.8922482601019313
-0.5783832890421703,-1.080376930742393,1.6935430975896169,-0.747970034717494,-0.1985065603531366
-0.8079984080071695,-1.221024479670413,1.593519480588103,-2.12526205401542,2.8494025293024974
6.095798087817424,-2.2578425485344695,-4.084244643705143,1.0327845493081593,-0.32121851834054027
-2.141336120754863,-0.8689464041427385,-0.014154054032629185,0.11098843767934449,0.4625524228059693
-1.124785647988531,1.6263958719288323,0.13650509457727,0.38510056289821415,-0.15221010353143538
0.47233819947616346,1.4921333011637505,0.4915007096794853,0.502674549015136,-0.1904009641797617
3.7403817875738867,0.7604043595966434,-0.9595369201598273,1.3271389371727986,0.18963825082584437
2.9363004179228516,-1.1069285467312795,0.6091537201120809,-1.1640407951285456,-0.046628838381560664
1.2798167830658598,1.3651407563015674,0.5359785453649815,0.6303343370962232,0.09632026435336143
2.85327412783919,-1.1189778265984704,-0.052018917788275866,-1.0100736412070856,0.25848930066180587
4.258046634902198,0.09081805190388388,-1.5607264844849091,0.6343025702439486,0.9512690062722742
4.590139093649353,-0.15577269844864972,-0.6827662651612568,-0.4245717993118904,0.9619233352982839
0.15845067983415512,-0.7386893808909977,1.191462757498626,0.05972278369240614,-1.3420022441216766
1.8385446792302966,2.988010821338425,1.1047196170822962,1.923791576612663,0.7339423512114847
6.117783772061841,-1.3419122004013313,-1.955347144348558,-0.14144695020829154,-0.005187708619349084
2.2965106047890065,-2.2847109035150117,2.1761239292487438,-2.0832239551165457,-0.8438994298031759
3.5838677787899633,1.6778181538919492,-0.2724322380102093,0.7764224918178699,1.220520809819387
3.10250115092647,-1.4918919135339588,1.1832223842022949,-1.1819283553212097,-1.1025383921482563
3.4344148202065976,-0.24936187798541773,0.11928834317566361,-0.4412865846118185,-0.16053246400689894
0.066575025095108,-0.7137881173675409,1.5402851050364461,0.03952706576428123,-1.4059010263449798
2.165212938048549,-0.8286823980821284,0.815608568950297,-0.7574324304885753,-0.3023087387911385
3.4810874689010833,-1.2417794746025086,-0.4792469655314108,0.0723998684113426,-0.8139881067870257
0.092185776374172,-1.2516435762234839,1.297642235511777,0.43885685347916836,-1.9486946414646908
0.4932426159540985,-0.6412275045008438,1.8251032486338792,-0.4628288916812084,-1.0745637235712857
2.082331265152204,-1.4443071239267133,0.965342032849026,-0.8726139515740876,-0.9974720216924087
6.4922838391054905,-2.229717369194521,-3.3735834484123384,-0.19150447731167167,1.6135130411621927
-0.33004228981582595,1.8246421552651162,0.6498750784016157,0.6794762497032318,0.08625624151554237
2.259968515477064,2.4321956502363706,0.7272903434712371,1.8420861299295646,0.4023085338939341
1.4631536506541352,1.6181443009266026,0.7483423424857893,0.44209772747147624,0.12668908299798196
-1.8611263912751148,-0.06640394252462574,2.616714986039669,-0.7633420184388958,-0.6560279888221
6.41725026546946,-2.5597369915462647,-4.12906954811199,0.8893890477717826,-0.655786052553244
-0.6777790494378545,-0.34048307961448204,0.8204364654104304,-0.5307172272693755,-0.11418185747454723
1.3460444638037303,2.1570272267437223,0.8082214972456804,1.4314739023809118,0.21817021826593408
-0.953146546322123,0.01605172271711287,2.3441705783654223,-0.8425888891142316,-0.5660207100650442
2.75535787621399,-1.2441463262671921,-0.5000489877676302,-0.12778170478425283,-0.32738771565146246
5.23265726929785,-0.4118747396307563,-3.448756639284307,-0.07853282503827341,2.9751044479202453
-0.26642440732998746,2.8564919856046505,-0.7313061364849281,-3.373922210384089,-2.153511291458199
0.8066829937333997,-0.5776662040544119,1.716685806266495,-0.6786671559792677,-0.8049858152107249
1.8873183510142033,3.793004299689687,-1.4410588704520915,-1.4887396988662476,0.7478315431917584
5.023176888024982,0.7275161965830022,-0.5910679816340313,0.30392812410807035,0.8349161710109316
-3.479460603906005,-0.8510594559585785,-1.1615114921989842,1.1191991746689427,-0.44673522874586963
-0.6237297568243982,0.9328200347677776,1.8782962622208008,-1.054809238877332,-0.5052897146058164
2.888706249981804,-0.9072331296851718,0.658568720281498,-0.5681770042550319,-0.918557110292272
4.702028253580959,-1.4244447144786287,0.029574076540171718,-1.4632544043652176,-0.6999827529376507
2.4600910215077687,4.387186457390478,2.0824501560836746,2.1289362124731173,1.414658550964621
-0.6170613879423433,-1.9273327558360223,0.9993324293942079,-2.359031925977256,3.2007409353661855
4.275383393109213,-0.7223634274888353,-0.8990842238431792,-0.24224898739837714,0.65845570110184
-1.05590587151678,0.021104047815434367,2.491251600704981,-0.8926927720064811,-0.9398366687915561
-1.2142651012240189,1.2491980867506127,0.9762460574724782,0.018929786380667373,0.2910664160434141
2.1692916696801112,1.449838437531676,0.3807262734312031,0.9060152072554497,0.22616549249734363
6.196847103250126,-1.5125774292652543,-3.708348930656052,0.8049259892690684,0.8701423772476994
3.0824886742826165,-1.1655030343453738,0.18195612089324703,-1.6742493947394566,0.8456056238880653
2.2727591666428215,-0.6618289653205134,-0.3271581940297366,-1.1700617086584186,2.7474296515768972
1.1319992862233337,-0.051121507579061545,1.4098423820872594,-0.01795588099800061,-0.6638707929003883
3.481934823933757,-2.398397649278222,1.6201973431760375,-2.028666862412166,-1.0228740575614512
0.4419881841974588,-0.8482891310522045,1.9578181948149667,-0.8098351112196271,-0.5332834744153082
5.377109568735864,-1.400044409292489,-2.2151920838518864,0.1831289551725378,0.6137736414895957
0.03601789510670377,1.8117362241778368,0.6381823848825688,0.8243406961147555,0.0029767000832171694
-0.26681051597054267,-0.4209292145107979,-0.08850128483012654,1.9401574168266364,-1.8131815449866107
3.8936382363438087,1.4996406639795727,-0.9293144592564673,-0.1455440945907807,1.4969553901228774
2.465947947269165,1.8301003898638502,0.2599329206920433,0.5797361903825501,0.7897369828651266
1.7354256848949154,-1.5662019356004093,0.42861798848543375,-1.5696728553926125,0.7929371309820409
-0.9739737569515383,-1.644639969868832,2.036808544954354,-1.0109701222994738,-0.56262507999336
-1.0940214417954814,1.9539842653714437,0.5214331633936634,0.2575389648066697,0.1711982589068285
4.5930891916454994,0.7092891952115142,-1.3051922449242939,0.995504268098308,0.7692503773509152
0.3942712497103389,-0.7661314388240849,1.418275114013667,-0.03982055883382835,-1.2971560051157693
0.9250308467686423,2.232207796701882,0.9351678236634665,1.188825191384882,0.06681171852437612
2.9434793813396056,-0.40051118405971425,0.7546736150628696,-0.9299618857780727,-0.4790392693076231
0.3635630992915479,-0.13281271122813965,1.6522014855572489,-0.7251387552309446,-0.806710683876883
0.6296537979046821,1.3663541923873221,0.44093812161495466,0.9379330205766713,-0.1750679695224279
-1.4444591902281134,-1.2507374098954755,1.0955304052813455,-0.7161828857076469,0.40920073745920443
2.446683612527931,-0.45475039771719805,-0.5401155283271349,-0.16114757132233945,-0.9542864389920307
-0.610342729910092,-1.0342217704107088,0.9819961179793021,-0.089106824121445,-1.0805182728636993
5.430785937193182,-1.5693225308369785,-2.5390326663833855,0.45623635989732,0.34782794784678744
0.7298162997419902,0.8459595229100908,-0.0672755821759475,-2.4647990622203784,-1.9078349938218893
0.37977290569731215,-0.6377467117502565,0.17223141339159453,1.451403031749652,-1.585382573191943
1.0749627104460586,1.6674190391828363,0.48083486737895753,1.0714621347262927,0.014094542381417345
-1.9799672630250087,-0.4085919837162449,-0.4502336954158041,1.0891497704609552,-0.3858392240022807
6.385577449001961,-2.2531712780818567,-4.418164506772775,1.3629893338502284,-0.5824967185073495
0.3259566477321505,-1.31515113866118,0.8937961470235897,-0.617773995475171,0.44786229400159755
1.4914882987608975,0.9507498418202549,0.43290671179045376,0.5247413993835914,-0.20788084710510313
4.8095927466582085,-0.3442487418888049,-1.7863699356760936,0.47151234317632207,1.1304128858231746
4.72728551003974,-0.8757079386171583,-1.234784987014154,0.7724226909087554,-0.6656137050625749
1.750554314854181,0.8347299039493014,1.3013848102169896,-0.3054502098167413,0.30100680430626
-1.2868902267522204,3.447154700385731,-0.6232761089961782,-1.2590301428517736,-1.303133776791439
4.156161055092467,-1.3330322916195916,-0.05306752036636926,-0.7732749899973889,-0.7912389419684288
2.503852026932206,-2.0298011807882745,1.0821207788788074,-1.7088431491741383,-0.8789995577566908
3.0645742116253043,2.0000786176542364,1.165195888630255,0.23886078417397374,0.8379248221320194
2.951045980188974,1.0555583239867876,-1.9197003095521497,-0.7627576404506109,-0.3410278113502724
-2.795942092975207,-0.9202536654943858,-1.3184621011042628,2.105266013275474,-1.3222464026219904
-0.03622326879624027,1.444767546349071,0.3844665330400922,0.6736074486883268,-0.09654963343778301
1.4982713871600402,2.3759766057382117,-1.2391397423176287,-0.6015833185162988,1.131135635815634
4.771703587583707,1.5030969073178078,-2.6562823362998467,-1.7015826448579767,0.9521395025435774
1.7341236519994703,0.8520940529580817,0.1272410791846754,0.8492569935471939,-0.3243668875389212
0.6288479416212465,-1.2967239014771839,-0.14699339780655907,1.098120657448219,-1.6127716397442424
0.5136981669354815,-0.902339935635436,1.6479522483041864,-0.4060470104433119,-0.7268951601717413
4.769886707326088,-2.1885291497370196,1.6166148391324118,-2.9560848823830046,-1.537643686316552
-1.4238882790522498,-0.7968280555010637,-0.10102879687564757,0.6598782901516952,-0.33739986513666625
0.13515961017787426,-1.0868477691837388,2.083573465839806,-1.4007635553339934,-0.8029063944403377
1.774326185109969,1.5931006121677826,0.46235116021346456,0.47231472713756795,0.3146638690576553
2.2894437548869515,0.3599274054210464,0.6610979855160227,-0.27564004181515095,-0.011387248629272661
1.583917361980011,1.7877238397191888,-0.09236384998548315,0.4776715831679878,0.6678396559909823
3.012609670727125,-1.3762498223450987,0.4174463255435271,-1.012571329927427,-0.2527503868035838
2.8296962359117592,0.7142272229313021,0.26378935055759195,0.37111607387460493,-0.0854161854719746
4.344990131201519,0.7259952456524,-1.4522070711433692,0.7021925609349605,1.1923860245657774
1.767685418692964,4.906347397307185,2.4935219978128456,1.899782891813894,2.037779438305556
4.831542779218829,-1.3196899449939623,0.9114058459428129,-1.3708689315929332,-1.0070671034333665
6.052978928038918,-1.8882416441498837,-3.4162153870793,1.0698124275953813,-0.863295802640382
-0.7765089408794977,1.245207853097522,1.209807500564333,-0.24933316812087422,-0.3683812435415229
-0.23077247176886845,0.03387680210224167,2.1415388078007553,-0.6181835696317612,-0.7386601855199085
-1.588483476849075,-0.9702337452810249,0.8345987209476582,-0.2378614961161019,-0.22726473416562268
2.2965885787945757,-1.58259877822892,-0.2741350853997464,0.4831578779638848,-1.1865000342846783
-0.5616938836416429,-0.8480116546166279,0.9869564571678826,0.7395534851680409,-1.706444629969377
2.956898470817682,1.6305009561562387,1.148251373361155,0.36374530373647773,0.8135064942315248
-0.2172375202054197,-0.42780302765616773,0.14440409409912736,1.7438781755963602,-1.7426787688167578
3.98483753877787,-0.7781736830264523,-0.1099951342428155,-0.3089868769685628,-0.7055542239203558
0.8518342570286119,1.7546677492688283,0.8666713900021475,0.7218131805484196,0.15369591615404318
-2.7115708069487163,-1.4828237492686664,-0.45990450319913895,0.5076152862220846,-0.2344681554608785
-0.47331307360979274,1.5281905431007186,0.8905555856761955,-0.1308078205581781,-0.14225179941545077
-0.38029702517725067,-1.7833083739307498,1.486742315628694,-1.5164397342484832,0.9114177190629559
2.9885636468828403,3.3205844656716543,1.0677851111530101,1.2801978441187667,1.4063336799672401
-2.2198833489182284,-0.8510773686495214,1.3311836936895147,-0.3361668836663296,-0.6140202628650087
2.512720198451308,-1.5433110144277615,1.0014239234402955,-0.8041953379099414,-0.9513999878162075
2.951197442732329,1.6846687716261204,-0.48542449332404425,1.3389009051695626,0.630703877213207
-1.5351803025783157,-0.38811466738646727,0.7641499102093138,0.42961582539494453,-0.7763838706877539
2.5642247537843263,-0.041797022253561904,0.8991235288336469,-0.106393591229075,-0.7593452389304294
0.7098839729213714,-0.1446511444515589,1.796578687125235,-1.1148500307900913,-0.4878426672094767
2.6207526640865733,-1.0256050731870925,-0.44661397648881185,0.03478923986866871,-0.5795302648246344
-1.1994083107206959,-0.31244507576533626,-0.44152762997822254,1.4734110975755217,-0.8632671741808532
1.2204904219477242,-0.553546244297285,1.799863144273808,-0.6645256865115433,-0.9195332076753291
2.5982185707797125,-0.4018735655175371,0.7129790750588848,-0.7151883448684316,-0.509319199663765
1.338389828448164,-0.9384477223316838,1.217724446095679,-0.3289027320529133,-1.0482809841438048
1.603863199871359,-1.9890080135216452,1.183529072235714,-1.438475251161429,-0.5878126441852122
5.2048700973795246,0.4323647810573832,-1.9759856262899917,0.9093251415753498,1.2699705022230905
-1.6080242083474665,6.523323496733789,-2.9772694304195517,-4.814207107210179,-4.3818051879117945
2.108411936746051,1.3280831904431785,0.35691768368305155,1.078600920203117,-0.05804378245023637
3.7146011107481787,-1.333591990270476,0.358266723658406,-1.0796260037800238,-0.632656730015494
6.285654214057862,-2.105452328994818,-4.381881597697864,1.3893014188373534,-0.4698832496168227
6.1036160925621985,-1.1765497293098848,-2.797199610810593,0.24391457999350677,1.4328888672988345
-0.5636951720399871,-0.6679508912422751,1.2549266732722275,-0.3701575231099348,-0.39053845682683286
-1.9153258338884906,0.08758089321295612,1.8005285589192883,-0.2635321374869992,-0.38275041275487465
4.338909448535977,-1.1778307153783576,-0.3212624822669253,-0.16383695381168906,-0.9383941953661467
-2.9454537608267133,-0.1349114114629353,-0.910317822734305,1.5241963113756307,-0.6469118223582505
-1.1102236408922914,-1.1738003429954291,0.28355428584665254,0.023066317631328766,-0.26640934124621024
2.4034152154832604,1.9178744745842895,0.037386982922370235,1.3783140044903417,0.13593664230501737
3.503360000729572,0.9528034538046856,-0.8960264192781091,1.477357391822272,0.29177815513041616
4.730562461565308,-0.8888970039143398,-0.5235426077320536,-0.773135969554782,0.10840375524614308
0.1919925369817446,-1.5464509511590703,2.06165664836136,-1.2382958324770676,-0.964815481702932
3.692610511060042,-1.713180072873938,-0.6282006757371907,0.1038270600086824,-0.9950129817694001
0.09543705402312258,2.0168640257867074,0.8382406414296559,0.734828115690541,0.1390754525202547
0.27664888584113617,2.9685770539049594,1.2212601071767486,1.3731343339250908,0.5933107130166246
-1.4512460330861885,1.9671195520266653,0.8906772386944992,-0.40411627400991224,-0.4316967158762794
6.011893190861778,-0.686095341124439,-2.3669971799200233,0.3789444505383675,0.3511203360540968
2.3173247852970045,-1.428685466148574,0.7616561369659972,-1.324808858322644,0.563237609481027
5.072054994850448,-1.5599878931934892,-2.297673726984382,0.6402204299050733,-0.2536933054708601
-1.879805309854213,2.0988260764305045,0.44755839246357315,0.4733692185866989,0.32947209926819987
-0.8634859127655946,0.6737354514159629,1.4501381111689404,-0.573241290286513,0.17570841902432546
4.740649647777583,-1.18973259812122,-1.5716777026857076,0.4185359262152595,-0.7628380997905052
-0.5712050318726527,1.7763782806987354,0.231001901296664,0.7794525216549366,-0.19522428819509982
-0.4326421320410415,-0.194273108763936,2.351479607653617,-0.7142177795268146,-0.8362512151909771
0.19865898821566863,1.4793930422521822,1.1003478518829974,0.37368162975901686,0.1558897966650626
3.8470061498510404,0.8936766428275977,-1.2785034438620224,0.3373137759932141,1.8014494268338548
0.8577185380469663,0.904640904454563,0.5477277643411284,-2.0396744986294735,-0.06454278502183308
0.42965154320547566,-1.1513319066653722,1.1768952286847767,-0.21289876433028526,-0.9516376416575131
4.520484336542723,-1.6598806542377404,-0.02835408030948081,-1.7839573224535192,0.3010455074791366
4.289479219550814,0.8564606259664145,-1.4818207492740434,0.8035495970399213,1.4718114196673047
2.0326479536354385,0.7084713824120947,0.05656027860744757,0.6645860319461326,-0.31756640386724744
-0.008531625122830525,-2.6358462066326385,2.1129211528988514,-1.4459404358031491,-1.3545975419458702
2.3559169606073715,5.2092497131151205,2.235542125112561,3.0134939277687907,2.3447787827935223
-2.048939309062856,-0.6918956161984257,1.7192516220778375,-0.4799398180750824,-0.7205268881749489
3.331370747077149,-1.436569398899683,-0.5421411058148579,-0.2891805309545588,-0.6058881726652539
4.959027304330624,-1.2595479377148333,-0.3210082225439346,-0.7538188774082427,-0.8993114547023265
-1.6749962311264732,-0.3526712885926381,0.2096955255000788,0.8000450978817877,-0.8272626125064296
6.070327739194461,-0.52174200043379,-0.9093480596207519,-0.5518717211271708,0.4258418867876289
4.8969334598670535,-1.2691566002234473,-0.14014231294687562,-0.8575241130474907,-0.8333892849494626
5.668110619263217,-1.2654867397205314,-3.032496712928619,0.8866572854487769,0.3605134936574608
2.166855612687176,-1.7593016121120946,0.7551057038104291,-1.0563073905538165,-0.8124074972876768
-1.3203586052464547,1.5225222015241033,1.1677447829835221,-2.127481652913786,-1.4823521761631613
5.846361706181329,-0.9986529745844783,-1.5545982566369108,-0.17058308589217716,-0.016222654673306823
2.3450507702163828,-1.6222192193308105,-0.12223323118932465,-0.03684947031298526,-0.8281254152223708
2.266446426344699,0.033958473811191915,0.7817146375752022,-0.26527472603966784,-0.3753950626740049
6.696735427219787,-1.9375551346886204,-2.5342218876778513,-0.5249301586823418,0.8137638033451513
-0.08881620554089992,1.8257844206861806,0.6183645405232655,0.8429219887027084,-0.0069924343138744885
5.590757950942803,-0.5579673572031467,-3.26095493790727,0.24257641283254802,3.3146690350583587
-0.22356765491639902,0.04210827413210156,1.0936416238063393,-1.3942959430869335,-0.22012138678536752
5.285523368066059,-1.393135488009289,-2.83569532159947,0.816060023674803,-0.051392824967296295
-1.3108285648177733,1.4553208853971324,0.1528804833463859,0.42615829303072605,-0.15108366943658477
0.03678154015955291,-0.3589729169248456,1.6644841965552388,-0.3563122791352084,-0.36725483727810015
2.9201215856289457,-0.8781961509337285,-0.0317221249986935,-0.0035070922186722308,-0.7907526802738781
-2.003338565516073,-0.08361572035495547,0.9740833517297551,0.22675430911549468,-0.5393212995111184
1.8950066566013823,4.157754870573225,2.1093094241874484,2.7071919670621822,2.2956833955458085
-3.029521131170991,-0.6556885538289967,0.01829518743620555,1.7471423123399032,-1.8405887816649171
1.5710928474707109,1.4009301103081258,0.4105504440492246,0.9729581185821219,-0.1851411944029251
2.155906967779776,-0.9706228262090008,0.6670392149286735,-0.4297855918185679,-0.292130775269249
-1.6007492074134113,0.7304917629461504,2.118534667572309,-0.13700973071228534,-0.41678504660236915
3.712358049604462,-1.020820499188674,-1.1893207846535134,0.6290069489597413,-0.890617141835283
5.4486192915778675,-0.848286030687567,-2.9194267561696194,0.9483270973755292,0.8101967432401166
2.3807319395759823,-1.3699043310084549,-0.10166349132581985,-0.3491473286400706,-0.5908592667528383
3.1803916728348116,4.748471552032926,2.0292386492160497,2.886151948936206,1.9097766291704559
3.7513839022075532,-1.7286747587292841,1.7612356761016033,-1.9756964677537376,-1.1770231965457782
0.002008232968061294,1.3025044562106305,0.4055265229579495,1.992019005515439,-0.5726732904085379
-0.5571358874585195,-0.7573714467736549,1.6516687063061974,-0.31730733775726416,-0.7536121389040256
2.8999300749970107,3.801890152984875,1.543452315780132,2.2014543260666852,1.6829321107778783
5.485975197758679,-1.9245213489989519,-1.912022858262071,0.4550929513536128,-1.1352175463221958
1.4600932293770688,1.8130633524075725,0.18598696712362955,0.37300375370554856,0.038831155986587415
1.665458259487299,0.8723664059322513,0.9652073184767431,0.1534832125589604,-0.17551028135726063
0.6935891478602499,-1.315830140292708,1.6878512345340626,-0.5930861625852356,-1.2875383020915403
2.853771601189632,-0.8195916262276011,0.40318695029858487,-0.7002559810483423,-0.1578458504190786
0.7236209598988896,0.07715065871574489,1.5143944840948944,-0.86804770462976,0.5585807504221719
4.0090236714109055,-1.978324254960496,-0.4496895173492267,-0.48676114489188527,-0.7245342432119157
3.3291463665490193,2.209495273685011,0.7390493267271627,0.8224638710783715,1.1174827923954118
0.8151974599086925,1.6498260735727033,0.7949869584475013,0.6922999411414084,0.11242489197121099
-0.3057732452782349,1.5206179708004208,0.35316911128638195,0.8191443422215311,-0.08524520826064354
-2.012081628585195,-0.11511945470675784,1.692550220533149,-0.25402681333533367,-0.5201409126888572
-0.9447978740754831,0.15579894952491807,1.3776902303300507,-0.7932765262962843,1.058301152486663
-1.4920974046661868,-1.796990317640374,1.0293780356253726,-2.324592483053496,3.386865398487028
-3.0677128465346266,-1.6813749372036335,0.4825386529340337,-0.6469678777580294,0.5778609755642791
3.003070578383293,1.6901413146718656,-0.13388708642698866,1.109286917864349,0.6489047737990956
2.7882363168316706,-1.2024252758199663,1.6691429324889049,-1.9561427114295715,-1.092165409545603
2.3061233691359164,1.2772965102397893,0.34677044118218353,0.597746985188754,0.2502621848000078
4.194903786099459,0.06378374389912674,-0.758262893420729,0.3362378049461975,0.05460334088866167
1.9159439793480502,2.3539115912859874,0.5888873250972425,1.3737472782307405,0.5460819043048382
0.3340626658066254,-0.7399067321517312,1.3290250391632668,-0.01793151600551155,-0.7176946442320652
-2.250342067033542,1.0215158861370264,0.4832587881317059,-0.22447032966489028,-0.08552738242512323
4.793142453355757,0.4805415184485636,-1.4139469640336744,0.44369295792058167,0.9166785305354056
4.410315902831552,2.7474915834060774,-1.20356291583195,0.7654476244927115,2.482431003232984
0.8157896717692559,1.704593642156081,0.5969500008964539,0.9422736738421227,-0.0905614038097544
2.0403516236195793,-0.6502249887361844,1.3438691100947682,-0.7256351692604938,-0.9838353327130849
4.830824606229316,-1.6654438427976044,0.5317543649182742,-1.1997350885488653,-0.5775650538168655
-1.9042908886046488,0.6410810491285925,1.5044543446492147,-0.3599030007016204,-0.6170034290257134
-3.111899485124652,-1.1170522883718386,-1.0247122262989663,1.0171538537054488,-0.22427908925790874
3.9868866867680888,-2.0859017791221643,2.1140260793849253,-3.3169157428826836,-1.1257653613381395
-1.8687052598486598,-0.05014100163991699,0.18103884864816022,0.11315458604699946,0.9869553284913789
-0.33453984952816557,-1.1245030284238813,1.0563764941378524,-0.44715866467293525,-0.9259485519250817
-0.5895434474418666,2.6576684514234814,1.1864548390788514,1.7463735243280982,0.021392794971048304
1.1667467862010281,-1.2080006705903494,0.9704509068341366,-1.7018904424557817,1.120451931199913
1.1984003370905805,2.262455734080872,1.2399248365370907,1.1442249991077997,0.5540722912876227
-0.1438133686967296,-0.6784633660937665,2.3118872908343113,-0.9435114959368521,-0.41087841030404243
5.553540491749307,-0.6266093422654928,-1.0398139966981466,-0.17283853589263962,0.06591481489219603
1.6047656295478783,-1.7064385937412385,1.0538388478493124,-0.6365034784102704,-1.1526718687232982
3.87220685865538,2.2012007708340504,-0.1905056043361418,1.2066363706424685,2.185387400801225
3.091270999721701,1.1622256917434786,-0.5839405881513373,0.37321819254711497,1.3900818447620376
0.6410227036454922,-0.6902627130599117,0.8187211867300634,0.06760032161566579,-0.7793159762365032
-1.5618432483884328,-0.29486858438048763,1.6499902989250825,-0.23341713815853243,-0.6016077930227295
-2.5220185358644995,-0.3069104207689184,0.15368435160451652,0.3000296034499656,0.38585931499183923
3.656609347715493,-0.9267748707095728,-1.0766234998602207,0.3265088754431629,-0.13031847124323603
2.375818364122951,4.756725127773819,2.013015912408718,3.284981849637608,1.4762961822122143
0.6915005220937382,-2.3752781554306224,1.9936999976835892,-1.6920637612107747,-0.9492789133366474
2.9410574850558304,-1.3256808809393177,0.6282519599679878,-1.0096928175379751,-1.4028940023170107
-0.8624873160138177,-0.34514316607322343,2.2646981220582094,-0.553540088638247,-0.7212642999432793
2.260076850860085,0.3602732390795023,0.9181615030161069,-0.2010041309194601,-0.34615983992625377
4.294085276558092,0.9543809036624199,-2.008431340512219,-0.17925959812184297,0.5432677216644375
-2.228640435425299,2.233528436919534,0.20354100499123481,0.020108554971024484,0.09689833073049464
4.628610122884481,-0.7557387982527136,-0.2572835149495932,0.051438710966924886,-0.9931183540807079
3.375337382704048,0.9177330166476759,-1.0085217276582563,1.1803456017545622,0.49235977102436085
3.84184174144949,-1.6147102794909676,0.3601157331925262,-0.7663749817829031,-0.8450867798154448
-0.6027617318460261,-0.7192980999922445,0.2616385882562061,-0.18901971430357592,0.1786564854315946
1.0797391879655547,-1.5481903158838466,2.174141431698383,-1.394149774200536,-0.8691434044534795
-1.6381597183151195,2.5211555215628954,1.0426541617956393,0.5443109923146238,0.4488917414206073
-1.8742692746343677,-0.35539874829891666,0.03353612133166497,0.667158999297358,-0.48159496268677277
-0.1561893734109633,1.6437013336027433,0.585619933565256,1.543477076856759,-0.2938408229280926
1.5049208720300489,-1.1799476206237218,2.0088026371095933,-1.2787576351388574,-0.8753652570033437
-3.307675632690643,-1.6035507550896164,-0.7549138332091179,0.45014349484641086,-0.7801453847387947
-1.844253458626333,-0.5994359796609517,0.632068850497733,0.1743200445605096,-0.295220972837269
0.15295959770932047,-1.5271774636514492,1.5269332867688552,-0.8823304251627494,-0.4920320425157073
-2.185772970703763,0.9227800062606136,0.26812046735038275,-1.372917385951008,0.5743206406544767
-1.589378948984391,-1.004087057919144,0.9979096936284655,-0.24439058278563994,-0.16161081243874692
1.496939838507113,0.27443385166532064,0.9927297802334141,-0.25601391010090785,-0.39099775674587994
2.5169848500577876,2.5454226460507647,2.0392416134093887,1.010186850366016,1.0898418888977452
1.1194136217601114,3.8796783375986053,1.3002933226913462,0.8633480270754956,0.2924197127182377
2.548486329478879,-2.1025245723557338,1.596091802148147,-1.987305399145891,-0.8932425667460326
5.279895281699421,-1.4049729759643614,-2.56107554551462,0.8942782092139239,-0.33300004391411014
-2.4452842919972575,-0.09395846946176946,-0.694739157117136,1.306335093823069,-0.6254069224045288
0.8621698795063094,-1.8555089965969855,0.985278528708529,-1.176122000858377,-0.3585202779558821
5.452806810021382,-0.28020779168019744,-2.189411628713382,-1.9893466825961907,-0.20105642842026722
2.771863839362351,-1.382870037091831,1.5835766315097957,-2.438360495809239,0.003229052841046232
3.4774426006296935,-1.289738617459869,0.1983840045484011,-0.6662413602965175,-0.43518929013039154
-1.9535064351110034,-1.3212343137965321,1.5436528935337401,-1.8445201906247553,2.1318801499427416
1.3734784242809013,1.6067982937219552,-0.09748168760857925,0.6663942185293141,0.2573247411146292
2.7458029090799063,-1.4754885382288718,0.14247477264713648,-0.4639515243771,-0.41670553129180626
0.775837579683276,-0.8713612856400308,0.26813488062916435,1.2404919572277526,-1.8458410484982704
1.329900926553867,1.3660155458531202,0.41065686857550876,0.9436802961050448,-0.17583095420721373
-1.2378081276963795,-0.8981378386757148,1.5129512003023011,-0.7160536635901207,0.09644933320696757
5.835831920138181,-1.9236456397845425,0.19161048236900494,-2.6534477415981637,-0.5937265808771112
-2.001299823067763,-0.6895203756638569,1.3515783382149384,-0.47928368384205516,-0.18888774500343547
3.2271743886493534,0.9546420767166144,-0.8151189525356483,1.047393569500302,0.6000993405140114
3.0664366771939298,-2.8000107684487543,0.6345394641261755,-2.0585484546200576,-0.6489195785869923
0.25417438732662245,0.8947689258743748,1.1846040717664466,-0.2534259982331733,-0.07575925189846557
0.4631270832751477,1.2670193660459637,-0.742669304383773,-1.0559662715461118,-0.7088499159773323
-1.1173288302669713,0.4011110879538559,2.1202926430095608,-0.6934809258834836,-0.7723135160937156
2.927889841920042,-1.4671881654817802,-0.5596723219110762,0.8239918161403671,-1.7976458503634498
0.9816635364045827,1.4989060512152355,0.9032486649689982,0.918428240033759,-0.014544475559914305
2.144716917627648,-2.278977188556485,1.402278960157489,-1.9363483243624762,-0.2794703327425519
-0.01504731435240471,-0.8320712811700677,0.22837139733344397,1.066147142768272,-0.9995699303673176
6.552171777682766,-0.70720584469618,-2.878064589222225,0.014787020669835203,1.780947009388583
-2.2868708866303367,-0.8172973823720073,-0.20720503330620962,0.7541795573760915,-0.5913447171088121
-1.5368656702301577,-0.025424181155922675,-0.5671640004156515,0.9387061621580284,-0.3507930771586696
4.078711613133774,1.4329296534010834,-1.4799918202734237,0.5766955111349223,2.00637687961714
-0.055302881284775736,-1.3873710120257992,0.9439224436037688,0.5779705647784718,-1.7474814419431013
1.1758876646080842,0.8237776731311117,0.6802971597902457,0.5614449827720752,-0.2632158761131373
7.255970639547885,-2.1809627228969144,-4.254091856928188,1.3972499956612987,-0.20073723191770704
-2.714192207179998,2.4238617643881484,-2.0247005904623645,-3.4896392750904406,-0.23403139764750888
-0.02778729771400669,-0.5391734687010326,1.6660209246177762,-1.4629432736780432,-0.6988036934915277
-0.45813937942925437,-0.8561598601844096,-0.268410913100356,1.644514712310099,-1.6952884557894798
0.21416906615839063,-1.7359248193238441,0.38327380481757806,-0.10044804848882255,-0.625916402804074
3.6223890421785483,2.395975739022596,-3.2609887202938284,-3.885676752843196,0.02604892801635878
-3.2438528945687293,-0.804074443458599,0.5063029861874201,-0.23027220414985955,0.2023914980768329
1.9870966676510327,2.9801676344562225,1.1812547916479714,2.098921705580463,0.6479772501984533
3.3824812872507826,0.9294989899814994,-0.7551949628552653,1.3089235278709104,0.41561655255576196
1.1932848794687267,4.894546259135899,2.0058642128168342,2.531630250145029,0.8757879605187879
0.835848673053886,-0.7119531375368167,0.9769218889280942,0.14445791093245164,-0.8988899309433764
2.3629157074152385,2.0635054701332596,0.37820802503385126,1.5172808270039593,0.5527996074371453
2.4456513067837014,1.5386235150402434,-0.02222865583950532,0.7049956940302468,0.3862964922643863
6.264563158882629,-1.5769444311890266,-3.361771419393288,0.4468256901017112,1.3772078152366811
4.558284327581088,-2.0837723070387386,0.29754674899336386,-1.177820440326792,-0.5499024613908503
4.7100725029396635,-1.0666200409904254,-1.7478925271604144,0.6313845114544667,-0.6824380350428312
4.593961703032335,-1.1901084994923579,-0.10418435787585402,-0.4066953114786991,-0.7927275169720528
2.7400587016932336,3.1217050757031517,-2.214730389686913,-1.0879420845940067,0.9536891416372614
1.0331263974828506,2.113866750093198,-0.13755824518579396,0.01540896599079323,-0.7401531521040495
3.1298602971552016,-0.824121050531811,0.525672937684171,-0.35876033418600956,-0.8135875847800816
0.11556065263865062,-1.1348543832187992,1.3558632283994356,-0.3172271697255501,-0.8138420664945827
-2.690829978030352,-0.8353607715145038,-0.5764382387624402,0.16292503761038118,1.2559346519388435
3.4391401738593923,-1.1424009980678698,-0.7192447597927,0.40358002719162384,-1.0488435868397266
0.14761989022916594,-1.0900137878197231,1.1065853154708125,-0.48400339083274363,-0.36839249693639575
3.1190312300377965,0.7723282489525819,-0.0771950689932116,0.11363132226186345,-0.14092525046842877
4.4791148057024275,-1.7914903780669218,-1.9437975479254728,0.2783356526209674,-0.2283522112679654
0.2159417945914456,2.015835984073925,0.8731177601683003,0.7237877377542757,0.08134042660383753
2.3017357075352383,1.8343324882008627,0.3627723080644788,1.5336816365389603,0.10517920848677298
1.3615788422980422,-1.008798137018615,0.22051642463394447,0.524134669020578,-1.2691925864278595
-0.03903345447180377,-1.5847659209057525,1.8891059591838661,-1.1425238699918936,-0.6493625912021345
3.7875980883890414,-1.7664003464183915,0.875665476209856,-1.3152557615027234,-0.5577972967823183
0.2964020545084831,1.8857163449372656,0.7436628731228585,0.7605700137380582,0.0754457035321845
3.1914007153070387,0.3602519544425057,0.15709267870759533,0.15226106158312702,-0.22486072946052293
0.4943366373637433,1.58847647649186,0.5487362340338926,0.8154645589912612,-0.06536742256635798
4.887231816194017,-1.219630674400846,-1.8287936192820327,0.9021133966418977,-1.110664100370621
-2.27639230757316,-0.3642960740142421,-0.22746238477684114,0.7345036316352901,-0.14746720300044538
0.9852096944659139,2.657444258593846,1.1250453474634852,1.6526508628358854,0.3528570862600233
2.5162320602108528,0.7047350916090733,0.5418679814595737,0.31559240456468995,0.18234891250952726
1.926658714557567,0.17608458336980565,1.1481670956129206,-0.33530695171360636,-0.39427604898625007
1.7096005582707212,5.448113243216493,-0.8613808319401355,0.13724858277013277,2.0091164253478193
1.8296120712761499,-0.030109610132952738,1.114576278926702,-1.2442074591643388,-0.8052928971174723
1.3080272844939123,0.544930575399147,0.8983713566589703,0.47081072670947205,-0.2784729424788968
-0.31250018756300063,1.618268411186184,0.3491714261364545,0.8518268200723405,-0.12658880809425743
4.7278903128158,-1.587180945538979,-1.5136364465071819,0.3092172343049687,-0.5717665998345389
0.11942584096844373,1.8105104468485407,0.6897206616152577,0.7204733358414448,0.06903151974140471
3.946702525710737,-0.8402567283733481,0.06482469816203348,-0.22135764967573357,-0.8454754237434363
4.0288692572913805,0.9577083777515367,-0.4250538354257825,0.4091876528814899,0.5399962372135044
2.6579520962795886,1.7520458762804778,1.0333829518909823,0.9549168994403294,0.7950480369459028
0.17162010474944653,-1.6672782669364905,2.119023866004202,-1.3033587201160062,-0.8456562524148117
-2.342962609118881,-1.186134561436881,1.2798898910808727,-1.9740872079839764,3.1865826267880006
6.585024940322345,-1.213448637692665,-2.4626437521494577,0.17526851187519166,0.16485463045196216
-1.0591439818355033,0.2899562850338531,1.3873902487753504,-0.4473503567549996,-0.3241415778530035
3.845160336098623,0.7056880636384466,-1.0590332918235936,1.2221685686635575,0.340555167416615
4.152743422196797,-1.153303440130205,-1.1514741261989427,0.35290044441230395,-0.912212570466381
3.5940715233313942,-0.9902360097221223,-1.643424483069464,-0.013021703512829422,1.4788425279311828
3.59303929038651,-1.5723167829697198,-0.7475606185625628,0.11956133815949868,-1.0274381671034367
-0.5711368346543846,1.2945382139280819,0.8304891175921927,-0.25449557762359426,-0.6919938612667264
3.531341899791692,-0.5351628866862884,-0.7437030128151547,0.1946557376583026,-0.33249593412389655
3.223326294258137,-1.1340202499319598,0.4987104618008982,-0.6062412657429185,-1.0630487871485295
1.9902104408548702,-1.516541312206749,1.471325696522022,-1.2268003312143232,-0.6287470227689738
2.6314137152520516,-1.0769791818102004,1.0046215851130482,-0.6796061979957129,-1.065725957293736
3.43032753872353,-0.6995788024770816,0.1493733528579007,-0.7570891678895013,-0.12267509377629768
1.750845283444609,-1.0705304818069372,0.7965519338578295,-0.532571878426661,-0.8447245574081291
-1.4255961958048589,2.730394381474369,-1.156167884889387,-0.5420457289138818,-1.7800286001436598
1.013086005287936,2.971940858952113,2.0598918650656186,1.9026502079607932,0.6082503059520847
2.9152408651458552,1.0121339199519537,-0.029956869753749435,1.3295033258914304,-0.49727217902619664
3.1018031039910134,2.3133004481290738,-1.6660275836165213,0.20313684523098133,1.418004460017468
5.964130689475041,-0.7419841702377046,-3.2023248335787295,0.41797463307359883,2.2145404770813943
2.2151084015189593,1.8165726628055079,-0.05596906002846791,1.3242860866349973,0.4835792022532228
3.4429387384445587,1.1036700457608302,-1.062991518944144,1.191002387912199,0.8133624516127863
1.2300670923434103,2.160184138943944,0.7505164528158653,1.276944356962974,0.08817498004196449
-2.249717729194079,2.9429142403210364,-2.367899278576079,-2.2286584972548207,-1.4759879076877622
-2.3561524538752825,-0.8016832854059356,-1.4349867769068503,2.0282454679238535,-0.7726777540231248
0.5381116688392472,-1.653433706618245,1.6464858983764732,-0.4407976653425169,-1.469083468360627
1.5566036438371251,1.821945138786381,-0.8442772972159298,0.05391024826759138,1.1751074706951303
3.7644565445886995,-0.0836606232848748,-1.7991928731654814,0.2847940759795604,1.9154076533308977
0.4378631957861947,-0.17746084104547452,1.597118645447912,-0.26642069019042686,-0.724291239212559
-2.5510112618278558,-0.8691513423330276,-0.7372315790436104,0.9789047580497267,-0.7123412000065938
-2.7710352985932807,-0.848071541453319,-0.5316484061374963,0.4316358552387004,0.6149036655076554